symbol,count
BBAS3T,134
VALE3T,128
PETR4T,90
WEGE3T,69
CSAN3T,64
SPXR11T,63
BRAV3T,56
USIM5T,52
AZUL4T,51
MGLU3T,51
BBSE3T,46
BOVA11T,46
BBDC4T,45
EMBR3T,43
PRIO3T,43
VAMO3T,42
CMIG4T,35
BRKM5T,34
GFSA3T,34
ITSA4T,33
BEEF3T,32
INBR32T,31
COGN3T,30
HAPV3T,29
MRVE3T,29
RAIZ4T,29
SIMH3T,29
ITUB4T,28
BHIA3T,27
KEPL3T,27
SUZB3T,27
JBSS32T,26
CXSE3T,25
MOVI3T,24
A1AP34,23
A1LB34,23
A1MD34,23
A1MT34,23
A1NE34,23
A1RE34,23
A1ZN34,23
A2XO34,23
AAGR11,23
AALL34,23
AALR3,23
AALR3F,23
AAPL34,23
AAZQ11,23
ABBV34,23
ABCB4,23
ABCB4F,23
ABCP11,23
ABEV3,23
ABEV3F,23
ABEVH132,23
ABEVH140,23
ABEVH142,23
ABEVH145,23
ABEVH15,23
ABEVH16,23
ABEVT127,23
ABEVT130,23
ABEVT132,23
ABEVT135,23
ABEVT140,23
ABEVT15,23
ACWI11,23
ADBE34,23
AERI3,23
AERI3F,23
AFHI11,23
AFLT3F,23
AGRI11,23
AGRO3,23
AGRO3F,23
AGRX11,23
AGXY3,23
AGXY3F,23
AIEC11,23
AIRB34,23
AJFI11,23
ALLD3,23
ALLD3F,23
ALOS3,23
ALOS3F,23
ALPA3,23
ALPA3F,23
ALPA4,23
ALPA4F,23
ALPK3,23
ALPK3F,23
ALUG11,23
ALUP11,23
ALUP11F,23
ALUP3,23
ALUP3F,23
ALUP4,23
ALUP4F,23
ALZC11,23
ALZR11,23
AMAR11F,23
AMAR3,23
AMAR3F,23
AMBP3,23
AMBP3F,23
AMER3,23
AMER3F,23
AMOB3,23
AMOB3F,23
AMZO34,23
ANIM3,23
ANIM3F,23
APTO11,23
APXM11,23
ARGT39,23
ARML3,23
ARML3F,23
ARMT34,23
ARNC34,23
AROA11,23
ARRI11,23
ARXD11,23
ASAI3,23
ASAI3F,23
ASAIT105,23
ASML34,23
ATED3,23
ATED3F,23
ATTB34,23
AURA33,23
AURE3,23
AURE3F,23
AUVP11,23
AVGO34,23
AVLL3,23
AVLL3F,23
AXPB34,23
AZEV11,23
AZEV3,23
AZEV3F,23
AZEV4,23
AZEV4F,23
AZIN11,23
AZPL11,23
AZTE3,23
AZTE3F,23
AZUL11,23
AZUL11F,23
AZUL4,23
AZUL4F,23
AZULH100,23
AZZA3,23
AZZA3F,23
B1AM34,23
B1NT34,23
B1PP34,23
B1TI34,23
B2HI34,23
B2YN34,23
B3SA3,23
B3SA3F,23
B3SAH122,23
B3SAH127,23
B3SAH132,23
B3SAH134,23
B3SAH137,23
B3SAH140,23
B3SAH142,23
B3SAH144,23
B3SAH147,23
B3SAH149,23
B3SAH152,23
B3SAH154,23
B3SAH157,23
B3SAT125,23
B3SAT127,23
B3SAT129,23
B3SAT132,23
B3SAT134,23
B3SAT137,23
B3SAT140,23
B3SAT142,23
BAAX39,23
BABA34,23
BACW39,23
BAZA3,23
BAZA3F,23
BBAS3,23
BBAS3F,23
BBASA211,23
BBASE13,23
BBASH204,23
BBASH209,23
BBASH211,23
BBASH214,23
BBASH216,23
BBASH221,23
BBASH224,23
BBASH226,23
BBASH229,23
BBASH231,23
BBASH236,23
BBASH239,23
BBASH240,23
BBASH241,23
BBASH242,23
BBASH244,23
BBASH246,23
BBASH249,23
BBASH25,23
BBASH259,23
BBASH26,23
BBASH261,23
BBASH264,23
BBASH269,23
BBASH271,23
BBASH49,23
BBASH580,23
BBASI222,23
BBASI225,23
BBASI227,23
BBASI230,23
BBASI232,23
BBASI235,23
BBASI240,23
BBASI242,23
BBASI245,23
BBASI247,23
BBASI252,23
BBASI26,23
BBASL251,23
BBASM45,23
BBAST179,23
BBAST181,23
BBAST184,23
BBAST186,23
BBAST189,23
BBAST191,23
BBAST194,23
BBAST196,23
BBAST199,23
BBAST200W1,23
BBAST201,23
BBAST204,23
BBAST209,23
BBAST211,23
BBAST214,23
BBAST215W1,23
BBAST216,23
BBAST221,23
BBAST224,23
BBAST226,23
BBAST229,23
BBAST231,23
BBAST236,23
BBAST239,23
BBAST240,23
BBAST241,23
BBAST242,23
BBAST244,23
BBAST246,23
BBAST249,23
BBAST25,23
BBAST259,23
BBAST261,23
BBAST264,23
BBAST269,23
BBAST270,23
BBAST271,23
BBAST274,23
BBAST275,23
BBAST49,23
BBAST580,23
BBASU195,23
BBASU197,23
BBASU200,23
BBASU205,23
BBASU207,23
BBASU210,23
BBASU212,23
BBASU215,23
BBASU217,23
BBASU220,23
BBASU222,23
BBASU225,23
BBASU227,23
BBASU240,23
BBASU250,23
BBASV201,23
BBASW196,23
BBASX193,23
BBASX223,23
BBDC3,23
BBDC3F,23
BBDC4,23
BBDC4F,23
BBDCH125,23
BBDCH13,23
BBDCH135,23
BBDCH141,23
BBDCH145,23
BBDCH146,23
BBDCH147,23
BBDCH148,23
BBDCH149,23
BBDCH150,23
BBDCH152,23
BBDCH155,23
BBDCH156,23
BBDCH157,23
BBDCH16,23
BBDCH162,23
BBDCH164,23
BBDCH167,23
BBDCH17,23
BBDCH170,23
BBDCH175,23
BBDCH178,23
BBDCH18,23
BBDCH180,23
BBDCH182,23
BBDCH185,23
BBDCH189,23
BBDCH190,23
BBDCH193,23
BBDCI175,23
BBDCI179,23
BBDCI185,23
BBDCT138,23
BBDCT141,23
BBDCT147,23
BBDCT149,23
BBDCT152,23
BBDCT155,23
BBDCT157,23
BBDCT16,23
BBDCT162,23
BBDCT164,23
BBDCT167,23
BBDCT17,23
BBDCT170,23
BBDCT189,23
BBDCU16,23
BBFI11,23
BBFO11,23
BBGO11,23
BBIG11,23
BBOI11,23
BBOV11,23
BBRC11,23
BBSD11,23
BBSE3,23
BBSE3F,23
BBSEH357,23
BBSEH359,23
BBSEH362,23
BBSEH364,23
BBSEH367,23
BBSEH369,23
BBSEH372,23
BBSEH374,23
BBSEH377,23
BBSEH379,23
BBSEH384,23
BBSET339,23
BBSET342,23
BBSET344,23
BBSET347,23
BBSET349,23
BBSET352,23
BBSET354,23
BBSET357,23
BBSET362,23
BBSET369,23
BBSET372,23
BBSET374,23
BCHI39,23
BCIA11,23
BCIC11,23
BCPX39,23
BCRI11,23
BCSA34,23
BDEF11,23
BDIF11,23
BDIV11,23
BDOM11,23
BEEF11,23
BEEF11F,23
BEEF3,23
BEEF3F,23
BEEFH521,23
BEEFH541,23
BEEFH551,23
BEEFH571,23
BEEFH601,23
BEEFH670,23
BEEFH700,23
BEEFT496,23
BEEFT521,23
BEEM39,23
BEES3,23
BEES3F,23
BEES4,23
BEES4F,23
BERK34,23
BEWG39,23
BEWJ39,23
BFXI39,23
BGIP4F,23
BGOV39,23
BHIA3,23
BHIA3F,23
BHIAT320,23
BIAU39,23
BIDB11,23
BIDU34,23
BIEM39,23
BIEU39,23
BIME11,23
BINC11,23
BIOM3,23
BIOM3F,23
BITH11,23
BITI11,23
BIVB39,23
BIVE39,23
BIWM39,23
BIYW39,23
BIZD11,23
BKNG34,23
BLAK34,23
BLAU3,23
BLAU3F,23
BLMG11,23
BLOK11,23
BLQD39,23
BMEB3F,23
BMEB4,23
BMEB4F,23
BMGB4,23
BMGB4F,23
BMIN4F,23
BMMT11,23
BMOB3,23
BMOB3F,23
BNBR3F,23
BNDA39,23
BNDX11,23
BNFS11,23
BOAC34,23
BOBR4,23
BOBR4F,23
BODB11,23
BOTZ39,23
BOVA11,23
BOVAB130,23
BOVAE70,23
BOVAH10,23
BOVAH109,23
BOVAH11,23
BOVAH113,23
BOVAH114,23
BOVAH116,23
BOVAH117,23
BOVAH119,23
BOVAH12,23
BOVAH121,23
BOVAH122,23
BOVAH123,23
BOVAH124,23
BOVAH126,23
BOVAH127,23
BOVAH128,23
BOVAH129,23
BOVAH13,23
BOVAH131,23
BOVAH132,23
BOVAH133,23
BOVAH135,23
BOVAH137,23
BOVAH138,23
BOVAH139,23
BOVAH140,23
BOVAH141,23
BOVAH142,23
BOVAH143,23
BOVAH144,23
BOVAH145,23
BOVAH18,23
BOVAH19,23
BOVAH22,23
BOVAH24,23
BOVAH34,23
BOVAH631,23
BOVAH9,23
BOVAI100,23
BOVAI115,23
BOVAI120,23
BOVAI13,23
BOVAI131,23
BOVAI132,23
BOVAI133,23
BOVAI134,23
BOVAI136,23
BOVAI137,23
BOVAI138,23
BOVAI139,23
BOVAI17,23
BOVAI19,23
BOVAI24,23
BOVAI27,23
BOVAI28,23
BOVAI29,23
BOVAI30,23
BOVAI9,23
BOVAL12,23
BOVAL120,23
BOVAL140,23
BOVAL150,23
BOVAL201,23
BOVAT10,23
BOVAT109,23
BOVAT11,23
BOVAT112,23
BOVAT113,23
BOVAT114,23
BOVAT116,23
BOVAT117,23
BOVAT119,23
BOVAT12,23
BOVAT121,23
BOVAT122,23
BOVAT123,23
BOVAT124,23
BOVAT126,23
BOVAT127,23
BOVAT128,23
BOVAT129,23
BOVAT13,23
BOVAT131,23
BOVAT132,23
BOVAT133,23
BOVAT135,23
BOVAT137,23
BOVAT138,23
BOVAT139,23
BOVAT140,23
BOVAT141,23
BOVAT142,23
BOVAT143,23
BOVAT144,23
BOVAT149,23
BOVAT18,23
BOVAT34,23
BOVAT631,23
BOVAU100,23
BOVAU123,23
BOVAU13,23
BOVAU131,23
BOVAU132,23
BOVAU133,23
BOVAU134,23
BOVAU136,23
BOVAU137,23
BOVAU139,23
BOVAU14,23
BOVAU24,23
BOVAX130,23
BOVAX135,23
BOVAX140,23
BOVAX15,23
BOVAX150,23
BOVAX160,23
BOVAX2,23
BOVB11,23
BOVS11,23
BOVV11,23
BOVX11,23
BPAC11,23
BPAC11F,23
BPAC3,23
BPAC3F,23
BPAC5,23
BPAC5F,23
BPACH401,23
BPACH404,23
BPACH406,23
BPACH409,23
BPACH419,23
BPACH421,23
BPACH424,23
BPACH431,23
BPACH439,23
BPACT376,23
BPACT384,23
BPACT389,23
BPACT409,23
BPAN4,23
BPAN4F,23
BPFF11,23
BPML11,23
BQYL39,23
BRAP3,23
BRAP3F,23
BRAP4,23
BRAP4F,23
BRAPH164,23
BRAPH17,23
BRAPH175,23
BRAPH180,23
BRAPH182,23
BRAPT157,23
BRAPT160,23
BRAPT165,23
BRAPT167,23
BRAPT172,23
BRAV3,23
BRAV3F,23
BRAVH176,23
BRAVH186,23
BRAVH188,23
BRAVH191,23
BRAVH193,23
BRAVH196,23
BRAVH198,23
BRAVH201,23
BRAVH203,23
BRAVH208,23
BRAVT168,23
BRAVT171,23
BRAVT173,23
BRAVT176,23
BRAVT178,23
BRAVT181,23
BRAVT183,23
BRAVT198,23
BRAVT32,23
BRAX11,23
BRBI11,23
BRBI11F,23
BRCO11,23
BRCR11,23
BREW11,23
BRFS3,23
BRFS3F,23
BRFST197,23
BRIM11,23
BRKM3,23
BRKM3F,23
BRKM5,23
BRKM5F,23
BRKM6F,23
BRKMH107,23
BRKMT890,23
BRKMT910,23
BROF11,23
BRSR3,23
BRSR3F,23
BRSR6,23
BRSR6F,23
BRST3,23
BRST3F,23
BRXC11,23
BRZP11,23
BSDV39,23
BSHV39,23
BSIL39,23
BSLI4,23
BSLI4F,23
BSLV39,23
BTAG11,23
BTAL11,23
BTCI11,23
BTHF11,23
BTHI11,23
BTLG11,23
BTLT39,23
BTRA11,23
BTYU11,23
BURA39,23
BXPO11,23
C2OI34,23
C2OL34,23
C2RW34,23
CACR11,23
CAMB3,23
CAMB3F,23
CAML3,23
CAML3F,23
CARE11,23
CASA11,23
CASH3,23
CASH3F,23
CATP34,23
CBAV3,23
CBAV3F,23
CCME11,23
CCTY3F,23
CDII11,23
CEAB3,23
CEAB3F,23
CEBR3,23
CEBR3F,23
CEBR5F,23
CEBR6,23
CEBR6F,23
CEEB3F,23
CEOC11,23
CGAS3F,23
CGAS5F,23
CGRA3F,23
CGRA4,23
CGRA4F,23
CHIP11,23
CHVX34,23
CLIN11,23
CLSC4,23
CLSC4F,23
CMCS34,23
CMDB11,23
CMIG3,23
CMIG3F,23
CMIG4,23
CMIG4F,23
CMIGH113,23
CMIGH114,23
CMIGH116,23
CMIGH117,23
CMIGH122,23
CMIGH125,23
CMIGT10,23
CMIGT106,23
CMIGT109,23
CMIGT114,23
CMIGT116,23
CMIGU115,23
CMIN3,23
CMIN3F,23
CMINH507,23
CMINH517,23
CMINH537,23
CMINH557,23
CMINT470,23
CMINT490,23
CMINT497,23
CMINT500,23
CMINT507,23
CMINT517,23
CNES11,23
COCA34,23
COCE5,23
COCE5F,23
COGN3,23
COGN3F,23
COGNH300,23
COGNH303,23
COGNT253,23
COGNT270,23
COGNT273,23
COGNT283,23
COIN11,23
COLG34,23
COPH34,23
COPN11,23
CORN11,23
COWC34,23
CPFE3,23
CPFE3F,23
CPLE3,23
CPLE3F,23
CPLE5F,23
CPLE6,23
CPLE6F,23
CPLEH123,23
CPLET113,23
CPLET118,23
CPLET120,23
CPLG11,23
CPSH11,23
CPTI11,23
CPTR11,23
CPTS11,23
CPUR11,23
CRAA11,23
CRFF11,23
CRPG5F,23
CRPT11,23
CSAN3,23
CSAN3F,23
CSANH705,23
CSANT655,23
CSANT675,23
CSANT685,23
CSANT705,23
CSCO34,23
CSED3,23
CSED3F,23
CSMG3,23
CSMG3F,23
CSNA3,23
CSNA3F,23
CSNA3T,23
CSNAH799,23
CSNAH819,23
CSNAH849,23
CSNAH899,23
CSNAH909,23
CSNAT759,23
CSNAT779,23
CSNAT799,23
CSNAT819,23
CSNAT859,23
CSUD3,23
CSUD3F,23
CTAX3F,23
CTGP34,23
CTSA3F,23
CTSA4F,23
CTXT11,23
CURY3,23
CURY3F,23
CVBI11,23
CVCB3,23
CVCB3F,23
CVSH34,23
CXAG11,23
CXCE11,23
CXCI11,23
CXCO11,23
CXRI11,23
CXSE3,23
CXSE3F,23
CXSEH147,23
CXSEH150,23
CXSET145,23
CYCR11,23
CYRE3,23
CYRE3F,23
CYREH261,23
CYREH264,23
CYREH274,23
CYREH280,23
CYREH290,23
CYRET240,23
CYRET244,23
CYRET250,23
CYRET260,23
CYRET270,23
D1DG34,23
D1EL34,23
D1OW34,23
DAMA11,23
DASA3,23
DASA3F,23
DCRA11,23
DEEC34,23
DEFI11,23
DEOP34,23
DESK3,23
DESK3F,23
DEVA11,23
DEXP3,23
DEXP3F,23
DEXP4F,23
DGCO34,23
DIRR3,23
DIRR3F,23
DISB34,23
DIVD11,23
DIVO11,23
DIVS11,23
DMVF3,23
DMVF3F,23
DOLA11,23
DOLB11,23
DOTZ3,23
DOTZ3F,23
DPRO11,23
DVFF11,23
DXCO3,23
DXCO3F,23
E1CO34,23
E1QN34,23
E2NP34,23
EALT3F,23
EALT4,23
EALT4F,23
ECOO11,23
ECOR3,23
ECOR3F,23
EDGA11,23
EGAF11,23
EGIE3,23
EGIE3F,23
EGIET421,23
EGIET432,23
EGIET44,23
EGYR11,23
EKTR4F,23
ELAS11,23
ELET3,23
ELET3F,23
ELET6,23
ELET6F,23
ELETH420,23
ELETT400,23
ELETT402,23
EMAE4,23
EMAE4F,23
EMBR3,23
EMBR3F,23
EMBRH779,23
EMBRH799,23
EMBRH804,23
EMBRH809,23
EMBRH824,23
EMBRH829,23
EMBRH839,23
EMBRH849,23
EMBRH859,23
EMBRH869,23
EMBRH939,23
EMBRH969,23
EMBRT640,23
EMBRT650,23
EMBRT664,23
EMBRT670,23
EMBRT680,23
EMBRT690,23
EMBRT699,23
EMBRT704,23
EMBRT709,23
EMBRT719,23
EMBRT734,23
EMBRT749,23
EMET11,23
ENEV3,23
ENEV3F,23
ENGI11,23
ENGI11F,23
ENGI3,23
ENGI3F,23
ENGI4,23
ENGI4F,23
ENJU3,23
ENJU3F,23
EPAR3,23
EPAR3F,23
EQIR11,23
EQIX34,23
EQPA3,23
EQPA3F,23
EQTL3,23
EQTL3F,23
ESGB11,23
ESPA3,23
ESPA3F,23
ETER3,23
ETER3F,23
ETHA39,23
ETHE11,23
EUCA3F,23
EUCA4,23
EUCA4F,23
EURO11,23
EVEN3,23
EVEN3F,23
EVTC31,23
EXES11,23
EXIF11,23
EXXO34,23
EZTC3,23
EZTC3F,23
FAED11,23
FAMB11,23
FATN11,23
FCFL11,23
FCXO34,23
FDMO34,23
FESA4,23
FESA4F,23
FGAA11,23
FHER3,23
FHER3F,23
FICT3,23
FICT3F,23
FIGS11,23
FIIB11,23
FIIP11,23
FIND11,23
FIQE3,23
FIQE3F,23
FIVN11,23
FIXX11,23
FLCR11,23
FLMA11,23
FLRP11,23
FLRY3,23
FLRY3F,23
FNAM11,23
FOMO11,23
FRAS3,23
FRAS3F,23
FSPE11F,23
FSRF11F,23
FSTU11F,23
FTCA11,23
FVPQ11,23
FYTO11,23
G1DS34,23
G2DI33,23
GAME11,23
GARE11,23
GCRA11,23
GCRI11,23
GENB11,23
GEOO34,23
GEPA3F,23
GEPA4F,23
GFSA3,23
GFSA3F,23
GGBR3,23
GGBR3F,23
GGBR4,23
GGBR4F,23
GGBRH166,23
GGBRH168,23
GGBRH171,23
GGBRH173,23
GGBRH176,23
GGBRH178,23
GGBRH181,23
GGBRH192,23
GGBRT153,23
GGBRT156,23
GGBRT158,23
GGBRT161,23
GGBRT164,23
GGBRT166,23
GGPS3,23
GGPS3F,23
GGRC11,23
GLDX11,23
GLOG11,23
GMAT3,23
GMAT3F,23
GMCO34,23
GOAT11,23
GOAU3,23
GOAU3F,23
GOAU4,23
GOAU4F,23
GOAUH100,23
GOAUH102,23
GOAUH947,23
GOAUH967,23
GOAUT907,23
GOAUT947,23
GOGL34,23
GOGL35,23
GOLD11,23
GOLL54,23
GOLL54F,23
GOVE11,23
GPIV33,23
GPRK34,23
GPUS11,23
GRND3,23
GRND3F,23
GRUL11,23
GRWA11,23
GSFI11,23
GSGI34,23
GTWR11,23
GUAR3,23
GUAR3F,23
GZIT11,23
H1SB34,23
HABT11,23
HAGA4,23
HAGA4F,23
HAPV3,23
HAPV3F,23
HASH11,23
HBOR3,23
HBOR3F,23
HBRE3,23
HBRE3F,23
HBSA3,23
HBSA3F,23
HCRI11,23
HCTR11,23
HFOF11,23
HGBL11,23
HGBS11,23
HGCR11,23
HGFF11,23
HGIC11,23
HGLG11,23
HGPO11,23
HGRE11,23
HGRU11,23
HIGH11,23
HLOG11,23
HODL11,23
HOFC11,23
HOME34,23
HOOT4F,23
HPQB34,23
HREC11,23
HSAF11,23
HSLG11,23
HSML11,23
HSRE11,23
HTMX11,23
HYPE3,23
HYPE3F,23
HYPET262,23
IAAG11,23
IAGR11,23
IBBP11,23
IBCR11,23
IBIT39,23
IBMB34,23
IBOB11,23
IBOVH140,23
IBOVT134,23
ICRI11,23
IFCM3,23
IFCM3F,23
IFRA11,23
IFRI11,23
IGTI11,23
IGTI11F,23
IGTI3,23
IGTI3F,23
INBR32,23
INEP3,23
INEP3F,23
INEP4,23
INLG11,23
INRD11,23
INTB3,23
INTB3F,23
IRBR3,23
IRBR3F,23
IRBRH470,23
IRBRH480,23
IRBRH50,23
IRBRT400,23
IRBRT440,23
IRDM11,23
IRIF11,23
IRIM11,23
ISAE3,23
ISAE3F,23
ISAE4,23
ISAE4F,23
ISAEH236,23
ISAEH241,23
ISAEH246,23
ISAET240,23
ISEN11,23
ISUS11,23
ITIP11,23
ITIT11,23
ITLC34,23
ITRI11,23
ITSA3,23
ITSA3F,23
ITSA4,23
ITSA4F,23
ITSAH102,23
ITSAH104,23
ITSAH109,23
ITSAH111,23
ITSAH120,23
ITSAH128,23
ITSAI109,23
ITSAT102,23
ITSAT104,23
ITSAT109,23
ITSAT111,23
ITSAT120,23
ITUB3,23
ITUB3F,23
ITUB4,23
ITUB4F,23
ITUBH377,23
ITUBH378,23
ITUBH379,23
ITUBH38,23
ITUBH382,23
ITUBH39,23
ITUBH392,23
ITUBH393,23
ITUBH396,23
ITUBH398,23
ITUBH40,23
ITUBH400,23
ITUBH401,23
ITUBH402,23
ITUBH403,23
ITUBH406,23
ITUBH408,23
ITUBH411,23
ITUBH413,23
ITUBH416,23
ITUBT378,23
ITUBT381,23
ITUBT383,23
ITUBT388,23
ITUBT39,23
ITUBT393,23
ITUBT396,23
ITUBT398,23
ITUBT40,23
ITUBT401,23
ITUBT403,23
ITUBT406,23
ITUBT416,23
IVVB11,23
IWMI11,23
JALL3,23
JALL3F,23
JBSS32,23
JDCO34,23
JFEN3,23
JFEN3F,23
JFLL11,23
JGPX11,23
JHSF3,23
JHSF3F,23
JMBI11,23
JNJB34,23
JOGO11,23
JPMC34,23
JPPA11,23
JPPC11,23
JSAF11,23
JSCR11,23
JSLG3,23
JSLG3F,23
JSRE11,23
JURO11,23
K2CG34,23
KCRE11,23
KDIF11,23
KDOL11,23
KEPL3,23
KEPL3F,23
KFOF11,23
KHCB34,23
KISU11,23
KIVO11,23
KLBN11,23
KLBN11F,23
KLBN3,23
KLBN3F,23
KLBN4,23
KLBN4F,23
KLBNH183,23
KLBNH188,23
KLBNH192,23
KLBNH193,23
KLBNH195,23
KLBNH198,23
KLBNH20,23
KLBNH203,23
KLBNT178,23
KLBNT183,23
KLBNT185,23
KLBNT188,23
KLBNT198,23
KNCA11,23
KNCR11,23
KNDI11,23
KNHF11,23
KNHY11,23
KNIP11,23
KNRE11,23
KNRI11,23
KNSC11,23
KNUQ11,23
KOPA11,23
KORE11,23
L1MN34,23
LAND3,23
LAND3F,23
LAVV3,23
LAVV3F,23
LEVE3,23
LEVE3F,23
LFTT11,23
LIFE11,23
LIGT3,23
LIGT3F,23
LILY34,23
LJQQ3,23
LJQQ3F,23
LOGG3,23
LOGG3F,23
LOGN3,23
LOGN3F,23
LPSB3,23
LPSB3F,23
LREN3,23
LREN3F,23
LRENH182,23
LRENH192,23
LRENH197,23
LRENT162,23
LRENT172,23
LRENT175,23
LRENT177,23
LRENT185,23
LRENT187,23
LRENT192,23
LSAG11,23
LUPA3,23
LUPA3F,23
LVBI11,23
LVOL11,23
LVTC3,23
LVTC3F,23
LWSA3,23
LWSA3F,23
LWSA3T,23
M1NS34,23
M1RN34,23
M1TA34,23
M2PW34,23
M2RV34,23
M2ST34,23
MANA11,23
MATB11,23
MATD3,23
MATD3F,23
MAXR11,23
MCCI11,23
MCDC34,23
MCEM11,23
MCRE11,23
MDIA3,23
MDIA3F,23
MDNE3,23
MDNE3F,23
MEAL3,23
MEAL3F,23
MELI34,23
MELK3,23
MELK3F,23
META11,23
MFII11,23
MGHT11,23
MGLU3,23
MGLU3F,23
MGLUH104,23
MGLUH859,23
MGLUH909,23
MGLUH919,23
MGLUH930,23
MGLUH939,23
MGLUH949,23
MGLUT719,23
MGLUT749,23
MGLUT759,23
MGLUT779,23
MGLUT789,23
MGLUT799,23
MGLUT809,23
MGLUT819,23
MGLUT829,23
MGLUT839,23
MGLUT859,23
MGLUT909,23
MGLUT919,23
MGLUT930,23
MGLUU710,23
MGLUU809,23
MGLUU859,23
MILL11,23
MILS3,23
MILS3F,23
MLAS3,23
MLAS3F,23
MMMC34,23
MOAR3F,23
MOTV3,23
MOTV3F,23
MOVI3,23
MOVI3F,23
MRCK34,23
MRFG3,23
MRFG3F,23
MRFGH237,23
MRFGH242,23
MRFGH247,23
MRFGH252,23
MRFGH257,23
MRFGT202,23
MRFGT207,23
MRFGT212,23
MRFGT220,23
MRFGT222,23
MRFGT227,23
MRFGT237,23
MRVE3,23
MRVE3F,23
MRVEH620,23
MRVEH630,23
MRVEH640,23
MRVEH660,23
MRVET560,23
MRVET580,23
MRVET600,23
MRVET620,23
MRVEU580,23
MSBR34,23
MSCD34,23
MSFT34,23
MTRE3,23
MTRE3F,23
MULT3,23
MULT3F,23
MUTC34,23
MXRF11,23
MYPK3,23
MYPK3F,23
N1DA34,23
N1EM34,23
N1OW34,23
N1VO34,23
NASD11,23
NAVT11,23
NBOV11,23
NCRI11,23
NDIV11,23
NEOE3,23
NEOE3F,23
NEWL11,23
NEXG11,23
NEXP3F,23
NEXT34,23
NFLX34,23
NFTS11,23
NGRD3,23
NGRD3F,23
NIKE34,23
NSDV11,23
NSLU11,23
NUCL11,23
NUIF11,23
NUTR3,23
NUTR3F,23
NVDC34,23
OCRE11,23
ODPV3,23
ODPV3F,23
OFSA3,23
OFSA3F,23
OGIN11,23
OIAG11,23
OIBR3,23
OIBR3F,23
OIBR4,23
OIBR4F,23
ONCO3,23
ONCO3F,23
OPCT3,23
OPCT3F,23
ORCL34,23
ORVR3,23
ORVR3F,23
OSXB3F,23
OUJP11,23
OULG11,23
OXYP34,23
P1DD34,23
P1GR34,23
P1LD34,23
P2AN34,23
P2LT34,23
PAGS34,23
PATC11,23
PATL11,23
PCAR3,23
PCAR3F,23
PCARH320,23
PCARH330,23
PCARH340,23
PCARH350,23
PCARH360,23
PCART300,23
PDGR3,23
PDGR3F,23
PDTC3,23
PDTC3F,23
PEPB34,23
PETR3,23
PETR3F,23
PETR4,23
PETR4F,23
PETRH1,23
PETRH288,23
PETRH294,23
PETRH298,23
PETRH299,23
PETRH300,23
PETRH304,23
PETRH310,23
PETRH32,23
PETRH320,23
PETRH321,23
PETRH325,23
PETRH325W1,23
PETRH327,23
PETRH330,23
PETRH332,23
PETRH335,23
PETRH337,23
PETRH340,23
PETRH342,23
PETRH345,23
PETRH347,23
PETRH348,23
PETRH349,23
PETRH350,23
PETRH351,23
PETRH353,23
PETRH354,23
PETRH358,23
PETRH36,23
PETRH363,23
PETRH364,23
PETRH368,23
PETRH369,23
PETRH373,23
PETRH378,23
PETRH385,23
PETRH388,23
PETRH399,23
PETRH409,23
PETRH466,23
PETRI333,23
PETRI336,23
PETRI341,23
PETRI351,23
PETRI445,23
PETRT1,23
PETRT279,23
PETRT284,23
PETRT288,23
PETRT289,23
PETRT294,23
PETRT298,23
PETRT299,23
PETRT300,23
PETRT304,23
PETRT308,23
PETRT310,23
PETRT320,23
PETRT321,23
PETRT325,23
PETRT327,23
PETRT330,23
PETRT332,23
PETRT335,23
PETRT337,23
PETRT340,23
PETRT342,23
PETRT345,23
PETRT347,23
PETRT348,23
PETRT349,23
PETRT350,23
PETRT351,23
PETRT353,23
PETRT354,23
PETRT358,23
PETRT363,23
PETRT368,23
PETRT369,23
PETRT378,23
PETRT399,23
PETRT409,23
PETRU293,23
PETRU298,23
PETRU323,23
PETRU326,23
PETRU328,23
PETRU333,23
PETRU336,23
PETRU338,23
PETRU346,23
PETRX329,23
PETRX361,23
PETZ3,23
PETZ3F,23
PETZH391,23
PETZH401,23
PETZH411,23
PETZH421,23
PETZT371,23
PEVC11,23
PFIN11,23
PFIZ34,23
PFRM3,23
PFRM3F,23
PGCO34,23
PGMN3,23
PGMN3F,23
PHMO34,23
PIBB11,23
PINE3,23
PINE3F,23
PINE4,23
PINE4F,23
PKIN11,23
PLAG11,23
PLCA11,23
PLPL3,23
PLPL3F,23
PMAM3,23
PMAM3F,23
PMIS11,23
PNVL3,23
PNVL3F,23
POMO3,23
POMO3F,23
POMO4,23
POMO4F,23
POMOH810,23
PORD11,23
PORT3,23
PORT3F,23
POSI3,23
POSI3F,23
PPEI11,23
PQDP11,23
PRIO3,23
PRIO3F,23
PRIOH410,23
PRIOH412,23
PRIOH415,23
PRIOH420,23
PRIOH422,23
PRIOH425,23
PRIOH427,23
PRIOH430,23
PRIOH432,23
PRIOH435,23
PRIOH437,23
PRIOH440,23
PRIOH442,23
PRIOH445,23
PRIOH450,23
PRIOH452,23
PRIOH460,23
PRIOH462,23
PRIOH467,23
PRIOT390,23
PRIOT392,23
PRIOT395,23
PRIOT397,23
PRIOT400,23
PRIOT402,23
PRIOT405,23
PRIOT407,23
PRIOT410,23
PRIOT415,23
PRIOT417,23
PRIOT420,23
PRIOT422,23
PRIOT425,23
PRIOT432,23
PRIOT435,23
PRIOT440,23
PRIOT445,23
PRNR3,23
PRNR3F,23
PSSA3,23
PSSA3F,23
PTBL3,23
PTBL3F,23
PTNT4,23
PULV11,23
PVBI11,23
PYPL34,23
QBTC11,23
QCOM34,23
QDFI11,23
QETH11,23
QQQI11,23
QQQQ11,23
QSOL11,23
QUAL3,23
QUAL3F,23
R2BL34,23
RADL3,23
RADL3F,23
RADLH148,23
RADLH153,23
RADLH158,23
RADLT123,23
RADLT138,23
RADLT143,23
RADLT148,23
RAIL3,23
RAIL3F,23
RAILH190,23
RAIZ4,23
RAIZ4F,23
RAIZH160,23
RAIZT160,23
RAIZT170,23
RAIZT190,23
RANI3,23
RANI3F,23
RAPT3,23
RAPT3F,23
RAPT4,23
RAPT4F,23
RBFF11,23
RBHG11,23
RBHY11,23
RBIF11,23
RBIR11,23
RBRD11,23
RBRF11,23
RBRL11,23
RBRP11,23
RBRR11,23
RBRX11,23
RBRY11,23
RBVA11,23
RCRB11,23
RCSL3,23
RCSL3F,23
RCSL4,23
RCSL4F,23
RDNI3,23
RDNI3F,23
RDOR3,23
RDOR3F,23
RECM11,23
RECR11,23
RECT11,23
RECV3,23
RECV3F,23
REDE3,23
REDE3F,23
REGN34,23
RELG11,23
RENT3,23
RENT3F,23
RENTH408,23
RENTT357,23
RENTT370,23
RENTT390,23
RENV11,23
RFOF11,23
RGTI34,23
RIFF11,23
RIGG34,23
RINV11,23
RIOT34,23
RNEW11,23
RNEW11F,23
RNEW3,23
RNEW3F,23
RNEW4,23
RNEW4F,23
RNGO11,23
ROMI3,23
ROMI3F,23
ROXO34,23
RPMG3F,23
RPRI11,23
RSID3,23
RSID3F,23
RURA11,23
RVBI11,23
RYTT34,23
RZAG11,23
RZAK11,23
RZAT11,23
RZTR11,23
S1BS34,23
S1PO34,23
S1RP34,23
S2EA34,23
S2ED34,23
S2GM34,23
S2HO34,23
S2NW34,23
S2TA34,23
SADI11,23
SANB11,23
SANB11F,23
SANB3,23
SANB3F,23
SANB4,23
SANB4F,23
SANBH296,23
SAPI11,23
SAPR11,23
SAPR11F,23
SAPR3,23
SAPR3F,23
SAPR4,23
SAPR4F,23
SARE11,23
SBFG3,23
SBFG3F,23
SBSP3,23
SBSP3F,23
SBSPH116,23
SBSPT110,23
SBSPT114,23
SBUB34,23
SCAR3,23
SCAR3F,23
SCPF11,23
SCVB11,23
SEER3,23
SEER3F,23
SEQL3,23
SEQL3F,23
SEQR11,23
SHOW3,23
SHOW3F,23
SHPH11,23
SHUL4,23
SHUL4F,23
SIMH3,23
SIMH3F,23
SIMN34,23
SLCE3,23
SLCE3F,23
SMAB11,23
SMAC11,23
SMAL11,23
SMALH102,23
SMALH106,23
SMALH107,23
SMALH108,23
SMALH11,23
SMALH111,23
SMALH112,23
SMALT101,23
SMALT102,23
SMALT103,23
SMALT104,23
SMALT105,23
SMALT106,23
SMALT99,23
SMFT3,23
SMFT3F,23
SMRE11,23
SMTO3,23
SMTO3F,23
SMTOH185,23
SNAG11,23
SNCI11,23
SNEL11,23
SNFF11,23
SNFZ11,23
SNID11,23
SNLG11,23
SNME11,23
SOJA3,23
SOJA3F,23
SOLH11,23
SPTW11,23
SPUB11,23
SPVT11,23
SPXB11,23
SPXI11,23
SPXR11,23
SPXS11,23
SPYI11,23
SRNA3,23
SRNA3F,23
SSFO34,23
STBP3,23
STBP3F,23
STOC34,23
SUZB3,23
SUZB3F,23
SUZBH520,23
SUZBH530,23
SUZBH540,23
SUZBH545,23
SUZBH550,23
SUZBT497,23
SUZBT500,23
SUZBT505,23
SUZBT510,23
SUZBT515,23
SUZBT520,23
SUZBU512,23
SVAL11,23
SYNE3,23
SYNE3F,23
T1AL34,23
T1OW34,23
T1TW34,23
T2DH34,23
T2TD34,23
TAEE11,23
TAEE11F,23
TAEE3,23
TAEE3F,23
TAEE4,23
TAEE4F,23
TAEEH342,23
TAEEH35,23
TAEEH357,23
TAEEH366,23
TAEEH367,23
TAEEH376,23
TAEET337,23
TAEET342,23
TAEET346,23
TASA3,23
TASA3F,23
TASA4,23
TASA4F,23
TCSA3,23
TCSA3F,23
TECK11,23
TECN3,23
TECN3F,23
TECX11,23
TELB4F,23
TEND3,23
TEND3F,23
TEPP11,23
TEXA34,23
TFCO4,23
TFCO4F,23
TGAR11,23
TGMA3,23
TGMA3F,23
TIMS3,23
TIMS3F,23
TIRB11,23
TJKB11,23
TLNC34,23
TMCO34,23
TMOS34,23
TMPS11,23
TOKY3,23
TOKY3F,23
TOPP11,23
TORD11,23
TOTS3,23
TOTS3F,23
TPIS3,23
TPIS3F,23
TRAD3,23
TRAD3F,23
TRBL11,23
TRIG11,23
TRIS3,23
TRIS3F,23
TRXF11,23
TRXY11,23
TSLA34,23
TSMC34,23
TTEN3,23
TTEN3F,23
TUPY3,23
TUPY3F,23
TVRI11,23
U1BE34,23
U2PS34,23
U2ST34,23
UCAS3,23
UCAS3F,23
UGPA3,23
UGPA3F,23
UNHH34,23
UNIP3,23
UNIP3F,23
UNIP5F,23
UNIP6,23
UNIP6F,23
URPR11,23
USAL11,23
USDB11,23
USIM3,23
USIM3F,23
USIM5,23
USIM5F,23
USIMH420,23
USIMH440,23
USIMH450,23
USIMH460,23
USIMH470,23
USIMH500,23
USIMT405,23
USIMT410,23
USIMT415,23
USIMT420,23
USIMT440,23
USIMT450,23
USIMT500,23
USTK11,23
UTEC11,23
V1OD34,23
V2TX34,23
VALE3,23
VALE3F,23
VALEH516,23
VALEH526,23
VALEH531,23
VALEH536,23
VALEH541,23
VALEH546,23
VALEH55,23
VALEH556,23
VALEH56,23
VALEH566,23
VALEH57,23
VALEH576,23
VALEH58,23
VALEH586,23
VALEH59,23
VALEH595,23
VALEH596,23
VALEH60,23
VALEH600,23
VALEH606,23
VALEH610,23
VALEH620,23
VALEH630,23
VALEH631,23
VALEH641,23
VALEH646,23
VALEH70,23
VALEI533,23
VALEI543,23
VALEI553,23
VALEI558,23
VALEI563,23
VALEI568,23
VALEI573,23
VALEI583,23
VALEI593,23
VALEI603,23
VALEI608,23
VALEJ630,23
VALEJ80,23
VALET483,23
VALET488,23
VALET49,23
VALET493,23
VALET496,23
VALET498,23
VALET501,23
VALET511,23
VALET516,23
VALET521,23
VALET526,23
VALET531,23
VALET536,23
VALET541,23
VALET546,23
VALET55,23
VALET556,23
VALET56,23
VALET566,23
VALET57,23
VALET576,23
VALET58,23
VALET586,23
VALET596,23
VALET60,23
VALET606,23
VALET610,23
VALET70,23
VALEU498,23
VALEU528,23
VALEU543,23
VALEU548,23
VAMO3,23
VAMO3F,23
VAMOT370,23
VBBR3,23
VBBR3F,23
VBBRH243,23
VCJR11,23
VCRA11,23
VCRI11,23
VCRR11,23
VERZ34,23
VGHF11,23
VGIA11,23
VGIP11,23
VGIR11,23
VGRI11,23
VIGT11,23
VILG11,23
VINO11,23
VISA34,23
VISC11,23
VITT3,23
VITT3F,23
VIUR11,23
VIVA3,23
VIVA3F,23
VIVR3,23
VIVR3F,23
VIVT3,23
VIVT3F,23
VIVTH327,23
VIVTT300,23
VLID3,23
VLID3F,23
VPPR11,23
VRTA11,23
VRTM11,23
VSHO11,23
VSLH11,23
VSTE3,23
VTLT11,23
VTRU3,23
VTRU3F,23
VULC3,23
VULC3F,23
VVCR11,23
VVEO3,23
VVEO3F,23
WALM34,23
WEB311,23
WEGE3,23
WEGE3F,23
WEGEH423,23
WEGEH428,23
WEGEH430,23
WEGEH433,23
WEGEH438,23
WEGEH440,23
WEGEH443,23
WEGEH445,23
WEGEH455,23
WEGET400,23
WEGET410,23
WEGET415,23
WEGET417,23
WEGET420,23
WEGET423,23
WEST3F,23
WFCO34,23
WHGR11,23
WHRL3F,23
WHRL4,23
WHRL4F,23
WIZC3,23
WIZC3F,23
WPLZ11,23
WRLD11,23
WSEC11,23
X1YZ34,23
XBOV11,23
XFIX11,23
XINA11,23
XPBR31,23
XPCA11,23
XPCI11,23
XPCM11,23
XPID11,23
XPIE11,23
XPIN11,23
XPLG11,23
XPML11,23
XPSF11,23
XRPH11,23
YDRO11,23
YDUQ3,23
YDUQ3F,23
ZAGH11,23
ZAMP3,23
ZAMP3F,23
ZAVI11,23
ABEVH135,22
ABEVH152,22
ABEVH156,22
ABEVT122,22
ABEVT125,22
ALOSH223,22
AMAR11,22
ASAIH105,22
ASAIT100,22
AZEV12,22
B1IL34,22
B3SAH112,22
B3SAH117,22
B3SAH125,22
B3SAH129,22
B3SAH159,22
B3SAT120,22
B3SAT144,22
BAIQ39,22
BBASC720,22
BBASH189,22
BBASH201,22
BBASH270,22
BBASN563,22
BBASP5,22
BBAST171,22
BBAST176,22
BBAST26,22
BBASU185,22
BBASU202,22
BBASU242,22
BBASV188,22
BBASW216,22
BBASX201,22
BBDCH129,22
BBDCH14,22
BBDCH143,22
BBDCH151,22
BBDCH160,22
BBDCT160,22
BBDCU166,22
BBSEH354,22
BBSET359,22
BBSET367,22
BBSET377,22
BBSEU350,22
BDVY39,22
BEEFH511,22
BEEFT501,22
BEEFT511,22
BEFV39,22
BGIP4,22
BHIAH320,22
BHIAH330,22
BHIAT400,22
BHYG39,22
BKCH39,22
BMGBH382,22
BMKS3,22
BMLC11,22
BOEI34,22
BOVAH104,22
BOVAH111,22
BOVAH149,22
BOVAH150,22
BOVAI123,22
BOVAI14,22
BOVAI15,22
BOVAI16,22
BOVAI18,22
BOVAI20,22
BOVAI26,22
BOVAI87,22
BOVAJ135,22
BOVAJ138,22
BOVAJ14,22
BOVAL135,22
BOVAP175,22
BOVAT104,22
BOVAT105,22
BOVAT111,22
BOVAT145,22
BOVAU110,22
BOVAU120,22
BOVAU138,22
BOVAU21,22
BOVAU22,22
BOVAU87,22
BOVAU9,22
BOVAX12,22
BOVAX134,22
BPACH414,22
BPACH416,22
BPACH441,22
BPACT381,22
BPACT386,22
BPACT401,22
BPACT406,22
BPACT414,22
BRAPH172,22
BRAPT162,22
BRAPT170,22
BRAVH178,22
BRAVH181,22
BRAVH183,22
BRAVH211,22
BRAVH213,22
BRAVL200,22
BRAVT158,22
BRAVT166,22
BRAVT186,22
BRAVT188,22
BRFST195,22
BRFT11,22
BRIP11,22
BRKMH100,22
BRKMH102,22
BRKMH105,22
BRKMH112,22
BRKMH970,22
BRKMT840,22
BRKMT850,22
BRKMT950,22
BSLI3F,22
C1BR34,22
C1CL34,22
C2AC34,22
CBOP11,22
CEBR5,22
CGRA3,22
CMIGH10,22
CMIGI114,22
CMIGI119,22
CMIGI130,22
CMIGT117,22
CMINH600,22
COGNH253,22
COGNH295,22
COGNH298,22
COGNH313,22
COGNT285,22
COGNT295,22
COGNT303,22
CPLEH130,22
CPLET123,22
CSANT635,22
CSANT645,22
CSANU675,22
CSNAH839,22
CSNAH859,22
CSNAH879,22
CSNAT839,22
CSNAT950,22
CTAX3,22
CVCBH240,22
CVCBH249,22
CVCBH260,22
CVCBH270,22
CVCBT230,22
CXSEH151,22
CXSEH152,22
CYREH254,22
CYREH260,22
CYREH270,22
DAYM11,22
DBAG34,22
DBOA11,22
EALT3,22
EGIEH449,22
EGIEH452,22
EGIET406,22
EGIET407,22
EGIET419,22
EGIET427,22
ELCI34,22
ELETH407,22
ELETH412,22
ELETH430,22
ELETT387,22
ELETT392,22
ELETT397,22
ELETT407,22
EMBRH100,22
EMBRH774,22
EMBRH794,22
EMBRH819,22
EMBRH879,22
EMBRH889,22
EMBRH900,22
EMBRH950,22
EMBRT624,22
EMBRT674,22
EMBRT684,22
EMBRT729,22
EMBRT739,22
EMBRT754,22
EMBRT789,22
ENDD11,22
ENEVH140,22
EQTLH375,22
EQTLT347,22
F2NV34,22
FDES11F,22
FESA3F,22
FLRYT125,22
G1FI34,22
G2EV34,22
GDXB39,22
GGBRH164,22
GGBRH186,22
GGBRT151,22
GGBRT168,22
GGBRT171,22
GGBRT178,22
GOAUH104,22
GOAUT867,22
GOAUT887,22
GPRO34,22
HAAA11,22
HAGA3F,22
HAPVT330,22
HCHG11,22
HERT11,22
HOND34,22
HOOT4,22
HOSI11,22
HYPEH292,22
I1SR34,22
IBOVH13,22
IBOVH139,22
IBOVH141,22
IBOVT137,22
INEP4F,22
IRBRH450,22
ISAEH231,22
ISAET221,22
ISAET231,22
ITSAH116,22
ITSAI1,22
ITSAT128,22
ITSAT993,22
ITUBH383,22
ITUBH385,22
ITUBH388,22
ITUBH41,22
ITUBI416,22
ITUBT37,22
ITUBT375,22
ITUBT408,22
ITUBT411,22
ITUBT413,22
J2BL34,22
KLBNT182,22
L1YG34,22
LASC11,22
LRENH175,22
LRENH185,22
LRENH187,22
LRENH202,22
LRENH205,22
LRENH212,22
LRENT169,22
LRENT182,22
MGLUH103,22
MGLUH105,22
MGLUH108,22
MGLUH839,22
MGLUH889,22
MGLUH929,22
MGLUH959,22
MGLUH979,22
MGLUH989,22
MGLUH999,22
MGLUT104,22
MGLUT699,22
MGLUT709,22
MGLUT769,22
MGLUT849,22
MGLUT869,22
MGLUT879,22
MGLUT929,22
MOTVH133,22
MRFG3T,22
MRFGH227,22
MRFGH230,22
MRFGH232,22
MRFGH267,22
MRFGT197,22
MRFGT217,22
MRFGT230,22
MRVEH600,22
MRVET520,22
MRVET590,22
MRVET650,22
MTSA4,22
MTSA4F,22
MULTT253,22
N1RG34,22
N1WG34,22
N2ET34,22
N2LY34,22
NATU3,22
NATU3F,22
NATUH100,22
NETE34,22
NVHO11,22
ORLY34,22
PATI3F,22
PCARH380,22
PCARH390,22
PCARH400,22
PCART325,22
PETRH335W1,22
PETRH35,22
PETRH352,22
PETRH360,22
PETRH389,22
PETRH398,22
PETRI338,22
PETRI346,22
PETRI348,22
PETRI358,22
PETRI366,22
PETRI368,22
PETRI371,22
PETRI376,22
PETRI378,22
PETRT310W1,22
PETRT32,22
PETRT359,22
PETRT36,22
PETRT364,22
PETRT373,22
PETRT379,22
PETRT388,22
PETRT393,22
PETRU28,22
PETRU313,22
PETRU316,22
PETRU321,22
PETRX308,22
PETZH431,22
PETZH441,22
PETZT356,22
PETZT366,22
PETZT381,22
PETZT391,22
PETZT411,22
PETZU373,22
PICE11,22
PLRI11,22
POMOH870,22
PPLA11,22
PRIOH390,22
PRIOH407,22
PRIOH417,22
PRIOH447,22
PRIOH455,22
PRIOH457,22
PRIOH475,22
PRIOH480,22
PRIOT375,22
PRIOT380,22
PRIOT385,22
PRIOT427,22
PRIOT430,22
PRIOT437,22
PSSAT520,22
PTNT4F,22
R1IN34,22
RADLH163,22
RADLT133,22
RADLT153,22
RADLU138,22
RAILT170,22
RAIZH170,22
RAIZT200,22
RBOP11,22
REAG3,22
RECD11,22
RENTH390,22
RENTH423,22
RENTT352,22
RENTT367,22
RENTT375,22
RENTT376,22
RENTT377,22
RENTT380,22
RENTT387,22
RPMG3,22
RRCI11,22
RSUL4F,22
S2UI34,22
SANBH279,22
SANBH286,22
SANBH291,22
SANBT275,22
SANBT276,22
SAPRH383,22
SBSPH11,22
SBSPH113,22
SBSPH120,22
SBSPH121,22
SBSPH122,22
SBSPT101,22
SBSPT104,22
SBSPT108,22
SBSPT11,22
SBSPT112,22
SBSPT116,22
SCHW34,22
SJAU11,22
SMALH104,22
SMALH105,22
SMALH109,22
SMALH113,22
SMALT108,22
SMALT11,22
SMALT970,22
SMTOT172,22
SNEC34,22
SUZBH510,22
SUZBH525,22
SUZBH535,22
SUZBT485,22
SUZBT490,22
SUZBT495,22
SUZBT530,22
T1AM34,22
TAEEH353,22
TELB4,22
TOTST408,22
TRNT11,22
U1RI34,22
UGPAT159,22
UGPAT169,22
ULEV34,22
UPSS34,22
USIMH410,22
USIMH430,22
USIMH435,22
USIMH455,22
USIMH490,22
USIMT390,22
USIMT400,22
USIMT425,22
USIMT430,22
USIMU502,22
VALEH506,22
VALEH656,22
VALEH661,22
VALEH671,22
VALEI548,22
VALEI578,22
VALEJ640,22
VALEL660,22
VALET494,22
VALET499,22
VALET506,22
VALET59,22
VALET595,22
VALET600,22
VALEU483,22
VALEU508,22
VALEU518,22
VALEU523,22
VALEU533,22
VALEU553,22
VALEV540,22
VALEX520,22
VALEX660,22
VAMOH400,22
VAMOH410,22
VAMOH420,22
VAMOT390,22
VAMOT400,22
VBBRH224,22
VBBRH225,22
VBBRT200,22
VBBRT205,22
VBBRT210,22
VIVTH317,22
VIVTT307,22
VSTE3F,22
W1BD34,22
W1BO34,22
W1EL34,22
WEGEH415,22
WEGEH418,22
WEGEH420,22
WEGEH450,22
WEGEH458,22
WEGEH483,22
WEGET394,22
WEGET398,22
WEGET405,22
WEGET418,22
WEGET425,22
WEGET428,22
WEGET430,22
WHRL3,22
YDUQH165,22
YDUQT155,22
ZAVC11,22
A1EG34,21
A2FY34,21
ABEVH125,21
ABEVH130,21
ABEVH155,21
ABEVH17,21
ABEVT142,21
ALOSH217,21
ASAIH100,21
AZEV11F,21
AZOI34,21
AZULH900,21
AZZAT355,21
B1CS34,21
B1SX34,21
B3SAH162,21
B3SAI151,21
B3SAT122,21
B3SAT147,21
B3SAU132,21
B3SAU134,21
BAER39,21
BALM4F,21
BBASF60,21
BBASH199,21
BBASH220W1,21
BBASI220,21
BBASI24,21
BBASL225,21
BBASM211,21
BBAST174,21
BBAST210W1,21
BBAST281,21
BBASU230,21
BBASU24,21
BBASU247,21
BBASU26,21
BBASX233,21
BBDCH127,21
BBDCH153,21
BBDCI145,21
BBDCI17,21
BBDCT13,21
BBDCT136,21
BBDCT14,21
BBDCT140,21
BBDCT143,21
BBDCT145,21
BBDCT175,21
BBDCU155,21
BBSEH352,21
BBSEH382,21
BBSEH389,21
BBSEH394,21
BBSET329,21
BBSET332,21
BBSET337,21
BBSET364,21
BBSET379,21
BBSEU360,21
BEEFH501,21
BEEFT670,21
BEZU39,21
BHIAH400,21
BIEI39,21
BIYF39,21
BMYB34,21
BOVAH112,21
BOVAH136W1,21
BOVAH138W1,21
BOVAI121,21
BOVAI122,21
BOVAI21,21
BOVAI22,21
BOVAL10,21
BOVAL130,21
BOVAL14,21
BOVAT100,21
BOVAT102,21
BOVAT107,21
BOVAT132W1,21
BOVAT134W1,21
BOVAT15,21
BOVAV1,21
BOVAX120,21
BPACH391,21
BPACH396,21
BPACH411,21
BPACH426,21
BPACH436,21
BPACT391,21
BPACT411,21
BRAPH192,21
BRAPT17,21
BRAVH206,21
BRAVH216,21
BRAVT156,21
BRAVT161,21
BRAVT191,21
BRAVT201,21
BRAVU170,21
BRAZ11,21
BRFST180,21
BRKMH120,21
BRKMH940,21
BRKMH950,21
BRKMT870,21
BRSR5F,21
BSLI3,21
BSOX39,21
C1DN34,21
C1RH34,21
CASH12F,21
CASH3T,21
CASHH70,21
CASHH800,21
CGAS5,21
CHCM34,21
CLSC3F,21
CMIGI121,21
CMINT537,21
CNIC34,21
COGNH270,21
COGNH273,21
COGNH283,21
COGNH285,21
COGNH315,21
COGNH330,21
CPLEH118,21
CPLEH119,21
CPLEH128,21
CPLET119,21
CRPG5,21
CSANT625,21
CSANT725,21
CSNAH779,21
CSNAT739,21
CSNAT789,21
CSNAT849,21
CTSA4,21
CXSET147,21
CYREH284,21
CYRET254,21
CYRET261,21
DEXP4,21
DHER34,21
E1TN34,21
E2EF34,21
EGIEH422,21
EGIEH442,21
EGIEH467,21
EGIET402,21
EGIEU406,21
ELETH422,21
ELETH427,21
ELETT380,21
ELETT382,21
ELETT389,21
ELETT395,21
ELETT408,21
ELETT41,21
EMBRH729,21
EMBRH764,21
EMBRH924,21
EMBRH929,21
EMBRT654,21
EMBRT660,21
EMBRT694,21
EMBRT700W1,21
EMBRT759,21
EQTLH373,21
EWBZ11,21
EZTCT128,21
F1MC34,21
FLRYH137,21
FNOR11,21
FSLR34,21
GGBRH161,21
GGBRH183,21
GGBRH188,21
GGBRH196,21
GGBRT173,21
GOAUH927,21
GOAUT927,21
GOAUU887,21
GOLL80,21
GOLL80F,21
HTEK11,21
HUSC11,21
HYPEH282,21
HYPEH302,21
I1EX34,21
IBOVH142,21
IBOVT130,21
IBOVT135,21
IBOVT136,21
IRBRH460,21
IRBRT405,21
IRBRT415,21
IRBRT420,21
IRBRT450,21
IRBRT455,21
ITSAH922,21
ITSAH963,21
ITSAH983,21
ITSAI11,21
ITSAU11,21
ITUBH37,21
ITUBH381,21
ITUBT368,21
ITUBU399,21
JHSFH533,21
JHSFH562,21
JHSFT513,21
K1LA34,21
KLBNH208,21
KLBNT172,21
KLBNT173,21
KLBNT192,21
L1RC34,21
L2PL34,21
LRENH170,21
LRENH20,21
LRENH207,21
LRENH217,21
LRENH222,21
M1TT34,21
M2PM34,21
MGLUH809,21
MGLUH819,21
MGLUH969,21
MGLUI110,21
MGLUT889,21
MGLUT939,21
MGLUT959,21
MOVIH700,21
MRFGH262,21
MRFGT192,21
MRFGT225,21
MRFGU210,21
MRVEH590,21
MRVEH650,21
MRVEH680,21
MRVEH740,21
MRVET540,21
MULTH258,21
NATUH110,21
NATUT100,21
O1KT34,21
P2AT34,21
PCARH395,21
PCARH415,21
PCART290,21
PCART310,21
PCART320,21
PETRH308,21
PETRH340W1,21
PETRH372,21
PETRH38,21
PETRI326,21
PETRI331,21
PETRI343,21
PETRI353,21
PETRI386,21
PETRI43,21
PETRJ457,21
PETRT273,21
PETRT278,21
PETRT315W1,21
PETRT404,21
PETRU29,21
PETRU318,21
PETRU331,21
PETRU341,21
PETRU343,21
PETRU348,21
PETRU351,21
PETRV298,21
PETRV313,21
PETRX35,21
PETZ3T,21
PETZT376,21
PETZT401,21
PETZU403,21
PGMN11F,21
PRIOH402,21
PRIOH470,21
PRIOT370,21
PRIOT412,21
PRIOT442,21
PRIOX360,21
RAILH195,21
RAILH200,21
RAILT175,21
RAILT180,21
RAIZH180,21
RBRS11,21
REAG3F,21
RENTH391,21
RENTH393,21
RENTH401,21
RENTH403,21
RENTH411,21
RENTH418,21
RENTT360,21
RENTT382,21
RENTT385,21
RENTT391,21
RENTT392,21
REVE11,21
RICO11,21
RMAI11,21
S1RE34,21
S1TX34,21
SANBH306,21
SANBT281,21
SBSPT102,21
SBSPT106,21
SBSPT971,21
SBSPT996,21
SLCET179,21
SMALH103,21
SMALH115,21
SMALH99,21
SMALI104,21
SMALT107,21
SMALT980,21
SMALT990,21
SMTOH180,21
SMTOT170,21
SUZBH500,21
SUZBH515,21
SUZBT492,21
SUZBT545,21
TAEET327,21
TAEET336,21
TAEET343,21
TAEET35,21
TIMSH214,21
TIMST204,21
TOTST396,21
TRXB11,21
TXSA34,21
UBSG34,21
UGPAT164,21
URHF11,21
USAL11T,21
USBC34,21
USIMH425,21
USIMH445,21
USIMH465,21
USIMH480,21
USIMH510,21
USIMT435,21
USIMT480,21
VALEH521,21
VALEH650,21
VALEH660,21
VALEH696,21
VALEI588,21
VALEI633,21
VALET471,21
VALET489,21
VALET620,21
VALET641,21
VALET671,21
VALEU491,21
VALEU525,21
VALEU538,21
VALEU563,21
VALEV530,21
VALEV550,21
VALEV570,21
VALEX540,21
VAMOT380,21
VAMOT410,21
VAMOT460,21
VAMOU400,21
VBBRH22,21
VBBRT21,21
VIVTH337,21
VVCO11,21
WEGEH408,21
WEGEH425,21
WEGEH435,21
WEGEH461,21
WEGEH466,21
WEGET380,21
WEGET385,21
WEGET388,21
WEGET393,21
WEGET408,21
WEST3,21
WLMM4,21
A1MP34,20
ABEVI144,20
ABUD34,20
ALOSH227,20
ALOSH233,20
ASAIH112,20
AUREL114,20
AZULT100,20
AZZAT350,20
B3SAH115,20
B3SAH120,20
B3SAI154,20
B3SAT117,20
B3SAU137,20
BALM3F,20
BBASD275,20
BBASH179,20
BBASH194,20
BBASH217W2,20
BBASH225W1,20
BBASH279,20
BBASI217,20
BBASI250,20
BBAST154,20
BBAST159,20
BBAST161,20
BBAST169,20
BBAST190W1,20
BBAST205W1,20
BBAST220W1,20
BBASU184,20
BBASU192,20
BBASU232,20
BBASU235,20
BBDCH136,20
BBDCH138,20
BBDCH140,20
BBDCH158,20
BBDCH200,20
BBDCI147,20
BBDCI169,20
BBDCI181,20
BBDCT128,20
BBDCT130,20
BBDCT131,20
BBDCT135,20
BBDCT178,20
BBDCU159,20
BBDCU164,20
BBDCU169,20
BBSEH344,20
BBSEH347,20
BBSEH387,20
BBSEH392,20
BBSEI373,20
BBSEI375,20
BBSEI38,20
BBSET324,20
BBSEU343,20
BBSEU361,20
BBSEU368,20
BBUG39,20
BDVD39,20
BEEFT486,20
BGRT39,20
BIEF39,20
BIEV39,20
BILF39,20
BITO39,20
BIXN39,20
BOVAC141,20
BOVAH100,20
BOVAH142W1,20
BOVAH20,20
BOVAH21,20
BOVAI110,20
BOVAI116,20
BOVAI118,20
BOVAI155,20
BOVAJ13,20
BOVAL80,20
BOVAT106,20
BOVAT130W1,20
BOVAT155,20
BOVAT17,20
BOVAT3,20
BOVAU121,20
BOVAU122,20
BOVAU29,20
BOVAU980,20
BOVAV135,20
BOVAW13,20
BOVAX13,20
BPAC11T,20
BPACH394,20
BPACH399,20
BPACH429,20
BPACH434,20
BPACH444,20
BPACT371,20
BPACT379,20
BPACT394,20
BPACT396,20
BPACT399,20
BPACT404,20
BRAPH170,20
BRAVH171,20
BRAVH221,20
BRAVL250,20
BRAVT163,20
BRAVT203,20
BRFS3T,20
BRFSH225,20
BRFST185,20
BRKMH930,20
BRKMH990,20
BRKMT930,20
C1AB34,20
C1MG34,20
C1NC34,20
CASH12,20
CASHK100,20
CEED3F,20
CMIGH127,20
CMIGH130,20
CMIGI124,20
CMIGT104,20
CMIGT113,20
CMINH597,20
COGNT245,20
COGNT248,20
CSANH685,20
CSANH695,20
CSANH755,20
CSANH765,20
CSANT665,20
CSANT695,20
CSANU655,20
CSANU695,20
CSMGH280,20
CSMGH285,20
CSNAH789,20
CSNAH919,20
CSNAT699,20
CSNAT709,20
CSNAT719,20
CSNAT879,20
CVCBT220,20
CYREH300,20
CYRET234,20
CYRET264,20
E1WL34,20
EAIN34,20
EBIT11,20
ECORH740,20
EGIEH427,20
EGIEH432,20
EGIEH462,20
EGIEH48,20
EGIEH492,20
EGIET422,20
ELETH405,20
ELETT361,20
ELETT377,20
ELETT398,20
EMBRH734,20
EMBRH749,20
EMBRH769,20
EMBRH789,20
EMBRH814,20
EMBRH909,20
EMBRT600,20
EMBRT620,20
EMBRT634,20
EMBRT779,20
ENEVH145,20
EQTLH367,20
EQTLH38,20
EQTLT350,20
FSRF11,20
GGBRT147,20
GGBRT192,20
GOAUH907,20
GOAUI967,20
GOAUT865,20
GOAUT925,20
H2UB34,20
HAGA3,20
HAPVH215,20
HAPVH330,20
HAPVH370,20
HAPVT225,20
HAPVT317,20
HYPEH272,20
HYPET257,20
IBOVH137,20
IBOVT132,20
IBOVT133,20
INTU34,20
IRBRH475,20
IRBRT425,20
IRBRT445,20
IRBRU395,20
ISAET216,20
ISET11,20
ITSAI111,20
ITSAI114,20
ITSAU106,20
ITSAU109,20
ITUBH351,20
ITUBH366,20
ITUBH375,20
ITUBL400,20
ITUBT353,20
ITUBT376,20
ITUBT377,20
ITUBT391,20
JHSFH523,20
K1SS34,20
KLBNH185,20
KLBNT168,20
KLBNU194,20
KNOX11,20
L1UL34,20
L2AZ34,20
LWSAH405,20
M1DB34,20
M1MC34,20
MGEL4F,20
MGLUH114,20
MGLUH849,20
MGLUT30,20
MGLUT729,20
MGLUU759,20
MGLUU799,20
MRFGT232,20
MRFGT242,20
MRVEH580,20
MRVEH700,20
MRVET660,20
MRVET700,20
NATUT940,20
NOCG34,20
ODPVT109,20
OSXB3,20
PABY11,20
PCARH300,20
PCARH355,20
PCARI350,20
PCART305,20
PETRF430,20
PETRH279,20
PETRH320W1,20
PETRH330W1,20
PETRH362,20
PETRH392,20
PETRH403,20
PETRH404,20
PETRI328,20
PETRL329,20
PETRN400,20
PETRP400,20
PETRT258,20
PETRT264,20
PETRT389,20
PETRT40,20
PETRU1,20
PETRU445,20
PETRV318,20
PETRX319,20
PETZH406,20
PETZH451,20
PETZH466,20
PETZH481,20
PETZW390,20
PINE13F,20
PRIOH400,20
PRIOH405,20
PRIOH465,20
PRIOT387,20
PRIOT450,20
PRIOT455,20
PRSV11,20
PSSAH550,20
R1CL34,20
RADLH171,20
RADLT128,20
RAILH185,20
RAILT185,20
RAIZH149,20
RAIZI160,20
RAIZI200,20
RAIZT140,20
RAIZT149,20
RDORH36,20
RDORT345,20
RENTH387,20
RENTH392,20
RENTH396,20
RENTH406,20
RENTH413,20
RENTH416,20
RENTT343,20
RENTT346,20
RENTT355,20
RENTT365,20
RVEE3F,20
RZZR11,20
S1NP34,20
SANBH281,20
SANBH305,20
SANBT279,20
SANBT286,20
SAPP34,20
SBSPH114,20
SBSPH124,20
SBSPT113,20
SHOP11,20
SLCEH184,20
SMALH101,20
SMALH116,20
SMALT985,20
SMALT995,20
SMTOT175,20
SNSY5,20
SOFF11,20
SPGI34,20
STZB34,20
SUZBH560,20
SUZBT477,20
SUZBT480,20
SUZBT535,20
SUZBU502,20
SUZBU507,20
T2ND34,20
TAEEH346,20
TELB3,20
TELB3F,20
U1LT34,20
UGPAH179,20
UGPAT161,20
USIMH485,20
USIMH520,20
USIMT445,20
USIMT460,20
USIMT520,20
USIMT560,20
VALEH483,20
VALEH493,20
VALEI538,20
VALEI598,20
VALEI635,20
VALEI658,20
VALEJ670,20
VALEM550,20
VALET481,20
VALET630,20
VALET656,20
VALEU513,20
VALEX530,20
VAMOT360,20
VBBRH219,20
VBBRH223,20
VBBRH230,20
VBBRH233,20
VBBRH240,20
VBBRH248,20
VBBRH250,20
VBBRT198,20
VBBRT203,20
VBBRT213,20
VBBRT218,20
VIVTH342,20
VIVTT292,20
VIVTT297,20
VVMR11,20
W1MC34,20
W1PP34,20
WEGEL415,20
WEGEL600,20
WEGET370,20
WEGET378,20
WEGET379,20
WEGET395,20
WEGET403,20
WEGET443,20
WEGET448,20
WEGET450,20
WIZCH793,20
YDUQH155,20
YDUQH175,20
YDUQT135,20
Z1OM34,20
A1DM34,19
A2RE34,19
ABCBH225,19
ABCBH235,19
ABEVI15,19
ABEVT145,19
ADMF3F,19
AMGN34,19
ASAIT960,19
ASAIT980,19
AZULE20,19
AZULH950,19
AZULI900,19
AZZAH400,19
AZZAH430,19
B1SA34,19
B3BR11,19
B3SAI134,19
B3SAT149,19
B3SAT152,19
B3SAT154,19
BBASA228,19
BBASD335,19
BBASH186,19
BBASH196,19
BBASH275,19
BBASI215,19
BBASI255,19
BBASK200,19
BBASL211,19
BBASS208W4,19
BBASS213W4,19
BBAST164,19
BBAST166,19
BBAST195W1,19
BBASU179,19
BBASU180,19
BBASU190,19
BBASU255,19
BBASU257,19
BBASU262,19
BBASV180,19
BBASV200,19
BBASV21,19
BBASV224,19
BBASX228,19
BBDCH120,19
BBDCH122,19
BBDCH161,19
BBDCH195,19
BBDCI140,19
BBDCI152,19
BBDCI16,19
BBDCI164,19
BBDCT150,19
BBDCU1,19
BBSEH332,19
BBSEH349,19
BBSEI353,19
BBSEI363,19
BBSEI403,19
BBSEL415,19
BBSET327,19
BBSET334,19
BBSEU328,19
BBSEU348,19
BBSEU353,19
BEEFH720,19
BEEFI561,19
BEEFI581,19
BEEFT476,19
BEEFT541,19
BEEFT551,19
BEEFU511,19
BGWH39,19
BMGBH362,19
BOVAC1,19
BOVAG128W4,19
BOVAG135W4,19
BOVAG136W4,19
BOVAG137W4,19
BOVAH126W1,19
BOVAH6,19
BOVAH800,19
BOVAI151,19
BOVAI25,19
BOVAJ1,19
BOVAJ120,19
BOVAJ133,19
BOVAJ145,19
BOVAL110,19
BOVAL28,19
BOVAL29,19
BOVAM200,19
BOVAS130W4,19
BOVAS131W4,19
BOVAS132W4,19
BOVAS135W4,19
BOVAT108,19
BOVAT14,19
BOVAT150,19
BOVAT6,19
BOVAU16,19
BPACH389,19
BPACT374,19
BPACT416,19
BPACT419,19
BPACT424,19
BRAPH185,19
BRAPT164,19
BRAVH241,19
BRAVT196,19
BRAVT206,19
BRAVU175,19
BRAVX200,19
BRFSH210,19
BRFSH227,19
BRFSH230,19
BRKMT140,19
BRKMT740,19
BRKMT940,19
BRKMU880,19
BRSRT112,19
BTIP39,19
BUSR39,19
C2HP34,19
C2RS34,19
CASHH740,19
CJCT11,19
CLOV34,19
CMIGU109,19
CMIGU116,19
CMINH497,19
COGNI300,19
COGNT300,19
CPLEH120,19
CSANH655,19
CSANH675,19
CSANH735,19
CSANI695,19
CSANT605,19
CSANT715,19
CSANT950,19
CSANU575,19
CSANU595,19
CSANU635,19
CSMGH270,19
CSMGH277,19
CSMGH295,19
CSMGT270,19
CSNAH759,19
CSNAH939,19
CSNAT729,19
CVCBH230,19
CVCBH280,19
CVCBT235,19
CVCBT240,19
CXSEH145,19
CXSEH157,19
CXSET139,19
D1OC34,19
E1DU34,19
EGIEH419,19
EGIEH472,19
EGIET394,19
EGIET437,19
ELETH395,19
ELETH415,19
ELETH42,19
ELETH438,19
ELETH445,19
ELETT385,19
ELETT394,19
ELETT405,19
ELETT418,19
ELETT42,19
ELETT43,19
EMBRH759,19
EMBRH919,19
EMBRI804,19
EMBRT630,19
EMBRT670W1,19
EMBRT710W1,19
EMBRT714,19
EMBRT724,19
EMBRT769,19
EMBRT799,19
EMBRU664,19
EMBRU674,19
ENEVH150,19
EQMA3BF,19
EQTLH380,19
EQTLT330,19
EZTCH133,19
EZTCH143,19
EZTCT133,19
FLRYT12,19
G1SK34,19
GEPA4,19
GGBRH193,19
GGBRU156,19
GOAUI100,19
HAPVH332,19
HAPVT215,19
HAPVT250,19
HAPVT270,19
HAPVT290,19
HYPEH290,19
HYPEI282,19
I1QY34,19
IBOVH135,19
IBOVI138,19
IBOVI140,19
IBOVT131,19
IGTIH23,19
INGG34,19
IRBRH445,19
IRBRH455,19
IRBRT397,19
IRBRT410,19
IRBRT430,19
IRBRT50,19
ISAEH240,19
ISAEI241,19
ITSAH119,19
ITSAI119,19
ITSAI982,19
ITSAU111,19
ITSAU992,19
ITUBH415,19
ITUBT348,19
ITUBT363,19
ITUBT366,19
ITUBT392,19
ITUBU379,19
ITUBU394,19
JBSSH930,19
JFEN1F,19
JHSFH543,19
JHSFT503,19
KLBNH178,19
KLBNH182,19
KLBNI204,19
KLBNT193,19
KLBNT195,19
KLBNU177,19
L2RN34,19
LBRD34,19
LMTB34,19
LRENH169,19
LRENH172,19
LWSAH395,19
MACY34,19
MCLO11,19
MGEL4,19
MGLUH115,19
MGLUH779,19
MGLUH799,19
MGLUH869,19
MGLUH879,19
MGLUT103,19
MGLUT669,19
MGLUT739,19
MNPR3F,19
MOSC34,19
MRFGT180,19
MRFGU225,19
MRVEH560,19
MRVET640,19
MULTH263,19
N1IS34,19
N1UE34,19
NATUH115,19
NATUT105,19
NEXP3,19
PATI4F,19
PCARH335,19
PCARH385,19
PCARU30,19
PETRA2,19
PETRA376,19
PETRG330W4,19
PETRH269,19
PETRH273,19
PETRH284,19
PETRH289,19
PETRH394,19
PETRI361,19
PETRK408,19
PETRL40,19
PETRL54,19
PETRL55,19
PETRS315W4,19
PETRT259,19
PETRT268,19
PETRT385,19
PETRT408,19
PETRU268,19
PETRU278,19
PETRU353,19
PETRU358,19
PETRV323,19
PETRV326,19
PETRV331,19
PETRW307,19
PETRX306,19
PETRX450,19
PETZH386,19
PETZT386,19
PETZT441,19
POMOH830,19
POMOH850,19
POMOT750,19
PQAG11,19
PRIOH472,19
PRIOH500,19
PRIOT350,19
PRIOT452,19
PRIOT460,19
PRIOU400,19
PSSAH520,19
RADLH143,19
RADLH168,19
RAILT165,19
RAILT190,19
RAIZB20,19
RAIZH200,19
RENTH370,19
RENTH398,19
RENTT328,19
RENTT333,19
RENTT336,19
RENTT393,19
RSUL4,19
SANBT266,19
SAPRH373,19
SAPRH380,19
SAPRH403,19
SBSPH12,19
SBSPH128,19
SBSPT103,19
SBSPT990,19
SIVR39,19
SMALH118,19
SMALH120,19
SMALU102,19
SNSY5F,19
SUZBH505,19
SUZBH555,19
SUZBI522,19
SUZBT467,19
SUZBT470,19
SUZBT525,19
SUZBT540,19
T1DG34,19
T1MU34,19
T1WL34,19
TAEEH337,19
TAEEH386,19
TAEET335,19
TAEEU336,19
U1AL34,19
UGPAT174,19
USIMG674,19
USIMH400,19
USIMH405,19
USIMH415,19
USIMT380,19
USIMT385,19
USIMT395,19
USIMT455,19
USIMT475,19
USIMT540,19
VALEH49,19
VALEH494,19
VALEH560W1,19
VALEH570W1,19
VALEH590W1,19
VALEH680,19
VALEI528,19
VALEI623,19
VALEI638,19
VALEJ560,19
VALER497,19
VALER602,19
VALET500W1,19
VALET631,19
VALET646,19
VALET650,19
VALEU496,19
VALEU558,19
VALEV485,19
VALEV520,19
VALEV560,19
VALEW526,19
VAMOH430,19
VAMOH450,19
VBBRT195,19
VBBRT215,19
VIVTH320,19
WEGEH398,19
WEGEH417,19
WEGEH448,19
WEGEH453,19
WEGEH468,19
WEGEH476,19
WEGET36,19
WEGET365,19
WEGET383,19
WEGET433,19
WUNI34,19
YDUQH141,19
YDUQH144,19
YDUQT116,19
YDUQT124,19
YDUQT125,19
YDUQT134,19
Z2SC34,19
A1ES34,18
ABCBH227,18
ABEVH12,18
ABEVH122,18
ABEVH127,18
ABEVI139,18
ABEVI141,18
ABEVU126,18
ABEVU131,18
ABTT34,18
ACNB34,18
ALMI11,18
ALOSH22,18
ALOST207,18
ALOST217,18
ASAIT950,18
AZULH110,18
AZULI100,18
AZULT115,18
AZULT850,18
AZULT950,18
AZZAT380,18
B3SAI132,18
B3SAI144,18
B3SAI149,18
B3SAI159,18
B3SAT135W1,18
B3SAU122,18
B3SAU129,18
BBASB270,18
BBASC630,18
BBASE266,18
BBASG218W4,18
BBASH181,18
BBASH184,18
BBASH191,18
BBASH210W1,18
BBASH215W1,18
BBASH225W2,18
BBASH274,18
BBASJ224,18
BBASL280,18
BBASL30,18
BBASL300,18
BBASM55,18
BBASQ233,18
BBASS218W4,18
BBAST156,18
BBAST200W2,18
BBASU169,18
BBASU174,18
BBASU252,18
BBASV500,18
BBDCH170W1,18
BBDCH197,18
BBDCI150,18
BBDCI158,18
BBDCI186,18
BBDCS162W4,18
BBDCT146,18
BBDCT182,18
BBDCU158,18
BBDCV170,18
BBSEH342,18
BBSEH397,18
BBSEH399,18
BBSEI36,18
BBSEI365,18
BBSET322,18
BBSEU335,18
BBSEU355,18
BEEFT481,18
BHIAH500,18
BHIAI390,18
BHIAU290,18
BILB34,18
BIVW39,18
BIXU39,18
BIYT39,18
BLCA11,18
BMGBT362,18
BOVAG134W4,18
BOVAG138W4,18
BOVAG139W4,18
BOVAH108,18
BOVAI114,18
BOVAI154,18
BOVAI23,18
BOVAL24,18
BOVAS133W4,18
BOVAS134W4,18
BOVAS136W4,18
BOVAT103,18
BOVAT133W1,18
BOVAT138W1,18
BOVAT7,18
BOVAU115,18
BOVAU17,18
BOVAU850,18
BOVAV13,18
BOVAV4,18
BOVAX126,18
BOVAX128,18
BOVAX14,18
BPACH386,18
BPACH446,18
BPACT369,18
BPACT421,18
BPANT80,18
BRAPL250,18
BRAVH218,18
BRAVI180,18
BRAVT153,18
BRAVT193,18
BRAVT221,18
BRFSH217,18
BRFSH220,18
BRFST192,18
BRFST200,18
BRKMH115,18
BRKMH910,18
BTFL39,18
CASHH780,18
CASHH820,18
CASHT620,18
CBEE3F,18
CMIGI116,18
CMIGT110,18
CMIGU114,18
CMINU497,18
COGNH245,18
COGNT243,18
COGNT298,18
CSAND60,18
CSANH665,18
CSANH715,18
CSANH725,18
CSANT125,18
CSANT615,18
CSANT735,18
CSANT765,18
CSANU615,18
CSMGH290,18
CSNAD804,18
CSNAH950,18
CSNAI899,18
CSNAU10,18
CSNAU819,18
CVCBH235,18
D2AS34,18
D2OC34,18
DLTR34,18
DOHL4F,18
EDFO11,18
EGIEH437,18
EGIEH44,18
EGIEH47,18
EGIEU416,18
ELETH3,18
ELETH410,18
ELETH417,18
ELETH425,18
ELETH432,18
ELETH435,18
ELETH443,18
ELETT410,18
ELETT412,18
EMBRH714,18
EMBRH739,18
EMBRH744,18
EMBRH754,18
EMBRH784,18
EMBRT590,18
EMBRT610,18
EMBRT614,18
EMBRT644,18
EMBRT690W1,18
EMBRT744,18
EMBRT774,18
EMBRU714,18
ENEVT130,18
EQTLT327,18
EQTLT332,18
EQTLT338,18
EUCA3,18
FLRYH135,18
FLRYT127,18
FRIO3F,18
G1LP34,18
GGBRT145,18
GGBRT176,18
GGBRU218,18
GOAUH925,18
GOAUI947,18
GOAUT847,18
GOAUU847,18
GRNDH550,18
HAPVT175,18
HAPVT205,18
HAPVT235,18
HAPVT28,18
HYPEH277,18
HYPET252,18
IBOVH136,18
IBOVI142,18
IBOVT13,18
IGTIH223,18
INFB11,18
IRBRH550,18
IRBRT432,18
IRBRT470,18
IRBRU405,18
IRBRX40,18
IRBRX499,18
ITSAH993,18
ITSAU101,18
ITUBH356,18
ITUBH391,18
ITUBI412,18
ITUBT350W2,18
ITUBT373,18
ITUBT400,18
ITUBU348,18
ITUBU406,18
ITUBX423,18
JBSST910,18
K1EY34,18
KLBNH213,18
KLBNT203,18
KLBNU184,18
LUXM4F,18
LWSAH385,18
LWSAH425,18
M1HK34,18
MGLUH679,18
MGLUH729,18
MGLUH749,18
MGLUH759,18
MGLUH829,18
MGLUI909,18
MGLUT609,18
MGLUT679,18
MGLUT969,18
MGLUU879,18
MGLUU899,18
MGLUU909,18
MGLUV729,18
MOVIH740,18
MRFGH225,18
MRFGT210,18
MRVEH690,18
MRVET630,18
MULTH268,18
MULTT258,18
MWET4F,18
NATUH105,18
NATUH120,18
NATUT960,18
NATUT980,18
NEWU11,18
PCARH325,18
PCARH345,18
PCARH405,18
PCARI360,18
PCART330,18
PETRC48,18
PETRF840,18
PETRG325W4,18
PETRH33,18
PETRH345W1,18
PETRH393,18
PETRI363,18
PETRI383,18
PETRJ323,18
PETRT269,18
PETRT305W1,18
PETRT320W1,18
PETRT33,18
PETRT352,18
PETRT38,18
PETRT398,18
PETRT466,18
PETRU288,18
PETZH381,18
PETZT396,18
PETZU383,18
PETZU388,18
PGMN11,18
POMOT810,18
PRIOH395,18
PRIOH477,18
PRIOI425,18
PRIOT360,18
PRIOT365,18
PRIOU370,18
PRIOU380,18
PRIOU412,18
PRIOX401,18
PRNR1,18
PRNR1F,18
PSSAH560,18
RADLH138,18
RADLH178,18
RADLT163,18
RADLU133,18
RAILH205,18
RAIZI149,18
RAIZU160,18
RAIZX200,18
RAPT4T,18
RCFA11,18
RENTH421,18
RENTH441,18
RENTT341,18
RENTT398,18
RZLC11,18
S2FM34,18
SANBH275,18
SANBH276,18
SANBT265,18
SANBU281,18
SAPRH390,18
SAPRH393,18
SBSPH111,18
SBSPT105,18
SBSPT107,18
SBSPT109,18
SLBG34,18
SLCEH189,18
SMALI108,18
SMTOT165,18
SUZBT482,18
SUZBT550,18
SUZBT555,18
TAEEI351,18
TAEEI362,18
TGTB34,18
TIMST209,18
TTENV11,18
UGPAI185,18
UGPAT154,18
USIMI407,18
USIMI437,18
USIMT370,18
USIMT375,18
USIMT510,18
USIMU392,18
USIMU407,18
USIMX399,18
VALEG540W4,18
VALEG560W4,18
VALEH496,18
VALEH499,18
VALEH501,18
VALEH530W1,18
VALEH570W2,18
VALEI618,18
VALEI653,18
VALEJ590,18
VALEJ700,18
VALEL57,18
VALEM580,18
VALEP53,18
VALET479,18
VALET484,18
VALET486,18
VALEU488,18
VALEU578,18
VALEU583,18
VALEX57,18
VAMOB50,18
VAMOH390,18
VBBRH218,18
VBBRH228,18
VBBRH235,18
VBBRT220,18
VIVTH307,18
VIVTT310,18
VIVTT317,18
VRSN34,18
VRTX34,18
WEGEH400,18
WEGEH410,18
WEGET368,18
WEGET373,18
WEGET435,18
WEGEU398,18
WLMM4F,18
YDUQH156,18
YDUQT114,18
YDUQT144,18
YDUQT145,18
YDUQU125,18
Z1TS34,18
A2MB34,17
ABCBH230,17
ABEVT12,17
ABEVU134,17
ABEVU136,17
ALOSH243,17
ALOST213,17
ASAIH110,17
ASAIT110,17
AZEV12F,17
AZTE3T,17
AZULT750,17
AZZAH405,17
B2AP34,17
B3SAH164,17
B3SAI137,17
B3SAI146,17
B3SAT162,17
B3SAU124,17
B3SAU139,17
B3SAU144,17
BBASA151,17
BBASA268,17
BBASA45,17
BBASB683,17
BBASD5,17
BBASG233W4,17
BBASH301,17
BBASI205,17
BBASI262,17
BBASJ226,17
BBASK260,17
BBASK540,17
BBASL223,17
BBASL253,17
BBASS223W4,17
BBAST210W2,17
BBAST279,17
BBAST286,17
BBAST301,17
BBASV190,17
BBASV234,17
BBASX214,17
BBDCI159,17
BBDCI166,17
BBDCI18,17
BBDCJ189,17
BBDCT180,17
BBDCU14,17
BBDCU145,17
BBDCU150,17
BBSEB38,17
BBSEI358,17
BBSET382,17
BBSET387,17
BBSEU358,17
BCOM39,17
BEEFH496,17
BEEFH591,17
BEEFH611,17
BEEFI541,17
BEEFT491,17
BEWH39,17
BGIP3F,17
BIED3,17
BIJR39,17
BIYE39,17
BLBT39,17
BMGBH372,17
BMGBH400,17
BOVAC135,17
BOVAC16,17
BOVAG130W4,17
BOVAG131W4,17
BOVAG133W4,17
BOVAG140W4,17
BOVAG141W4,17
BOVAG142W4,17
BOVAH124W1,17
BOVAH128W1,17
BOVAH134W1,17
BOVAH134W4,17
BOVAH144W1,17
BOVAH155,17
BOVAH3,17
BOVAH500,17
BOVAK138,17
BOVAL105,17
BOVAL11,17
BOVAS138W4,17
BOVAT101,17
BOVAT160,17
BOVAT220,17
BOVAU105,17
BOVAU11,17
BOVAU118,17
BOVAU990,17
BOVAX159,17
BOVAX201,17
BOVAX25,17
BPACH451,17
BPACT426,17
BPANT880,17
BRAP4T,17
BRAPH167,17
BRAPI164,17
BRAPI17,17
BRAPI175,17
BRAPI180,17
BRAPU160,17
BRAPU165,17
BRAVH173,17
BRAVT213,17
BRAVU185,17
BRFSH240,17
BRFST189,17
BRFSU185,17
BRKMH117,17
BRKMH130,17
BRKMI110,17
BRSRH115,17
C1NS34,17
CAPE11,17
CASHH720,17
CASHH770,17
CBAVH520,17
CMIGU119,17
CMINI600,17
COGNT233,17
COGNT268,17
COGNT313,17
COGNU268,17
CPLEH140,17
CPLET109,17
CSANH645,17
CSANH785,17
CSANH815,17
CSANI735,17
CSANT585,17
CSANT595,17
CSANU142,17
CSMGH275,17
CSNAI859,17
CSNAT899,17
CSNAX800,17
CVCBI260,17
CXSET137,17
CXSET150,17
CXTL11,17
CYRET224,17
CYRET280,17
DIRRT400,17
DVER11,17
ECORH700,17
ECORT660,17
EGIEH500,17
EGIET392,17
EKTR3F,17
ELETH392,17
ELETH397,17
ELETH400,17
ELETH43,17
ELETH446,17
ELETH6,17
ELETT438,17
EMBRL800,17
EMBRT604,17
EMBRT680W1,17
EMBRT819,17
EMBRU719,17
EMBRU774,17
ENEVH135,17
ENEVT135,17
ENGIT451,17
EQTLH353,17
EQTLH363,17
EQTLH383,17
EQTLT337,17
EQTLT342,17
EZTCH152,17
F1TN34,17
F2IC34,17
FLRYH145,17
GGBRT183,17
GOAUH106,17
GOAUT100,17
GOAUT827,17
HAPVH34,17
HAPVH38,17
HAPVT300,17
HPDP11,17
HYPEH262,17
HYPEH307,17
HYPET247,17
HYPET272,17
IBOVH134,17
IBOVH143,17
IBOVT129,17
IBOVU133,17
IBOVU135,17
IRBR3T,17
IRBRH440,17
IRBRH465,17
IRBRH477,17
IRBRH487,17
IRBRH490,17
IRBRH510,17
IRBRH520,17
IRBRT345,17
IRBRT437,17
IRBRT465,17
ITSAG150,17
ITSAH108,17
ITSAH942,17
ITSAU982,17
ITUBH355,17
ITUBH365W1,17
ITUBH376,17
ITUBH423,17
ITUBH427,17
ITUBI348,17
ITUBI406,17
ITUBI419,17
ITUBT343,17
ITUBT351,17
ITUBT356,17
ITUBT379,17
ITUBT385,17
ITUBT402,17
ITUBU381,17
ITUBU384,17
JBSSH920,17
JBSSH932,17
JBSST91,17
JBSST930,17
JBSST980,17
JBSST990,17
JFEN1,17
JHSFH563,17
JHSFT523,17
KLBNH212,17
KLBNI194,17
KLBNT202,17
LEVEH310,17
LJQQ3T,17
LRENH159,17
LRENH177,17
LRENT197,17
MEAL3T,17
MGLUH789,17
MGLUI100,17
MGLUI103,17
MGLUI819,17
MGLUI859,17
MGLUL200,17
MGLUT105,17
MGLUT639,17
MGLUT659,17
MGLUT689,17
MGLUT979,17
MGLUT989,17
MGLUU719,17
MGLUU769,17
MGLUU779,17
MGLUU959,17
MOVIH640,17
MOVIH680,17
MRFGU220,17
MULTH273,17
NATUH920,17
NATUH980,17
NATUT900,17
ODPVH120,17
PCARH370,17
PEAB3F,17
PEAB4F,17
PETRG320W4,17
PETRG335W4,17
PETRH335W2,17
PETRH379,17
PETRH382,17
PETRI316,17
PETRI381,17
PETRI398,17
PETRJ331,17
PETRJ356,17
PETRK324,17
PETRM333,17
PETRT300W1,17
PETRT325W1,17
PETRT362,17
PETRT394,17
PETRU363,17
PETRU366,17
PETRU368,17
PETRV308,17
PETZH396,17
PETZT406,17
PETZT421,17
PETZU393,17
PMAM1,17
PMAM1F,17
POMOH930,17
POMOT800,17
PRIF11,17
PRIOH397,17
PRIOH490,17
PRIOI430,17
PRIOR407,17
PRIOT355,17
PRIOT372,17
PRIOT382,17
PRIOU420,17
PRIOU425,17
PSSAH530,17
PTNT3F,17
Q2SC34,17
QUALT180,17
RADLH166,17
RADLH181,17
RADLU128,17
RAIZA20,17
RAIZI180,17
RAIZT180,17
RAIZU149,17
RANIH823,17
RCRI11,17
RDORH35,17
RDORT320,17
RECVT142,17
RENTH360,17
RENTH376,17
RENTH377,17
RENTH382,17
RENTH43,17
RENTH431,17
RENTH448,17
RENTH458,17
RENTT331,17
RENTT396,17
RENTT403,17
S1YY34,17
SAPRH343,17
SAPRT363,17
SBSPH117,17
SBSPH123,17
SBSPH125,17
SBSPH126,17
SBSPT111,17
SLCET187,17
SMALH114,17
SMALI114,17
SMALU100,17
SMTOH182,17
SMTOH195,17
SMTOT180,17
SMTOT185,17
SUZBH570,17
SUZBI517,17
TAEEI361,17
TAEET353,17
TAEET366,17
TAEEU341,17
TIMSH204,17
TIMST199,17
TUPYT170,17
UGPAH169,17
UGPAH174,17
USIMD400,17
USIMH475,17
USIMH495,17
USIMT350,17
USIMT530,17
VALED699,17
VALEG54W4,17
VALEH498,17
VALEH520W1,17
VALEH580W2,17
VALEH691,17
VALEH695,17
VALEI643,17
VALEJ534,17
VALEJ594,17
VALEJ650,17
VALEL580,17
VALEL590,17
VALEO350,17
VALES530W4,17
VALET466,17
VALET520W1,17
VALET660,17
VALET661,17
VALET691,17
VALEU568,17
VALEU588,17
VALEU593,17
VALEV490,17
VALEX550,17
VALEX570,17
VAMOT350,17
VBBRH220,17
VBBRH245,17
VIVTH310,17
VIVTT287,17
WEGEH380,17
WEGET355,17
WEGET363,17
WEGET440,17
WEGEU391,17
WEGEU406,17
WEGEX415,17
YDUQT115,17
YDUQT126,17
YDUQT141,17
A1LL34,16
A1VB34,16
ABCBH220,16
ABCBH240,16
ABCBT215,16
ABEVI136,16
ALOSI232,16
ANIM3T,16
ASAIH115,16
ASAIT900,16
ASAIT940,16
ASAIU939,16
AURE3T,16
AUREH107,16
AUREH994,16
AZULH850,16
AZULT160,16
AZULT700,16
AZZAH385,16
AZZAH395,16
AZZAT330,16
AZZAT335,16
B2UR34,16
B3SAH110,16
B3SAS140W4,16
B3SAU119,16
B3SAU141,16
B3SAV137,16
BAGG39,16
BARI11,16
BBASG213W4,16
BBASG223W4,16
BBASG228W4,16
BBASH230W1,16
BBASI207,16
BBASI210,16
BBASI212,16
BBASI257,16
BBASI265,16
BBASI267,16
BBASJ229,16
BBASL210,16
BBASL214,16
BBASL243,16
BBASL260,16
BBASS228W4,16
BBAST205W2,16
BBAST205W4,16
BBAST230W1,16
BBAST289,16
BBAST296,16
BBASU175,16
BBASU245,16
BBASV205,16
BBASV259,16
BBASW235,16
BBASX21,16
BBDC3T,16
BBDCH130,16
BBDCH174W1,16
BBDCH198,16
BBDCI1,16
BBDCI137,16
BBDCI141,16
BBDCJ170,16
BBDCS160W4,16
BBDCS165W4,16
BBDCT124,16
BBDCT129,16
BBDCT148,16
BBDCT159W1,16
BBDCV120,16
BBSEI355,16
BBSEI378,16
BBSEI383,16
BBSET317,16
BBSET389,16
BEEFH491,16
BEEFT471,16
BEEFT720,16
BEFA39,16
BEMV39,16
BHIAU390,16
BIED3F,16
BIXJ39,16
BMGBE510,16
BOVAG126W4,16
BOVAG132W4,16
BOVAG144W4,16
BOVAH107,16
BOVAH132W1,16
BOVAH133W1,16
BOVAH138W2,16
BOVAH140W4,16
BOVAH23,16
BOVAI105,16
BOVAI11,16
BOVAI117,16
BOVAJ132,16
BOVAJ30,16
BOVAK13,16
BOVAL1,16
BOVAL126,16
BOVAL155,16
BOVAL70,16
BOVAS127W4,16
BOVAS128W4,16
BOVAS129W4,16
BOVAS137W4,16
BOVAS139W4,16
BOVAT128W1,16
BOVAT140W1,16
BOVAT990,16
BOVAU101,16
BOVAU112,16
BOVAU113,16
BOVAU28,16
BOVAU30,16
BOVAW11,16
BOVAW124,16
BOVAX1,16
BOVAX110,16
BPACH379,16
BPACH384,16
BPACH449,16
BPACT361,16
BPACT366,16
BPACT429,16
BQUA39,16
BRAPI178,16
BRAPT175,16
BRAPU167,16
BRAPU172,16
BRAPX18,16
BRAVG180W4,16
BRAVI185,16
BRAVT208,16
BRAVU210,16
BRAVV17,16
BRFSH205,16
BRFSH250,16
BRFST205,16
BRFSU170,16
BRKMI120,16
BRKMT120,16
BRKMT970,16
BRKMT990,16
BRSRH114,16
BRSRH119,16
BRSRH124,16
BSHY39,16
C2RN34,16
CASHT570,16
CASHT680,16
CASHT70,16
CASHT720,16
CASHU660,16
CMIGT982,16
CMIGU106,16
COGNI308,16
COGNT258,16
COGNU253,16
CRPG6F,16
CSANH625,16
CSANH635,16
CSANH855,16
CSANI655,16
CSANI715,16
CSANT575,16
CSANT745,16
CSANT775,16
CSNAH959,16
CSNAI819,16
CSNAI839,16
CSNAT909,16
CSNAT919,16
CSNAT939,16
CSNAU839,16
CVCBH255,16
CVCBH290,16
CVCBI270,16
CVCBT210,16
CYREH244,16
CYREH294,16
EGIEH487,16
EGIET372,16
EGIET396,16
EGIEU396,16
ELET3T,16
ELETH402,16
ELETH44,16
ELETH45,16
ELETH455,16
ELETH48,16
ELETT2,16
ELETT375,16
ELETT40,16
ELETT417,16
EMBRE790,16
EMBRH650,16
EMBRH674,16
EMBRH684,16
EMBRH699,16
EMBRH719,16
EMBRH724,16
EMBRI859,16
EMBRT580,16
EMBRT584,16
EMBRT594,16
EMBRT764,16
EMBRT849,16
EMBRU729,16
ENEVH137,16
ENEVT137,16
ENMT4F,16
EQTLH350,16
EQTLT322,16
EQTLT325,16
EQTLT335,16
EQTLT345,16
ESTR4F,16
F1IS34,16
F2VR34,16
FLRYH140,16
FLRYT130,16
FMXB34,16
FPAB11,16
GGBRH158,16
GGBRH175W1,16
GGBRI181,16
GGBRI191,16
GGBRT140,16
GGBRT181,16
GOAUH887,16
GOAUI927,16
GOAUX100,16
GSHP3F,16
HAPVH225,16
HAPVH339,16
HAPVH380,16
HAPVH39,16
HAPVT34,16
HGAG11,16
HYPEH267,16
HYPEI272,16
IBOVH133,16
IBOVH144,16
IBOVH147,16
IBOVI136,16
IBOVI144,16
IBOVT125,16
IGTIH222,16
IGTIH233,16
IRBRH430,16
IRBRH462,16
IRBRH530,16
IRBRT375,16
IRBRT390,16
IRBRT412,16
IRBRT427,16
IRBRT435,16
ISAEU221,16
ITSAH973,16
ITSAI101,16
ITSAI106,16
ITSAI121,16
ITSAI793,16
ITSAT983,16
ITUBH338,16
ITUBH360W1,16
ITUBH365W2,16
ITUBH375W1,16
ITUBI388,16
ITUBI394,16
ITUBI399,16
ITUBI401,16
ITUBI411,16
ITUBI414,16
ITUBI424,16
ITUBS355W4,16
ITUBS360W4,16
ITUBT340W2,16
ITUBT345W2,16
ITUBT350W1,16
ITUBT355W1,16
ITUBT38,16
ITUBU36,16
ITUBU376,16
ITUBU386,16
JBSSH91,16
JBSSH917,16
JHSFH573,16
K1RC34,16
KLBNI197,16
L1YB34,16
LRENH162,16
LRENI176,16
LRENT170,16
LRENU168,16
LRENX165,16
MGLUH113,16
MGLUH719,16
MGLUI829,16
MGLUI889,16
MGLUI999,16
MGLUS840W4,16
MGLUT629,16
MGLUT649,16
MGLUT949,16
MGLUU50,16
MGLUU739,16
MGLUU829,16
MNPR3,16
MOTVH130,16
MOVIT60,16
MRFGH220,16
MRFGH222,16
MRFGI250,16
MRFGT182,16
MRFGT187,16
MRFGU230,16
MRVEH720,16
MRVEI600,16
MRVEI660,16
MRVEI700,16
MRVET50,16
MULTT243,16
NATU3T,16
NATUH107,16
NATUH960,16
NATUI110,16
NATUT107,16
NOKI34,16
PATA11,16
PCARH290,16
PCARH375,16
PCART295,16
PCART315,16
PCART350,16
PCART400,16
PETRB37,16
PETRC200,16
PETRG315W4,16
PETRH249,16
PETRH315W1,16
PETRH340W2,16
PETRH370,16
PETRH40,16
PETRH408,16
PETRH413,16
PETRI318,16
PETRI388,16
PETRI396,16
PETRJ318,16
PETRJ335,16
PETRJ348,16
PETRL361,16
PETRL405,16
PETRL48,16
PETRM328,16
PETRM346,16
PETRP309,16
PETRS305W4,16
PETRS310W4,16
PETRS320W4,16
PETRT249,16
PETRT253,16
PETRT300W2,16
PETRT326,16
PETRT330W1,16
PETRT335W1,16
PETRT35,16
PETRU283,16
PETRV303,16
PETRV311,16
PETRV336,16
PETRW352,16
PETZH426,16
PETZI388,16
PETZL900,16
PETZT336,16
POMOT790,16
PRIOE45,16
PRIOG425W4,16
PRIOH482,16
PRIOI440,16
PRIOI450,16
PRIOT367,16
PRIOT447,16
PRIOT457,16
PSSAH540,16
PSSAT500,16
PSSAT510,16
QUALH190,16
RADLH173,16
RADLU153,16
RAILT160,16
RAILT195,16
RAIZH190,16
RAIZU140,16
RAIZU170,16
RAIZV146,16
RDORH355,16
RDORH365,16
RDORT330,16
RENTH367,16
RENTH446,16
RENTH456,16
RENTH461,16
RENTL426,16
RENTT338,16
RENTT362,16
RENTT423,16
RPAD3F,16
S1HW34,16
S1LG34,16
SANBH321,16
SANBT291,16
SANBU276,16
SBFG3T,16
SBSPH1,16
SBSPH109,16
SBSPH3,16
SBSPU105,16
SLCEH194,16
SLCET177,16
SMALH980,16
SMALT109,16
SMALT950,16
SMALT960,16
SMALU106,16
SMTOH175,16
SUZBH565,16
SUZBH575,16
SUZBT487,16
SUZBW52,16
TIMSH209,16
TIMSH218,16
TIMST194,16
TUPYT175,16
UGPAH181,16
UGPAT179,16
USIMB500,16
USIMH380,16
USIMH540,16
USIMT470,16
USIMT550,16
VALEG570W4,16
VALEH488,16
VALEH511,16
VALEH580W1,16
VALEJ574,16
VALEJ585,16
VALEJ604,16
VALEN560,16
VALES520W4,16
VALES540W4,16
VALES54W4,16
VALET530W1,16
VALEU463,16
VALEU466,16
VALEU481,16
VALEU486,16
VAMOH440,16
VBBRH21,16
VBBRH25,16
VBBRH253,16
VBBRI230,16
VBBRI260,16
VBBRT225,16
VBBRU20,16
VBBRU21,16
VXXV11,16
W1AB34,16
W1IX34,16
W1MB34,16
WEGEH383,16
WEGEH403,16
WEGEH405,16
WEGEH463,16
WEGEH478,16
WEGET350,16
WEGET438,16
WEGET458,16
WEGEU381,16
WEGEU403,16
WEGEU408,16
WEGEU411,16
Y2PF34,16
YDUQH134,16
YDUQH164,16
YDUQH185,16
YDUQT106,16
YDUQT154,16
ABEVG135W4,15
ABEVH103,15
ABEVI147,15
ABEVT130W1,15
ABEVT135W1,15
ABEVT152,15
ABEVU15,15
AFHF11,15
ALOSH232,15
ALOSH237,15
ARMLH404,15
AUREH102,15
AZULH80,15
AZULT145,15
AZULT900,15
AZZAH360,15
AZZAH410,15
AZZAH440,15
AZZAH475,15
AZZAI390,15
B3SAI141,15
B3SAS145W4,15
B3SAT110,15
B3SAT115,15
B3SAU127,15
BBASA301,15
BBASE233,15
BBASG208W4,15
BBASH227W2,15
BBASI202,15
BBASJ256,15
BBASL228,15
BBASL230,15
BBASM268,15
BBAST151,15
BBAST185W2,15
BBAST200W4,15
BBAST217W2,15
BBAST30,15
BBASV185,15
BBASV226,15
BBASX255,15
BBDCG170W4,15
BBDCG172W4,15
BBDCH131,15
BBDCH164W1,15
BBDCH179W1,15
BBDCT164W1,15
BBDCT185,15
BBDCT197,15
BBDCU147,15
BBDCU152,15
BBSEH337,15
BBSEH339,15
BBSEI340,15
BBSEI348,15
BBSEI360,15
BBSEI368,15
BBSEI390,15
BBSET319,15
BBSET399,15
BBSEU330,15
BBSEU333,15
BBSEU340,15
BBSEU36,15
BBSEV332,15
BEEFH621,15
BEEFI521,15
BEEFI571,15
BEEFI601,15
BEEFL800,15
BEEFT571,15
BEEFX650,15
BEGU39,15
BEWC39,15
BEWL39,15
BEWT39,15
BEWY39,15
BHER39,15
BHIAT330,15
BIGO39,15
BMIN3F,15
BOVAG120W4,15
BOVAG122W4,15
BOVAG124W4,15
BOVAG125W4,15
BOVAH102,15
BOVAH103,15
BOVAH120W1,15
BOVAH132W2,15
BOVAH134W2,15
BOVAH140W1,15
BOVAH156,15
BOVAH320,15
BOVAI160,15
BOVAS123W4,15
BOVAS124W4,15
BOVAS126W4,15
BOVAS140W4,15
BOVAT120W1,15
BOVAT122W1,15
BOVAT124W1,15
BOVAT126W1,15
BOVAT9,15
BOVAU117,15
BOVAU940,15
BOVAU950,15
BOVAV100,15
BOVAV122,15
BOVAV132,15
BOVAW123,15
BOVAX139,15
BPACH381,15
BPACI410,15
BPACI415,15
BPACS400W4,15
BPACU395,15
BPACU400,15
BPAN4T,15
BRAPI170,15
BRAPU157,15
BRAPU162,15
BRAVI170,15
BRAVQ170,15
BRAVT151,15
BRAVT216,15
BRAVT243,15
BRAVU162,15
BRAVU172,15
BRAVU177,15
BRFSH215,15
BRFST207,15
BRFST212,15
BRFST215,15
BRFST220,15
BRKMH840,15
BRKMH890,15
BRKMT102,15
C1BS34,15
C1PR34,15
C1TV34,15
CASHH680,15
CASHH840,15
CASHT640,15
CASHT660,15
CBAVH50,15
CEAB3T,15
CEEB3,15
CGAS3,15
CMIGI115,15
CMIGJ120,15
CMIGT122,15
CMIGT972,15
CMINH617,15
CMINI597,15
CMINT557,15
CMINU487,15
CMINX600,15
COGNI273,15
COGNT223,15
CPFEH397,15
CPFEH407,15
CPLEH133,15
CPLEI120,15
CPLEI124,15
CPLEI130,15
CPLEU109,15
CPLEU114,15
CSANH805,15
CSANT555,15
CSANT565,15
CSANT755,15
CSANT795,15
CSANT805,15
CSANV620,15
CSMGF300,15
CSMGH265,15
CSNAU779,15
CSNAU899,15
CSNAV10,15
CTSA3,15
CVCBI249,15
CXSEH160,15
CXSEH162,15
CXSET152,15
D1LR34,15
E1RI34,15
E1XR34,15
EBAY34,15
ECORH710,15
EGIEH406,15
EGIET380,15
EGIET382,15
EGIET386,15
EKTR4,15
ELETH389,15
ELETH440,15
ELETH47,15
ELETH475,15
ELETH5,15
ELETH7,15
ELETT363,15
ELETT420,15
ELETU372,15
EMBRH680,15
EMBRH704,15
EMBRI729,15
EMBRI754,15
EMBRT660W1,15
EMBRT794,15
EMBRU610,15
ENGIH471,15
ENMT3F,15
EQTLH36,15
EQTLH370,15
EQTLH385,15
EQTLT340,15
EQTLT35,15
EQTLT355,15
EXGR34,15
EZTCH138,15
EZTCH145,15
FLRYH130,15
GGBRI171,15
GGBRU161,15
GLPF11,15
GOAUT807,15
GOAUU867,15
GRNDH530,15
GRNDT510,15
HAPVH35,15
HAPVH362,15
HAPVT165,15
HAPVT280,15
HAPVT30,15
HAPVT339,15
HBORH230,15
HYPEH291,15
HYPET267,15
I1LM34,15
IBOVH145,15
IBOVH146,15
IBOVI132,15
IBOVI133,15
IBOVI137,15
IBOVO150,15
IBOVT128,15
IBOVU126,15
IBOVU138,15
IBOVU142,15
IGTIT210,15
IRBRF600,15
IRBRH435,15
IRBRT422,15
IRBRT460,15
IRBRU425,15
IRBRU455,15
ISAEI236,15
ITSAH11,15
ITSAS105W4,15
ITSAT116,15
ITSAT119,15
ITUBG375W4,15
ITUBH343,15
ITUBH353,15
ITUBH355W1,15
ITUBH361,15
ITUBH368,15
ITUBH373,15
ITUBI389,15
ITUBI392,15
ITUBI404,15
ITUBL401,15
ITUBT382,15
ITUBU366,15
ITUBU369,15
ITUBU371,15
ITUBU389,15
ITUBU401,15
ITUBU409,15
ITUBU411,15
JHSFH513,15
KLBNU174,15
LREN3T,15
LRENH151,15
LRENI183,15
LRENI188,15
LRENJ22,15
LRENS185W4,15
LRENT151,15
LRENT156,15
LRENT159,15
LRENU173,15
LUXM4,15
LWSAH375,15
LWSAH410,15
MALL11,15
MDLZ34,15
MGLUH12,15
MGLUH499,15
MGLUH769,15
MGLUI809,15
MGLUI869,15
MGLUI899,15
MGLUI929,15
MGLUI949,15
MGLUK26,15
MGLUS820W4,15
MGLUS900W4,15
MGLUT820W1,15
MGLUU699,15
MOTVH123,15
MOTVT123,15
MOTVT133,15
MOVIH670,15
MRFGH212,15
MRFGH217,15
MRFGI240,15
MRFGT185,15
MRFGU235,15
MRSA3BF,15
MRVEH790,15
MRVEI640,15
MRVET690,15
MRVEU540,15
MRVEU560,15
MRVEU620,15
MULTU258,15
MYPKH142,15
MYPKH147,15
N1TA34,15
PCARH310,15
PCARH315,15
PCARH425,15
PCART340,15
PETRG340W4,15
PETRH215,15
PETRH244,15
PETRH248,15
PETRH259,15
PETRH264,15
PETRH278,15
PETRH330W2,15
PETRH359,15
PETRH402,15
PETRH728,15
PETRI321,15
PETRI323,15
PETRL450,15
PETRM419,15
PETRS325W4,15
PETRS345W4,15
PETRT255,15
PETRT317,15
PETRT34,15
PETRT403,15
PETRU231,15
PETRU361,15
PETRV30,15
PETRX194,15
PETZH371,15
PETZH416,15
PETZH501,15
PETZL50,15
PETZT431,15
PLCR11,15
POSIH493,15
PRIOG430W4,15
PRIOL55,15
PRIOT377,15
PRIOU390,15
PRIOU410,15
PRIOU430,15
PSSAT530,15
RADLH183,15
RADLH188,15
RADLI143,15
RADLT118,15
RADLT158,15
RADLU123,15
RADLU143,15
RAILH210,15
RAIZH210,15
RAIZL200,15
RAIZV500,15
RANIH763,15
RANIT723,15
RDORT335,15
RECVH142,15
RENTH362,15
RENTH365,15
RENTH375,15
RENTH380,15
RENTH426,15
RENTH433,15
RENTH436,15
RENTH438,15
RENTH451,15
RENTT321,15
RENTT323,15
RENTT401,15
S2TW34,15
SANBH265,15
SANBH316,15
SANBT255,15
SANBT256,15
SAPRH325,15
SAPRT353,15
SAPRV29,15
SBSPH2,15
SBSPI117,15
SLCET180,15
SMALH990,15
SMALI106,15
SMALU104,15
SMTOT190,15
SUZBU517,15
TAEEH335,15
TAEET360,15
TIMSH224,15
TOTST406,15
TUPYT165,15
TXRX4F,15
UGPAH184,15
UGPAH189,15
UGPAT149,15
UNIP5,15
USIMH530,15
USIMI467,15
USIMT465,15
USIMT490,15
USIMU397,15
USIMU427,15
VALEF602,15
VALEG520W4,15
VALEG530W4,15
VALEG580W4,15
VALEH500W1,15
VALEH540W1,15
VALEH550W1,15
VALEH681,15
VALEI518,15
VALEI628,15
VALEI648,15
VALEJ554,15
VALEL220,15
VALEL644,15
VALET459,15
VALET461,15
VALET474,15
VALET476,15
VALET510W1,15
VALET540W1,15
VALET681,15
VALEU493,15
VALEU573,15
VALEU598,15
VALEU638,15
VALEX580,15
VALEX600,15
VBBRI218,15
VBBRU208,15
VBBRU215,15
VIVAH281,15
WEGEH395,15
WEGEH486,15
WEGEI401,15
WEGET358,15
WEGEU386,15
WEGEU388,15
WEGEU401,15
WEGEU421,15
WIZCH800,15
WIZCT800,15
XRXB34,15
YDUQH145,15
YDUQH154,15
YDUQU130,15
A1PH34,14
ABEVG120,14
ABEVG130,14
ABEVG133,14
ABEVG135,14
ABEVG138,14
ABEVG140,14
ABEVG143,14
ABEVH121,14
ABEVH135W1,14
ABEVH140W1,14
ABEVI131,14
ABEVS130,14
ABEVS133,14
ABEVS135,14
ABEVS135W4,14
ABEVS138,14
ABEVS140,14
ABEVS145,14
ABEVT123,14
ALOSG229,14
ALOSH213,14
ALOST203,14
ALPAH105,14
ALUPH315,14
ASAIG100,14
ASAIH950,14
ASAIS96,14
ASAIT920,14
AUREH974,14
AZULH130,14
AZULH700,14
AZULI125,14
AZULS10,14
AZULS900,14
AZULT395,14
AZULT800,14
AZZAH350,14
AZZAH420,14
AZZAH442,14
AZZAS332,14
AZZAS372,14
AZZAS375,14
AZZAS385,14
AZZAS390,14
AZZAT340,14
AZZAT390,14
B3SAG115,14
B3SAG119,14
B3SAG122,14
B3SAG124,14
B3SAG127,14
B3SAG129,14
B3SAG132,14
B3SAG134,14
B3SAG136,14
B3SAG139,14
B3SAH107,14
B3SAI139,14
B3SAS129,14
B3SAS130W4,14
B3SAS132,14
B3SAS134,14
B3SAS135W4,14
B3SAS136,14
B3SAS139,14
B3SAS141,14
B3SAS144,14
B3SAS146,14
B3SAS149,14
B3SAS151,14
B3SAU117,14
BBASG204,14
BBASG211,14
BBASG212,14
BBASG214,14
BBASG219,14
BBASG221,14
BBASG222,14
BBASG226,14
BBASG229,14
BBASG230,14
BBASG234,14
BBASG236,14
BBASG237,14
BBASG239,14
BBASG241,14
BBASG246,14
BBASG249,14
BBASG260,14
BBASH205W1,14
BBASH210W2,14
BBASH213W4,14
BBASH215W2,14
BBASH220W2,14
BBASH281,14
BBASH289,14
BBASI272,14
BBASJ239,14
BBASK232,14
BBASL201,14
BBASL301,14
BBASS191,14
BBASS194,14
BBASS196,14
BBASS199,14
BBASS201,14
BBASS204,14
BBASS209,14
BBASS211,14
BBASS212,14
BBASS214,14
BBASS219,14
BBASS221,14
BBASS222,14
BBASS226,14
BBASS229,14
BBASS230,14
BBASS234,14
BBASS236,14
BBASS237,14
BBASS239,14
BBASS241,14
BBASS244,14
BBASS246,14
BBASS249,14
BBASS251,14
BBASS256,14
BBASS259,14
BBASS260,14
BBASS264,14
BBASS266,14
BBASS267,14
BBASS271,14
BBASS276,14
BBASS279,14
BBASS280,14
BBASS287,14
BBASS289,14
BBASS290,14
BBAST146,14
BBAST185W1,14
BBAST190W2,14
BBAST190W4,14
BBAST195W2,14
BBAST291,14
BBASV241,14
BBASW200,14
BBASX225,14
BBASX251,14
BBDCG018,14
BBDCG11,14
BBDCG122,14
BBDCG125,14
BBDCG127,14
BBDCG13,14
BBDCG137,14
BBDCG139,14
BBDCG140,14
BBDCG142,14
BBDCG143,14
BBDCG148,14
BBDCG15,14
BBDCG150,14
BBDCG152,14
BBDCG153,14
BBDCG155,14
BBDCG157,14
BBDCG160,14
BBDCG165,14
BBDCG165W4,14
BBDCG167W4,14
BBDCG170,14
BBDCG172,14
BBDCG175,14
BBDCG177,14
BBDCH159W1,14
BBDCH163,14
BBDCH167W1,14
BBDCH205,14
BBDCI12,14
BBDCI131,14
BBDCI142,14
BBDCI146,14
BBDCI155,14
BBDCI184,14
BBDCS018,14
BBDCS142,14
BBDCS143,14
BBDCS15,14
BBDCS152,14
BBDCS157,14
BBDCS157W4,14
BBDCS160,14
BBDCS165,14
BBDCS167,14
BBDCS167W4,14
BBDCS170,14
BBDCS171,14
BBDCS172,14
BBDCS175,14
BBDCS177,14
BBDCT154W1,14
BBDCU131,14
BBDCU142,14
BBDCU17,14
BBDCU175,14
BBSEF431,14
BBSEG364,14
BBSEG367,14
BBSEG374,14
BBSEG377,14
BBSEG380,14
BBSEG385,14
BBSEH334,14
BBSEH402,14
BBSES339,14
BBSES342,14
BBSES344,14
BBSES347,14
BBSES349,14
BBSES352,14
BBSES354,14
BBSES359,14
BBSES364,14
BBSES367,14
BBSES369,14
BBSES372,14
BBSES374,14
BBSES377,14
BBSES379,14
BBSES380,14
BBSES382,14
BBSES385,14
BBSEU363,14
BBSEV337,14
BEEFG500,14
BEEFG501,14
BEEFG521,14
BEEFG531,14
BEEFG690,14
BEEFS500W4,14
BEEFS501,14
BHIAG310,14
BHIAG365,14
BHIAT70,14
BHIAU490,14
BIBB39,14
BLMO11,14
BMGBT352,14
BOVAC115,14
BOVAG1,14
BOVAG100,14
BOVAG110,14
BOVAG112,14
BOVAG113,14
BOVAG114,14
BOVAG117,14
BOVAG118,14
BOVAG118W4,14
BOVAG119,14
BOVAG119W4,14
BOVAG12,14
BOVAG120,14
BOVAG121,14
BOVAG123,14
BOVAG124,14
BOVAG126,14
BOVAG127,14
BOVAG127W4,14
BOVAG128,14
BOVAG129,14
BOVAG129W4,14
BOVAG13,14
BOVAG130,14
BOVAG131,14
BOVAG133,14
BOVAG134,14
BOVAG135,14
BOVAG136,14
BOVAG137,14
BOVAG138,14
BOVAG139,14
BOVAG14,14
BOVAG140,14
BOVAG221,14
BOVAG411,14
BOVAH105,14
BOVAH122W1,14
BOVAH130W1,14
BOVAH131W1,14
BOVAH138W4,14
BOVAH900,14
BOVAI112,14
BOVAJ152,14
BOVAJ160,14
BOVAK136,14
BOVAL15,14
BOVAL160,14
BOVAS12,14
BOVAS120,14
BOVAS120W4,14
BOVAS121,14
BOVAS123,14
BOVAS124,14
BOVAS126,14
BOVAS127,14
BOVAS128,14
BOVAS129,14
BOVAS13,14
BOVAS130,14
BOVAS131,14
BOVAS133,14
BOVAS134,14
BOVAS135,14
BOVAS136,14
BOVAS137,14
BOVAS138,14
BOVAS139,14
BOVAS14,14
BOVAS140,14
BOVAS141,14
BOVAS15,14
BOVAS3,14
BOVAS4,14
BOVAT118W1,14
BOVAT130W2,14
BOVAT131W1,14
BOVAT136W1,14
BOVAT19,14
BOVAU103,14
BOVAU114,14
BOVAU930,14
BOVAU970,14
BOVAV11,14
BOVAV120,14
BOVAV8,14
BOVAW12,14
BPACG408,14
BPACG411,14
BPACG413,14
BPACG416,14
BPACG421,14
BPACG423,14
BPACG426,14
BPACG428,14
BPACG431,14
BPACH376,14
BPACH454,14
BPACH456,14
BPACI405,14
BPACI407,14
BPACI420,14
BPACS388,14
BPACS391,14
BPACS396,14
BPACS398,14
BPACS401,14
BPACS403,14
BPACS406,14
BPACS408,14
BPACS413,14
BPACS416,14
BPACS418,14
BPACS426,14
BPACT364,14
BPANT860,14
BRAPG165,14
BRAPG167,14
BRAPG170,14
BRAPG172,14
BRAPG175,14
BRAPG180,14
BRAPH165,14
BRAPS162,14
BRAPS165,14
BRAPS167,14
BRAPS170,14
BRAPS172,14
BRAPT150,14
BRAPU168,14
BRAVG177,14
BRAVG18,14
BRAVG182,14
BRAVG185,14
BRAVG187,14
BRAVG189,14
BRAVG190W4,14
BRAVG192,14
BRAVG20,14
BRAVH223,14
BRAVI190,14
BRAVI195,14
BRAVI220,14
BRAVI227,14
BRAVI250,14
BRAVS165,14
BRAVS17,14
BRAVS177,14
BRAVS18,14
BRAVS185,14
BRAVS189,14
BRAVS192,14
BRAVS20,14
BRAVT211,14
BRAVT218,14
BRAVU180,14
BRAVU200,14
BRFSG201,14
BRFSG204,14
BRFSG209,14
BRFSH232,14
BRFSH257,14
BRFSS199,14
BRFST187,14
BRFST202,14
BRFST230,14
BRKMG920,14
BRKMG950,14
BRKMI105,14
BRKMS100,14
BRKMS900,14
BRKMS920,14
BRKMS950,14
BRKMT130,14
BRKMV920,14
BXTC39,14
C1AG34,14
C1BL34,14
C1GP34,14
CASHG700,14
CASHG740,14
CASHH660,14
CASHH670,14
CASHH760,14
CBAVL700,14
CEDO4F,14
CEED3,14
CMIGG112,14
CMIGG115,14
CMIGG117,14
CMIGG120,14
CMIGS112,14
CMIGS115,14
CMIGS117,14
CMIGS120,14
CMIGT125,14
CMIGV110,14
CMIGX108,14
CMIN3T,14
CMING520,14
CMING540,14
CMINH500,14
CMINS49,14
CMINS507,14
CMINS520,14
CMINS540,14
CMINX500,14
COGNG270,14
COGNG278,14
COGNG280,14
COGNG298,14
COGNH220,14
COGNH258,14
COGNH268,14
COGNS268,14
COGNS270,14
COGNS278,14
COGNS280,14
COGNS290,14
COGNS298,14
COGNS299,14
COGNS310,14
COGNT40,14
COGNU250,14
CPFEH410,14
CPFEH430,14
CPFET367,14
CPLE5,14
CPLES123,14
CPLES125,14
CSANB799,14
CSANH595,14
CSANH605,14
CSANH615,14
CSANI645,14
CSANI675,14
CSANS650,14
CSANS660,14
CSANS670,14
CSANS680,14
CSANS690,14
CSANS70,14
CSANS710,14
CSANS720,14
CSANS730,14
CSANS740,14
CSANS750,14
CSANS799,14
CSANT130,14
CSED3T,14
CSMGH300,14
CSMGS263,14
CSMGT26,14
CSNAG710,14
CSNAG770,14
CSNAG790,14
CSNAG810,14
CSNAG870,14
CSNAS750,14
CSNAS770,14
CSNAS790,14
CSNAS810,14
CSNAS830,14
CSNAS850,14
CSNAS910,14
CSNAT103,14
CSNAT679,14
CURYT278,14
CVCBG235,14
CVCBG249,14
CVCBH220,14
CVCBH245,14
CVCBT205,14
CVCBT249,14
CXSEH139,14
CXSEI152,14
CXSES145,14
CXSES147,14
CXSES150,14
CXSET140,14
CXSET151,14
CYREG260,14
CYREG261,14
CYREG262,14
CYREG265,14
CYREG270,14
CYREG275,14
CYREG280,14
CYREI269,14
CYREI281,14
CYRES260,14
CYRES261,14
CYREU249,14
CYREU254,14
D1VN34,14
DASA3T,14
DIRRH435,14
DIRRT410,14
ECORH720,14
EGIEG440,14
EGIEH402,14
EGIEI426,14
EGIEI456,14
EGIES430,14
EGIET47,14
EGIEU426,14
ELETI406,14
ELETS391,14
ELETS396,14
ELETS398,14
ELETS408,14
ELETS411,14
EMBRG730,14
EMBRG760,14
EMBRH690,14
EMBRS650,14
EMBRS660,14
EMBRS680,14
EMBRS690,14
EMBRS700,14
EMBRS710,14
EMBRS720,14
EMBRS730,14
EMBRS734,14
EMBRS740,14
EMBRS744,14
EMBRS750,14
EMBRS754,14
EMBRS760,14
EMBRS770,14
EMBRS790,14
EMBRS799,14
EMBRS809,14
EMBRS819,14
EMBRT539,14
EMBRT549,14
EMBRT570,14
EMBRT574,14
EMBRT784,14
EMBRT809,14
EMBRU589,14
ENEVH142,14
ENEVT127,14
EQTLH338,14
EQTLH37,14
EQTLS347,14
EQTLS360,14
EQTLS365,14
EZTCH153,14
EZTCT123,14
FLRYH132,14
FLRYH147,14
G1MI34,14
GGBRG158,14
GGBRG161,14
GGBRG163,14
GGBRG166,14
GGBRG168,14
GGBRG170W4,14
GGBRG174,14
GGBRH156,14
GGBRH201,14
GGBRI166,14
GGBRI187,14
GGBRI188,14
GGBRI193,14
GGBRS158,14
GGBRS161,14
GGBRS163,14
GGBRS165W4,14
GGBRS166,14
GGBRS168,14
GGBRS171,14
GGBRS174,14
GGBRS176,14
GGBRT188,14
GGBRU158,14
GGBRU163,14
GGBRU166,14
GOAUG890,14
GOAUG910,14
GOAUG930,14
GOAUG940,14
GOAUI99,14
GOAUS910,14
GOAUT104,14
GRNDT550,14
H1BI34,14
H1CA34,14
H1EI34,14
H1UM34,14
HAPVH235,14
HAPVH240,14
HAPVH32,14
HAPVH369,14
HAPVS235,14
HAPVT230,14
HAPVT240,14
HAPVT35,14
HAPVT362,14
HYPEH297,14
HYPEI292,14
HYPEI337,14
I1HG34,14
IBOVH132,14
IBOVJ135,14
IBOVJ136,14
IBOVT139,14
IBOVT140,14
IBOVU144,14
IGTIH220,14
INTBT142,14
IRBRG455,14
IRBRG480,14
IRBRH452,14
IRBRH467,14
IRBRH540,14
IRBRH560,14
IRBRH570,14
IRBRN40,14
IRBRS430,14
IRBRS440,14
IRBRS445,14
IRBRS450,14
IRBRS465,14
IRBRS470,14
IRBRS500,14
IRBRT407,14
IRBRT417,14
IRBRT472,14
IRBRT490,14
IRBRU445,14
ISAEI231,14
ISAES229,14
ISAEU223,14
ISAEU240,14
ITSAG100,14
ITSAG103,14
ITSAG105,14
ITSAG105W4,14
ITSAG106,14
ITSAG108,14
ITSAG113,14
ITSAG931,14
ITSAH105W1,14
ITSAS103,14
ITSAS105,14
ITSAS108,14
ITSAS109,14
ITSAS110W4,14
ITSAS118,14
ITSAT105W1,14
ITSAT963,14
ITSAU972,14
ITUBG363,14
ITUBG37,14
ITUBG371,14
ITUBG373,14
ITUBG381,14
ITUBG386,14
ITUBG391,14
ITUBG393,14
ITUBG396,14
ITUBG398,14
ITUBG40,14
ITUBG401,14
ITUBG406,14
ITUBG408,14
ITUBG411,14
ITUBH370W1,14
ITUBH375W2,14
ITUBH380W4,14
ITUBI386,14
ITUBI396,14
ITUBI405,14
ITUBI421,14
ITUBL423,14
ITUBS365W4,14
ITUBS38,14
ITUBS380,14
ITUBS386,14
ITUBS390,14
ITUBS391,14
ITUBS393,14
ITUBS396,14
ITUBS398,14
ITUBS40,14
ITUBS401,14
ITUBS403,14
ITUBS406,14
ITUBS408,14
ITUBS411,14
ITUBS413,14
ITUBS416,14
ITUBT341,14
ITUBT345W1,14
ITUBT361,14
ITUBU356,14
ITUBU391,14
JBSSG920,14
JBSSG930,14
JBSSH910,14
JBSSH955,14
JBSSS810,14
JHSFG604,14
JHSFT488,14
JHSFT533,14
K1BF34,14
KLBNG187,14
KLBNG190,14
KLBNG195,14
KLBNG200,14
KLBNS177,14
KLBNS180,14
KLBNS185,14
KLBNS187,14
KLBNS190,14
KLBNS195,14
KLBNT20,14
KLBNU187,14
LRENG18,14
LRENG183,14
LRENG185,14
LRENG188,14
LRENG190,14
LRENG198,14
LRENH178,14
LRENH188,14
LRENI173,14
LRENI186,14
LRENI193,14
LRENI197,14
LRENI202,14
LRENS178,14
LRENS180,14
LRENS185,14
LRENS188,14
LRENS190,14
LRENS193,14
LRENT163,14
LRENT168,14
LRENT178,14
LRENU158,14
LRENU183,14
LRENU186,14
LWSAH365,14
LWSAH435,14
LWSAH465,14
M1TC34,14
M2PR34,14
MGLUH709,14
MGLUI108,14
MGLUI769,14
MGLUI849,14
MGLUI969,14
MGLUS101,14
MGLUS104,14
MGLUS769,14
MGLUS780,14
MGLUS809,14
MGLUS810,14
MGLUS830,14
MGLUS849,14
MGLUS850,14
MGLUS860W4,14
MGLUS870,14
MGLUS880W4,14
MGLUS890,14
MGLUS900,14
MGLUS910,14
MGLUS920,14
MGLUS930,14
MGLUS940,14
MGLUS950,14
MGLUS960,14
MGLUS970,14
MGLUS98,14
MGLUS980,14
MGLUS990,14
MGLUT108,14
MGLUT114,14
MGLUT599,14
MGLUU670,14
MOOO34,14
MOVIH720,14
MOVIT640,14
MRFGG220,14
MRFGG225,14
MRFGG230,14
MRFGG235,14
MRFGG240,14
MRFGG245,14
MRFGG250,14
MRFGH210,14
MRFGS220,14
MRFGS225,14
MRFGS230,14
MRFGS235,14
MRFGS237,14
MRFGS240,14
MRFGS250,14
MRFGT247,14
MRFGU200,14
MRVEG590,14
MRVEG600,14
MRVEG610,14
MRVEG620,14
MRVEG650,14
MRVEH610,14
MRVEI620,14
MRVEI720,14
MRVES580,14
MRVES590,14
MRVES600,14
MRVES610,14
MRVES620,14
MRVET680,14
MULTH283,14
MULTI263,14
N1BI34,14
N1CL34,14
N1VS34,14
NATUH112,14
NATUH940,14
NATUT880,14
NATUU980,14
NORD3F,14
P1SA34,14
PCARG300,14
PCARG310,14
PCARG320,14
PCARG330,14
PCARG340,14
PCARH435,14
PCARH455,14
PCARI340,14
PCARI410,14
PCART275,14
PCART280,14
PCART285,14
PCART360,14
PETRD400,14
PETRG286,14
PETRG300W4,14
PETRG305W4,14
PETRG307,14
PETRG310W4,14
PETRG312,14
PETRG317,14
PETRG322,14
PETRG327,14
PETRG332,14
PETRG333,14
PETRG337,14
PETRG338,14
PETRG34,14
PETRG342,14
PETRG343,14
PETRG347,14
PETRG348,14
PETRG352,14
PETRG353,14
PETRG357,14
PETRG358,14
PETRG362,14
PETRG363,14
PETRG367,14
PETRG368,14
PETRG372,14
PETRG373,14
PETRG377,14
PETRG378,14
PETRG381,14
PETRG383,14
PETRG388,14
PETRG393,14
PETRG398,14
PETRH200,14
PETRH253,14
PETRH268,14
PETRH310W1,14
PETRH325W2,14
PETRH339,14
PETRH350W1,14
PETRH355W2,14
PETRI373,14
PETRI39,14
PETRJ366,14
PETRK337,14
PETRL308,14
PETRL41,14
PETRL56,14
PETRM318,14
PETRO360,14
PETRS300W4,14
PETRS307,14
PETRS317,14
PETRS322,14
PETRS327,14
PETRS330W4,14
PETRS332,14
PETRS333,14
PETRS335W4,14
PETRS337,14
PETRS338,14
PETRS34,14
PETRS340W4,14
PETRS342,14
PETRS343,14
PETRS347,14
PETRS348,14
PETRS352,14
PETRS353,14
PETRS357,14
PETRS358,14
PETRS362,14
PETRS363,14
PETRS367,14
PETRS368,14
PETRS372,14
PETRS373,14
PETRS377,14
PETRS378,14
PETRS381,14
PETRS383,14
PETRS388,14
PETRS393,14
PETRS398,14
PETRS403,14
PETRS408,14
PETRS413,14
PETRT244,14
PETRT290W1,14
PETRT295W1,14
PETRT305W2,14
PETRT310W2,14
PETRT325W2,14
PETRU258,14
PETRV295,14
PETRV341,14
PETRX40,14
PETZG371,14
PETZG381,14
PETZG401,14
PETZG411,14
PETZG420,14
PETZG421,14
PETZH326,14
PETZH356,14
PETZH376,14
PETZH446,14
PETZI423,14
PETZI443,14
PETZK540,14
PETZS381,14
PETZS401,14
PETZS411,14
PETZS420,14
PETZS431,14
PETZW540,14
POMOH910,14
POMOT830,14
POSI3T,14
PRIOG380,14
PRIOG400,14
PRIOG41,14
PRIOG412,14
PRIOG415,14
PRIOG417,14
PRIOG420,14
PRIOG420W4,14
PRIOG422,14
PRIOG425,14
PRIOG427,14
PRIOG430,14
PRIOG432,14
PRIOG435,14
PRIOG435W4,14
PRIOG437,14
PRIOG440,14
PRIOG440W4,14
PRIOG442,14
PRIOG445,14
PRIOG447,14
PRIOG450,14
PRIOG452,14
PRIOG455,14
PRIOG457,14
PRIOG460,14
PRIOH485,14
PRIOI420,14
PRIOI422,14
PRIOI432,14
PRIOI435,14
PRIOI437,14
PRIOI445,14
PRIOI497,14
PRIOS380,14
PRIOS390,14
PRIOS407,14
PRIOS41,14
PRIOS410W4,14
PRIOS412,14
PRIOS415,14
PRIOS415W4,14
PRIOS417,14
PRIOS420,14
PRIOS422,14
PRIOS425,14
PRIOS427,14
PRIOS430,14
PRIOS432,14
PRIOS435,14
PRIOS437,14
PRIOS440,14
PRIOT335,14
PRIOT345,14
PRIOT400W1,14
PRIOU382,14
PRIOU395,14
PRIOU405,14
PRIOU407,14
PRIOU427,14
PRIOW389,14
PSSAH570,14
PSSAT540,14
QUALT170,14
R1KU34,14
RADLG154,14
RADLH133,14
RADLS135,14
RADLS139,14
RADLS144,14
RADLS149,14
RADLS154,14
RADLU148,14
RAILS182,14
RAIZA200,14
RAIZG160,14
RAIZH140,14
RAIZK200,14
RAIZS160,14
RAIZS170,14
RAIZS180,14
RAIZS190,14
RANIH773,14
RANIH783,14
RANIH803,14
RDORH330,14
RDORH350,14
RDORH375,14
RECVT147,14
RENTG388,14
RENTG390,14
RENTH466,14
RENTS383,14
RENTS388,14
RENTS390,14
RENTS401,14
RENTU359,14
SANBH311,14
SANBS288,14
SANBS289,14
SANBS298,14
SANBS299,14
SANBU271,14
SAPRJ29,14
SBSPG118,14
SBSPH115,14
SBSPH134,14
SBSPI111,14
SBSPS111,14
SBSPS112,14
SBSPS113,14
SBSPS115,14
SBSPS116,14
SLCEH202,14
SLCES185,14
SLCET184,14
SMALG104,14
SMALG108,14
SMALG109,14
SMALH106W1,14
SMALI110,14
SMALI116,14
SMALS102,14
SMALS103,14
SMALS103W4,14
SMALS104,14
SMALS105,14
SMALS106,14
SMALS107,14
SMALS108,14
SMALS110,14
SMALT102W1,14
SMTOG175,14
SMTOH192,14
SMTOS175,14
SMTOT182,14
SMTOT205,14
SUZBG507,14
SUZBG517,14
SUZBG520W4,14
SUZBH530W1,14
SUZBI527,14
SUZBS487,14
SUZBS497,14
SUZBS502,14
SUZBS507,14
SUZBS512,14
SUZBS517,14
SUZBS527,14
SUZBS537,14
SUZBS54,14
SUZBS542,14
SUZBS552,14
SUZBT465,14
SUZBT475,14
SUZBT560,14
SUZBT565,14
TAEEG355,14
TAEEG370,14
TAEEI336,14
TAEEI346,14
TAEEI356,14
TAEEI366,14
TAEEI371,14
TAEES350,14
TAEES355,14
TAEES360,14
TAEES365,14
TIMSH230,14
TRIST660,14
UGPAS159,14
UGPAU160,14
USIMD500,14
USIMG400,14
USIMG430,14
USIMI417,14
USIMS400,14
USIMS420,14
USIMS420W4,14
USIMS425,14
USIMS430,14
USIMS435,14
USIMS440,14
USIMS445,14
USIMS450,14
USIMS460,14
USIMT360,14
USIMT410W1,14
USIMT495,14
USIMU402,14
VALEF780,14
VALEG491,14
VALEG494,14
VALEG496,14
VALEG504,14
VALEG514,14
VALEG515,14
VALEG524,14
VALEG525,14
VALEG534,14
VALEG535,14
VALEG544,14
VALEG545,14
VALEG554,14
VALEG555,14
VALEG564,14
VALEG565,14
VALEG575,14
VALEG584,14
VALEG585,14
VALEG59,14
VALEG595,14
VALEG605,14
VALEG61,14
VALEG615,14
VALEG625,14
VALEG635,14
VALEG645,14
VALEH461,14
VALEH479,14
VALEH590W2,14
VALEH600W2,14
VALEI513,14
VALEI523,14
VALEI668,14
VALEJ580,14
VALEK601,14
VALEK616,14
VALEL570,14
VALEL600,14
VALEL609,14
VALEM500,14
VALEM520,14
VALEN530,14
VALEO450,14
VALEQ530,14
VALES481,14
VALES494,14
VALES504,14
VALES510W4,14
VALES514,14
VALES524,14
VALES525,14
VALES534,14
VALES535,14
VALES544,14
VALES545,14
VALES554,14
VALES555,14
VALES560W4,14
VALES564,14
VALES565,14
VALES570W4,14
VALES575,14
VALES580W4,14
VALES584,14
VALES585,14
VALES59,14
VALES595,14
VALES605,14
VALES61,14
VALES615,14
VALES625,14
VALES635,14
VALES644,14
VALET469,14
VALET495W1,14
VALET550W1,14
VALET695,14
VALET696,14
VALET825,14
VALEU478,14
VALEU623,14
VALEV494,14
VAMOS410,14
VAMOT430,14
VBBRH215,14
VBBRS215,14
VBBRT18,14
VBBRT223,14
VBBRU205,14
VIVAH252,14
VIVAH272,14
VIVAH277,14
VOTS11,14
WEGEG425,14
WEGEG428,14
WEGEG431,14
WEGEG433,14
WEGEG436,14
WEGEG438,14
WEGEG44,14
WEGEG440W4,14
WEGEG448,14
WEGEG450W4,14
WEGEG451,14
WEGEH393,14
WEGEI441,14
WEGEI458,14
WEGEP400,14
WEGES390W4,14
WEGES395,14
WEGES400,14
WEGES400W4,14
WEGES405W4,14
WEGES408,14
WEGES410,14
WEGES415,14
WEGES418,14
WEGES420,14
WEGES425,14
WEGES428,14
WEGES431,14
WEGES438,14
WEGES515,14
WEGET345,14
WEGEU371,14
WEGEU413,14
WEGEW366,14
WEGEX380,14
WIZCH773,14
WIZCT733,14
YDUQH174,14
YDUQT164,14
A1TH34,13
A1WK34,13
ABEV3T,13
ABEVG123,13
ABEVG125,13
ABEVG128,13
ABEVG145,13
ABEVH123,13
ABEVI134,13
ABEVI149,13
ABEVI152,13
ABEVL15,13
ABEVS143,13
ADPR34,13
AFLT3,13
ALOSG232,13
ALOSH21,13
ALOSI236,13
ALOSU208,13
ALOSU216,13
ANCR11,13
ASAIG96,13
ASAIH980,13
ASAIS100,13
ASAIS107,13
AZULE30,13
AZULS99,13
AZULT600,13
AZULT650,13
AZULT80,13
AZULU900,13
AZZAH380,13
AZZAH390,13
AZZAS312,13
AZZAS380,13
AZZAT297,13
AZZAT315,13
AZZAT320,13
AZZAT325,13
AZZAU337,13
B1AX34,13
B3SAE160,13
B3SAG10,13
B3SAG112,13
B3SAG141,13
B3SAG144,13
B3SAG146,13
B3SAG149,13
B3SAG151,13
B3SAI129,13
B3SAI166,13
B3SAJ150,13
B3SAL130,13
B3SAS127,13
B3SAT159,13
BBASB26,13
BBASC272,13
BBASF270,13
BBASG189,13
BBASG199,13
BBASG201,13
BBASG209,13
BBASG244,13
BBASG251,13
BBASG256,13
BBASG266,13
BBASH200W1,13
BBASH205W2,13
BBASH223W4,13
BBASH286,13
BBASI192,13
BBASI197,13
BBASI200,13
BBASI27,13
BBASJ215,13
BBASJ500,13
BBASK235,13
BBASL240,13
BBASL268,13
BBASM228,13
BBASN310,13
BBASS186,13
BBASS238W4,13
BBASS248W4,13
BBASS269,13
BBASS286,13
BBAST180W1,13
BBAST220W2,13
BBAST225W1,13
BBAST256,13
BBASU170,13
BBASU265,13
BBASV195,13
BBASV221,13
BBASV239,13
BBASV244,13
BBASW540,13
BBASX240,13
BBASX300,13
BBDCB178,13
BBDCG130,13
BBDCG146,13
BBDCG162W4,13
BBDCG167,13
BBDCG171,13
BBDCG175W4,13
BBDCI125,13
BBDCI135,13
BBDCJ175,13
BBDCL3,13
BBDCS146,13
BBDCS155,13
BBDCS182,13
BBDCT144W1,13
BBDCT149W1,13
BBDCT156,13
BBDCV175,13
BBDCX151,13
BBSEG352,13
BBSEG354,13
BBSEG359,13
BBSEG369,13
BBSEG372,13
BBSEG379,13
BBSEG384,13
BBSEK380,13
BBSEQ380,13
BBSES337,13
BBSES392,13
BBSET309,13
BBSET312,13
BBSET384,13
BBSET397,13
BBVH11,13
BEEFG541,13
BEEFG561,13
BEEFG630,13
BEEFH486,13
BEEFK744,13
BEEFS486,13
BEEFS500,13
BEEFS521,13
BEEFT700,13
BEEFU501,13
BEFG39,13
BEWZ39,13
BHIAG400,13
BHIAS310,13
BHIAT500,13
BICL39,13
BMEB3,13
BMGBG372,13
BMGBT342,13
BOVAA140,13
BOVAG105,13
BOVAG115W4,13
BOVAG116W4,13
BOVAG123W4,13
BOVAG141,13
BOVAG2,13
BOVAH106,13
BOVAH118W1,13
BOVAH124W2,13
BOVAH136W2,13
BOVAH140W2,13
BOVAH157,13
BOVAJ100,13
BOVAJ21,13
BOVAJ4,13
BOVAL13,13
BOVAL22,13
BOVAL25,13
BOVAN140,13
BOVAQ125,13
BOVAS118,13
BOVAS119,13
BOVAS125W4,13
BOVAS19,13
BOVAS2,13
BOVAS221,13
BOVAT128W2,13
BOVAT132W2,13
BOVAU104,13
BOVAU106,13
BOVAU107,13
BOVAU111,13
BOVAU15,13
BOVAU27,13
BOVAU800,13
BOVAV133,13
BOVAW14,13
BOVAX180,13
BOVAX22,13
BOVAX24,13
BOVAX27,13
BOVAX28,13
BPACG381,13
BPACG401,13
BPACG418,13
BPACS411,13
BPACU405,13
BPANT840,13
BRAPB16,13
BRAPG162,13
BRAPG177,13
BRAPI168,13
BRAPS160,13
BRAPS175,13
BRAPS177,13
BRAPT155,13
BRAPU170,13
BRAVG172,13
BRAVG175,13
BRAVG185W4,13
BRAVG195,13
BRAVG21,13
BRAVH228,13
BRAVH251,13
BRAVI175,13
BRAVI215,13
BRAVL270,13
BRAVS172,13
BRAVS175,13
BRAVS182,13
BRAVS195,13
BRAVS197,13
BRAVS225,13
BRAVU187,13
BRFSG211,13
BRFSG219,13
BRFSG224,13
BRFSH207,13
BRFSH242,13
BRFSH245,13
BRFSS196,13
BRFSS204,13
BRFST182,13
BRFST210,13
BRFST217,13
BRKMG100,13
BRKMG105,13
BRKMG900,13
BRKMG940,13
BRKMG980,13
BRKMH140,13
BRKMI980,13
BRKML12,13
BRKMT100,13
BRKMT105,13
BRKMU920,13
BRSRT114,13
BSCZ39,13
BURT39,13
CASHB100,13
CASHH132,13
CASHH620,13
CEABH190,13
CEDO4,13
CMIGG106,13
CMIGG110,13
CMIGG124,13
CMIGH109,13
CMIGI109,13
CMIGS106,13
CMING507,13
CMING560,13
CMINI520,13
CMINI560,13
CMINJ650,13
CMINS580,13
CMINT472,13
COCE3F,13
COGNG290,13
COGNG299,13
COGNG310,13
COGNH223,13
COGNH318,13
COGNH328,13
COGNI350,13
COGNS258,13
COGNS330,13
COGNT333,13
CPFET410,13
CPLEG123,13
CPLEG125,13
CPLEG129,13
CPLEH129,13
CPLES119,13
CPLES129,13
CPLET130,13
CSANA100,13
CSANG680,13
CSANG720,13
CSANH745,13
CSANI755,13
CSANL100,13
CSANS640,13
CSMGG268,13
CSMGH255,13
CSMGT250,13
CSMGT262,13
CSNAF10,13
CSNAG830,13
CSNAG850,13
CSNAH103,13
CSNAH979,13
CSNAS870,13
CSNAT800W1,13
CSNAT959,13
CSNAT989,13
CSNAU759,13
CVCB3T,13
CVCBG255,13
CVCBG260,13
CVCBH305,13
CXSEG152,13
CXSES152,13
CXSET135,13
CXSEU145,13
CYREG285,13
CYREH240,13
CYREH250,13
CYREH310,13
CYREI259,13
CYREI264,13
CYREI274,13
CYRES255,13
CYRES265,13
CYRES270,13
D2TC34,13
DAMT11,13
DIRRT415,13
DOHL4,13
DOLL39,13
DTCR39,13
E1LV34,13
E1MR34,13
ECORH680,13
ECORS720,13
EGIEG400,13
EGIEG415,13
EGIEG450,13
EGIEH407,13
EGIEI436,13
EGIEI481,13
EGIES405,13
EGIES435,13
EGIES440,13
EGIES466,13
EGIET389,13
EGIEU376,13
ELETH428,13
ELETH46,13
ELETH461,13
ELETH465,13
ELETI410,13
ELETI423,13
ELETS386,13
ELETS393,13
ELETS401,13
ELETS406,13
ELETT358,13
ELETT390,13
ELETT415,13
ELETU389,13
ELETU397,13
EMBRG700,13
EMBRG710,13
EMBRG734,13
EMBRG750,13
EMBRG754,13
EMBRG780,13
EMBRG790,13
EMBRG809,13
EMBRG829,13
EMBRH660,13
EMBRH709,13
EMBRI724,13
EMBRI739,13
EMBRI759,13
EMBRI764,13
EMBRI814,13
EMBRI834,13
EMBRS640,13
EMBRS664,13
EMBRS670,13
EMBRS670W4,13
EMBRS780,13
EMBRT484,13
EMBRT529,13
EMBRT564,13
EMBRT869,13
EMBRU634,13
EMBRU744,13
EMBRU749,13
EMBRU759,13
ENEVS140,13
ENGIT456,13
EQTLH365,13
EQTLT320,13
EQTLT349,13
EQTLT363,13
EZTCG140,13
EZTCS133,13
EZTCT138,13
FESA4T,13
FLRYG127,13
FLRYH150,13
FLRYS127,13
FLRYU128,13
GGBR4T,13
GGBRG156,13
GGBRG165W4,13
GGBRG171,13
GGBRG176,13
GGBRH153,13
GGBRI176,13
GGBRT186,13
GGBRU151,13
GILD34,13
GOAUG985,13
GOAUS890,13
GOAUS930,13
GOAUS940,13
GOAUT967,13
GOAUU907,13
GPAR3F,13
GROP31,13
HAPVG33,13
HAPVH317,13
HAPVS205,13
HAPVS31,13
HAPVS330,13
HAPVT332,13
HBORH200,13
HYPEG280,13
HYPEH317,13
HYPEI277,13
HYPEI302,13
IBOVI135,13
IBOVI145,13
IBOVU124,13
IBOVU130,13
IBOVU131,13
IGTIH21,13
IGTII217,13
IGTIT21,13
IGTIT213,13
IGTIT223,13
INTBH157,13
IRBRF499,13
IRBRG445,13
IRBRG452,13
IRBRG470,13
IRBRH472,13
IRBRH485,13
IRBRH495,13
IRBRR400,13
IRBRS40,13
IRBRS420,13
IRBRS425,13
IRBRS435,13
IRBRS455,13
IRBRS460,13
IRBRS480,13
IRBRT385,13
IRBRT392,13
IRBRT442,13
IRBRT452,13
IRBRT477,13
IRBRU432,13
ISAEG250,13
ISAEG255,13
ISAEH251,13
ISAEI246,13
ISAES240,13
ISAEX240,13
ITSAB110,13
ITSAB120,13
ITSAG109,13
ITSAG11,13
ITSAG911,13
ITSAG951,13
ITSAG961,13
ITSAJ105,13
ITSAL140,13
ITSAS113,13
ITSAT108,13
ITSAT11,13
ITSAX140,13
ITUBB320,13
ITUBG350W4,13
ITUBG353,13
ITUBG355W4,13
ITUBG358,13
ITUBG365W4,13
ITUBG366,13
ITUBG370W4,13
ITUBG376,13
ITUBG380,13
ITUBG385,13
ITUBG390,13
ITUBG403,13
ITUBG413,13
ITUBG416,13
ITUBH350W1,13
ITUBH355W2,13
ITUBI391,13
ITUBI409,13
ITUBS37,13
ITUBS370W4,13
ITUBS381,13
ITUBS402,13
ITUBT335W2,13
ITUBT340W1,13
ITUBT355W2,13
ITUBT360W1,13
ITUBU361,13
ITUBU396,13
ITUBX353,13
JBSSG902,13
JBSST907,13
JHSFI540,13
JHSFS520,13
JHSFT490,13
JHSFT498,13
KLBNE22,13
KLBNG197,13
KLBNG204,13
KLBNS175,13
KLBNS200,13
KLBNU183,13
LJQQH249,13
LRENG16,13
LRENG193,13
LRENG200,13
LRENG203,13
LRENH141,13
LRENH193,13
LRENI178,13
LRENI191,13
LRENS165,13
LRENS18,13
LRENS183,13
LRENS190W4,13
LRENS203,13
LRENT158,13
LRENT185W1,13
LRENU156,13
LRENU161,13
LRENU191,13
LWSAG365,13
LWSAH415,13
LWSAT365,13
LWSAT375,13
MAPT4F,13
MERC4F,13
MGLUG106,13
MGLUG809,13
MGLUG870,13
MGLUG900,13
MGLUG910,13
MGLUG950,13
MGLUG960,13
MGLUG98,13
MGLUH699,13
MGLUH739,13
MGLUI120,13
MGLUI789,13
MGLUI799,13
MGLUI919,13
MGLUI959,13
MGLUI979,13
MGLUI989,13
MGLUS106,13
MGLUS829,13
MGLUT115,13
MGLUT145,13
MGLUT619,13
MGLUT780W1,13
MGLUU819,13
MGLUV709,13
MGLUV929,13
MGLUX200,13
MNDL3,13
MNDL3F,13
MOTVT129,13
MOVIT62,13
MOVIT680,13
MRFGG227,13
MRFGG237,13
MRFGI230,13
MRFGI235,13
MRFGS210,13
MRFGS217,13
MRFGS222,13
MRFGS227,13
MRFGS245,13
MRFGT262,13
MRVEG550,13
MRVEG580,13
MRVEG630,13
MRVEG640,13
MRVEG660,13
MRVEI740,13
MRVES540,13
MRVES550,13
MRVES630,13
MRVES640,13
MRVES650,13
MRVET490,13
MRVET550,13
MRVET570,13
MULTH253,13
MULTI258,13
MULTT238,13
MULTT248,13
MULTT25,13
MULTT252,13
NATUG105,13
NATUH900,13
NATUI980,13
NATUS100,13
NATUS105,13
NATUS110,13
NATUT110,13
NATUT115,13
NATUT840,13
NATUT920,13
NATUU900,13
O2HI34,13
ODPVH115,13
ODPVH125,13
P2AX34,13
PCAR3T,13
PCARG350,13
PCARH305,13
PCARH365,13
PCARI500,13
PCARS310,13
PCART390,13
PCARU340,13
PETR3T,13
PETRC350,13
PETRF440,13
PETRG280W4,13
PETRG292,13
PETRG295,13
PETRG297,13
PETRG300,13
PETRG344,13
PETRG345W4,13
PETRG35,13
PETRG350,13
PETRG360,13
PETRG403,13
PETRG408,13
PETRG413,13
PETRH255,13
PETRH300W1,13
PETRH305W1,13
PETRH34,13
PETRH345W2,13
PETRH350W2,13
PETRI288,13
PETRJ333,13
PETRL435,13
PETRL44,13
PETRP301,13
PETRS297,13
PETRS312,13
PETRS350W4,13
PETRS387,13
PETRS392,13
PETRT035,13
PETRT248,13
PETRT280W1,13
PETRT290W2,13
PETRT345W1,13
PETRT418,13
PETRT834,13
PETRU371,13
PETRU43,13
PETRV306,13
PETRV316,13
PETRV321,13
PETRV335,13
PETRV346,13
PETRV348,13
PETZC50,13
PETZG431,13
PETZI403,13
PETZS371,13
PETZS421,13
PETZS500,13
PETZT346,13
PETZT426,13
POMOG757,13
POMOT780,13
POMOT850,13
POSIH500,13
PRIOG405,13
PRIOH420W1,13
PRIOH425W1,13
PRIOH430W1,13
PRIOH435W1,13
PRIOH440W1,13
PRIOH445W1,13
PRIOI427,13
PRIOI455,13
PRIOI462,13
PRIOI465,13
PRIOI470,13
PRIOS375,13
PRIOS392,13
PRIOS395,13
PRIOS397,13
PRIOS400,13
PRIOS402,13
PRIOS405,13
PRIOS420W4,13
PRIOS450,13
PRIOS455,13
PRIOT347,13
PRIOT420W1,13
PRIOT465,13
PRIOT467,13
PRIOU417,13
PSSAG497,13
PSSAT560,13
Q1UA34,13
QUALH210,13
RADLH193,13
RADLI138,13
RADLI148,13
RADLI158,13
RADLS159,13
RADLT168,13
RAILG190,13
RAILI190,13
RAILS180,13
RAIZB200,13
RAIZG149,13
RAIZG170,13
RAIZG180,13
RAIZG199,13
RAIZI190,13
RAIZV389,13
RANIT683,13
RANIT703,13
RAPTT775,13
RDORH335,13
RDORH340,13
RDORH361,13
RDORS338,13
RDORT35,13
RDORU338,13
RECV3T,13
RECVT132,13
RECVT137,13
RENTG383,13
RENTG385,13
RENTG391,13
RENTG403,13
RENTH357,13
RENTH385,13
RENTH476,13
RENTI408,13
RENTS385,13
RENTS403,13
RENTT306,13
RENTT326,13
RENTU339,13
ROMIH960,13
ROMIT865,13
RPAD5F,13
S2NA34,13
SANBG289,13
SANBH266,13
SANBI276,13
SANBI286,13
SANBS279,13
SANBT305,13
SANBU266,13
SAPRH363,13
SAPRH370,13
SAPRT370,13
SBSPH112,13
SBSPS114,13
SBSPU111,13
SLCEH186,13
SLCET169,13
SMALG100,13
SMALG105,13
SMALG106,13
SMALG107,13
SMALG110,13
SMALI102,13
SMALI112,13
SMALS100,13
SMALS101,13
SMALS102W4,13
SMALS104W4,13
SMALS106W4,13
SMALS109,13
SMALT104W1,13
SMALT930,13
SMALU980,13
SMTOH190,13
SMTOH200,13
SNSY3F,13
SUZBG512,13
SUZBG527,13
SUZBG532,13
SUZBG537,13
SUZBG54,13
SUZBG552,13
SUZBH510W1,13
SUZBI542,13
SUZBI557,13
SUZBI562,13
SUZBS490,13
SUZBS547,13
SUZBT580,13
SUZBU527,13
SYNE3T,13
TAEEG360,13
TAEEG365,13
TAEEH343,13
TAEEH377,13
TAEEI341,13
TAEEL382,13
TAEET317,13
TAEEU331,13
TIMSH234,13
TIMSS210,13
TOTSG433,13
TOTSH425,13
TOTSH451,13
TOTSH466,13
TUPYT180,13
UGPAH161,13
UGPAS150,13
UGPAS170,13
USIMG410,13
USIMG420,13
USIMG430W4,13
USIMG435,13
USIMG440W4,13
USIMG445,13
USIMH390,13
USIMH450W1,13
USIMH590,13
USIMI457,13
USIMI502,13
USIMI542,13
USIMK500,13
USIMS395,13
USIMS410,13
USIMS415,13
USIMS470,13
USIMS480,13
USIMS530,13
USIMS540,13
USIMT345,13
USIMT570,13
USIMT600,13
USIMU422,13
USIMU457,13
VALEG481,13
VALEG510W4,13
VALEG590W4,13
VALEG614,13
VALEG62,13
VALEH484,13
VALEH550W2,13
VALEH560W2,13
VALEH600W1,13
VALEH80,13
VALEI525,13
VALEI678,13
VALEI683,13
VALEI688,13
VALEJ570,13
VALEJ620,13
VALEM567,13
VALEN470,13
VALES474,13
VALES484,13
VALES486,13
VALES491,13
VALES496,13
VALES505,13
VALES515,13
VALES614,13
VALES62,13
VALES624,13
VALES645,13
VALES649,13
VALES655,13
VALES665,13
VALET456,13
VALET550W2,13
VALET680,13
VALEU461,13
VALEV580,13
VALEV590,13
VALEX620,13
VAMOG410,13
VAMOS370,13
VAMOS400,13
VAMOS450,13
VAMOT420,13
VAMOT450,13
VBBRI21,13
VBBRI250,13
VBBRS212,13
VBBRS225,13
VBBRS232,13
VBBRT190,13
VBBRT193,13
VBBRT22,13
VBBRU220,13
VIVTC700,13
VIVTG314,13
VIVTG324,13
VIVTH330,13
WEGEG413,13
WEGEG415,13
WEGEG415W4,13
WEGEG423,13
WEGEG446,13
WEGEH481,13
WEGEI396,13
WEGEI421,13
WEGES380W4,13
WEGES388,13
WEGES395W4,13
WEGES398,13
WEGES405,13
WEGES413,13
WEGES415W4,13
WEGES420W4,13
WEGES423,13
WEGES436,13
WEGES44,13
WEGES443,13
WEGES448,13
WEGET453,13
WEGET455,13
WEGEU383,13
WEGEU393,13
WEGEU396,13
WEGEU423,13
WEGEU426,13
WEGEU428,13
WEGEV415,13
YDUQH126,13
YDUQS155,13
YDUQS165,13
YDUQS170,13
YDUQT104,13
YDUQT105,13
A1CR34,12
A1IV34,12
A1TT34,12
ABCBJ250,12
ABEVH145W1,12
ABEVI126,12
ABEVU124,12
ABEVU141,12
AHEB3F,12
ALLD3T,12
ALOSG213,12
ALOSI216,12
ALOSI222,12
ALOSS209,12
ALOSS213,12
ALOSS220,12
ALOST223,12
ALPAH871,12
ARMLT404,12
ASAIS110,12
ASAIS115,12
ASAIT970,12
ASAIU979,12
ATSA11,12
AZULH105,12
AZULH750,12
AZULI110,12
AZULI800,12
AZULS110,12
AZULS120,12
AZULT105,12
AZULT25,12
AZULU800,12
AZZA3T,12
AZZAG430,12
AZZAH415,12
AZZAH467,12
AZZAH530,12
AZZAS39,12
AZZAS395,12
AZZAS410,12
AZZAT275,12
AZZAT345,12
AZZAT400,12
B2RK34,12
B3SAG104,12
B3SAG117,12
B3SAG135W4,12
B3SAG140W4,12
B3SAH105,12
B3SAH140W1,12
B3SAH167,12
B3SAI122,12
B3SAI124,12
B3SAI127,12
B3SAI164,12
B3SAP185,12
B3SAS124,12
B3SAS125W4,12
B3SAT107,12
B3SAT130W1,12
B3SAT140W1,12
B3SAU112,12
B3SAV128,12
BBASA55,12
BBASC591,12
BBASG259,12
BBASG264,12
BBASH200W2,12
BBASI270,12
BBASJ21,12
BBASJ234,12
BBASL233,12
BBASL235,12
BBASL245,12
BBASO200,12
BBASS184,12
BBASS233W4,12
BBASS261W4,12
BBASS291,12
BBAST180W2,12
BBAST185W4,12
BBAST195W4,12
BBAST215W2,12
BBASU159,12
BBASU160,12
BBASU165,12
BBASX210,12
BBASX235,12
BBASX245,12
BBASX260,12
BBDCA180,12
BBDCG117,12
BBDCG157W4,12
BBDCG182,12
BBDCG200,12
BBDCH115,12
BBDCH160W2,12
BBDCH170W2,12
BBDCI130,12
BBDCI136,12
BBDCI151,12
BBDCL173,12
BBDCS136,12
BBDCS14,12
BBDCS151,12
BBDCS153,12
BBDCS200,12
BBDCT151,12
BBDCT167W1,12
BBDCT18,12
BBDCU136,12
BBDCU146,12
BBSEG382,12
BBSEI343,12
BBSEL402,12
BBSEM36,12
BBSEM370,12
BBSET392,12
BBSEU318,12
BBSEU323,12
BBSEU325,12
BBSEU365,12
BBSEV327,12
BBSEV342,12
BBSEX38,12
BEEFG486,12
BEEFG496,12
BEEFH770,12
BEEFS496,12
BEEFS531,12
BEEFS561,12
BHEF39,12
BMGBI385,12
BONY34,12
BOVAB150,12
BOVAG146W4,12
BOVAG3,12
BOVAG4,12
BOVAG5,12
BOVAH130W2,12
BOVAH136W4,12
BOVAH142W4,12
BOVAI107,12
BOVAI108,12
BOVAJ131,12
BOVAJ139,12
BOVAJ25,12
BOVAJ8,12
BOVAJ9,12
BOVAK139,12
BOVAK14,12
BOVAL134,12
BOVAL27,12
BOVAS1,12
BOVAS114,12
BOVAS121W4,12
BOVAT116W1,12
BOVAT22,12
BOVAT960,12
BOVAU102,12
BOVAU131W1,12
BOVAU960,12
BOVAV131,12
BOVAV24,12
BOVAV99,12
BOVAX11,12
BOXP34,12
BPACG433,12
BPACG438,12
BPACH471,12
BPACI417,12
BPACI430,12
BPACI445,12
BPACS421,12
BPACT431,12
BPACT436,12
BPACU372,12
BPACU375,12
BPACU377,12
BPACU410,12
BPANH820,12
BRAPH195,12
BRAPI172,12
BRAPS157,12
BRAPS180,12
BRAPT182,12
BRAPU164,12
BRAVG17,12
BRAVG202,12
BRAVG23,12
BRAVH226,12
BRAVI197,12
BRAVI200,12
BRAVI210,12
BRAVI217,12
BRAVI222,12
BRAVS160,12
BRAVS167,12
BRAVS187,12
BRAVS202,12
BRAVS21,12
BRAVS23,12
BRAVT138,12
BRAVT146,12
BRAVT233,12
BRAVU155,12
BRAVU160,12
BRAVU165,12
BRAVU182,12
BRAVU190,12
BRAVU197,12
BRFSG206,12
BRFSG214,12
BRFSG216,12
BRFSG229,12
BRFSH212,12
BRFSH222,12
BRFSS189,12
BRFSS194,12
BRFSS209,12
BRKMG960,12
BRKMI100,12
BRKMI940,12
BRKMS105,12
BRKMS110,12
BRKMS820,12
BRKMT107,12
BRKMT180,12
BRKMU110,12
BRKMU980,12
CASH13F,12
CASHI780,12
CASHS660,12
CASHS680,12
CASHS700,12
CCTY1,12
CCTY1F,12
CEEB5F,12
CMIGH132,12
CMIGK11,12
CMIGS110,12
CMIGS113,12
CMIGU103,12
CMINL527,12
CMINS510,12
CMINS560,12
CMINU520,12
CMINW500,12
COGNG248,12
COGNG268,12
COGNH133,12
COGNH205,12
COGNH233,12
COGNH248,12
COGNH280W1,12
COGNI283,12
COGNI303,12
COGNK35,12
COGNS260,12
COGNS320,12
COGNS360,12
COGNT220,12
COGNU258,12
COGNU278,12
CPFEH417,12
CPFET387,12
CPFEU367,12
CPLEI114,12
CPLES118,12
CPLET108,12
CRIP34,12
CSAND799,12
CSANG750,12
CSANH620W1,12
CSANI615,12
CSANI635,12
CSANS780,12
CSANS810,12
CSANU555,12
CSANV590,12
CSMGG253,12
CSMGG273,12
CSMGH26,12
CSMGI275,12
CSMGT255,12
CSNAG100,12
CSNAG750,12
CSNAH709,12
CSNAI879,12
CSNAS730,12
CSNAS890,12
CSNAT659,12
CSNAU719,12
CSNAX780,12
CSXC34,12
CVCBS240,12
CXSEG150,12
CXSEI150,12
CXSEI151,12
CXSES151,12
CXSEU137,12
CXSEU139,12
CXSEU140,12
CYREG290,12
CYRES250,12
D2KN34,12
DIRRT395,12
E2AG34,12
EGIEG445,12
EGIEG460,12
EGIES404,12
EGIES420,12
EGIES425,12
EGIES445,12
EGIET367,12
EGIET442,12
ELETG403,12
ELETH2,12
ELETH4,12
ELETI395,12
ELETI400,12
ELETI405,12
ELETI411,12
ELETI421,12
ELETS403,12
ELETS413,12
ELETS439,12
ELETT44,12
ELETT440,12
ELETU387,12
ELETU402,12
EMBRG650,12
EMBRG690,12
EMBRG720,12
EMBRG740,12
EMBRG770,12
EMBRG799,12
EMBRG819,12
EMBRG839,12
EMBRG849,12
EMBRG900,12
EMBRH710W1,12
EMBRH740W1,12
EMBRI100,12
EMBRI699,12
EMBRI749,12
EMBRI774,12
EMBRJ610,12
EMBRL850,12
EMBRS630,12
EMBRS660W4,12
EMBRS674,12
EMBRS720W4,12
EMBRT479,12
EMBRT509,12
EMBRT559,12
EMBRT600W1,12
EMBRT650W1,12
EMBRT720W1,12
EMBRU644,12
EMBRU684,12
EMBRU689,12
EMBRU739,12
EMBRV540,12
ENEVG140,12
ENEVH155,12
ENEVT132,12
EQTLG367,12
EQTLH347,12
EQTLH349,12
EQTLS342,12
EZTCI153,12
FLRYG130,12
FLRYG132,12
FLRYH125,12
FLRYT132,12
FLRYT140,12
FLRYU123,12
FLRYU126,12
GCDL11,12
GFDL11,12
GFSAG100,12
GFSAS100,12
GGBRG175W4,12
GGBRG181,12
GGBRH151,12
GGBRH170W1,12
GGBRI178,12
GGBRI183,12
GGBRK172,12
GGBRT137,12
GGBRT160W1,12
GGBRU153,12
GGBRU171,12
GGBRU173,12
GGBRV194,12
GOAUG100,12
GOAUG845,12
GOAUG965,12
GOAUH977,12
GOAUI105,12
GOAUI907,12
GOAUJ100,12
GOAUU927,12
GPSI34,12
GRNDT530,12
H1OG34,12
HAPVH245,12
HAPVH37,12
HAPVS304,12
HAPVS360,12
HAPVT185,12
HAPVT32,12
HSHY34,12
HYPEG272,12
HYPEG29,12
HYPEH327,12
HYPES265,12
HYPES27,12
HYPES270,12
HYPET242,12
HYPET277,12
I1XC34,12
IBOVH131,12
IBOVI13,12
IBOVI143,12
IBOVJ140,12
IBOVS132,12
IBOVS136,12
IBOVS138,12
IBOVT142,12
IBOVU127,12
IBOVU129,12
IGTIS223,12
IRBRG450,12
IRBRG462,12
IRBRH457,12
IRBRI442,12
IRBRI452,12
IRBRT447,12
IRBRT462,12
IRBRT510,12
ISAEG229,12
ISAEP24,12
ISAES245,12
ITSAG115,12
ITSAI962,12
ITSAS115,12
ITSAT100W1,12
ITSAX105,12
ITUBG351,12
ITUBG360W4,12
ITUBG38,12
ITUBH348,12
ITUBH363,12
ITUBH380W2,12
ITUBH385W1,12
ITUBH395W4,12
ITUBH438,12
ITUBN371,12
ITUBS350W4,12
ITUBS375W4,12
ITUBS385,12
ITUBT333,12
ITUBU374,12
JALL3T,12
JBSSH922,12
JBSSS805,12
JBSST942,12
JBSST950,12
JHSFG540,12
JHSFS510,12
KLBNG177,12
KLBNG185,12
KLBNI184,12
KLBNI207,12
KLBNS172,12
LRENG142,12
LRENG165,12
LRENG173,12
LRENG195W4,12
LRENG205,12
LRENH156,12
LRENH163,12
LRENH168,12
LRENS173,12
LRENS198,12
LRENT154,12
LRENT205,12
LRENU153,12
LRENU176,12
LWSAG405,12
LWSAG425,12
LWSAH355,12
LWSAT385,12
M1UF34,12
MDIAT235,12
MGLUG101,12
MGLUG109,12
MGLUG111,12
MGLUG830,12
MGLUG890,12
MGLUG920,12
MGLUG930,12
MGLUG940,12
MGLUG970,12
MGLUG990,12
MGLUH820W1,12
MGLUI739,12
MGLUI749,12
MGLUI759,12
MGLUI839,12
MGLUI879,12
MGLUI939,12
MGLUJ929,12
MGLUS109,12
MGLUS114,12
MGLUS119,12
MGLUS353,12
MGLUS789,12
MGLUS790,12
MGLUT125,12
MGLUT579,12
MGLUU690,12
MGLUU709,12
MGLUU729,12
MGLUU749,12
MGLUU839,12
MGLUU919,12
MGLUV759,12
MGLUV799,12
MGLUV809,12
MOTVG135,12
MOTVT130,12
MOTVU123,12
MOVIS640,12
MOVIT940,12
MRFGG207,12
MRFGG247,12
MRFGG255,12
MRFGG260,12
MRFGI270,12
MRFGS215,12
MRFGT177,12
MRVEG670,12
MRVEG680,12
MRVEH570,12
MRVEI680,12
MRVEJ77,12
MRVES560,12
MRVES660,12
MRVET720,12
MRVEU600,12
MULTG268,12
MULTH25,12
MULTH272,12
MULTH293,12
MULTS258,12
MULTT268,12
MYPKH137,12
NATUG102,12
NATUH102,12
NATUS102,12
NATUU100,12
NATUU860,12
NATUU920,12
O1KE34,12
ODPVG118,12
ODPVT110,12
ONCO3T,12
P1EA34,12
PCARG305,12
PCARH460,12
PCARH465,12
PCARS340,12
PCARS380,12
PCART370,12
PETRG202,12
PETRG276,12
PETRG280,12
PETRG36,12
PETRG369,12
PETRG370,12
PETRG375,12
PETRG40,12
PETRH033,12
PETRH170,12
PETRH220,12
PETRH240,12
PETRH329W4,12
PETRH414,12
PETRI28,12
PETRI293,12
PETRI298,12
PETRI313,12
PETRI360,12
PETRJ341,12
PETRK317,12
PETRK447,12
PETRL135,12
PETRN37,12
PETRS289,12
PETRS290,12
PETRS290W4,12
PETRS295W4,12
PETRS345,12
PETRS35,12
PETRS355W4,12
PETRS375W4,12
PETRS40,12
PETRS401,12
PETRS418,12
PETRS433,12
PETRT240,12
PETRT280,12
PETRT302,12
PETRT315W2,12
PETRT339,12
PETRT360,12
PETRT414,12
PETRU241,12
PETRU273,12
PETRU373,12
PETRU376,12
PETRU378,12
PETRV301,12
PETRW319,12
PETRX405,12
PETRX43,12
PETZB50,12
PETZH366,12
PETZH436,12
PETZH456,12
PETZI413,12
PETZJ500,12
PETZS361,12
PETZS441,12
PETZT451,12
PETZU378,12
PINE13,12
PLAS3F,12
POMOH790,12
POMOI927,12
POMOU800,12
POSIH483,12
POSIT450,12
PRIOG392,12
PRIOG395,12
PRIOG402,12
PRIOG407,12
PRIOG465,12
PRIOH387,12
PRIOH392,12
PRIOH487,12
PRIOI410,12
PRIOI452,12
PRIOI475,12
PRIOS385,12
PRIOS387,12
PRIOS400W4,12
PRIOS425W4,12
PRIOS430W4,12
PRIOS442,12
PRIOS445,12
PRIOT362,12
PRIOT410W1,12
PRIOT415W1,12
PRIOT430W1,12
PRIOT462,12
PRIOU385,12
PRIOU442,12
PRSN11,12
PSSAT550,12
QUALH180,12
QUALH199,12
QUALT175,12
RADLG149,12
RADLG164,12
RADLH198,12
RADLI153,12
RADLI168,12
RADLI173,12
RADLS164,12
RADLS169,12
RAILH175,12
RAILH179,12
RAILS190,12
RAILT159,12
RAILU170,12
RAIZI170,12
RAIZS149,12
RAIZS200,12
RAIZU200,12
RANIH743,12
RANIH813,12
RBDS11,12
RDORI378,12
RDORS333,12
RDORT340,12
RECVH147,12
RECVH160,12
RENT3T,12
RENTG393,12
RENTG396,12
RENTG406,12
RENTH443,12
RENTH463,12
RENTH473,12
RENTI376,12
RENTI384,12
RENTS375,12
RENTS376,12
RENTS378,12
RENTS391,12
RENTS398,12
RENTS406,12
RENTS421,12
RENTS428,12
RENTT316,12
RENTT411,12
RENTT421,12
RENTT426,12
RENTT433,12
RENTU301,12
RENTU361,12
RENTU364,12
RENTU396,12
ROMIT845,12
ROMIT900,12
RVEE3,12
SANBG298,12
SANBG299,12
SANBI281,12
SAPRG350,12
SAPRT360,12
SAPRT373,12
SBSPG119,12
SBSPG122,12
SBSPG124,12
SBSPH110,12
SBSPH130,12
SBSPI113,12
SBSPS120,12
SBSPT1,12
SBSPU109,12
SIMHH573,12
SLCEG192,12
SLCEH199,12
SMALG104W4,12
SMALG106W4,12
SMALG108W4,12
SMALG111,12
SMALG112,12
SMALG114,12
SMALH104W1,12
SMALH108W1,12
SMALH920,12
SMALH970,12
SMALS105W4,12
SMALS980,12
SMALS990,12
SMALT106W1,12
SMALT920,12
SMTOG180,12
SMTOH170,12
SMTOS170,12
SMTOS205,12
SUZBG510W4,12
SUZBG542,12
SUZBG547,12
SUZBH495,12
SUZBH520W1,12
SUZBH580,12
SUZBI532,12
SUZBI547,12
SUZBI552,12
SUZBI567,12
SUZBL682,12
SUZBS480,12
SUZBS492,12
SUZBS495,12
SUZBS557,12
SUZBT450,12
SUZBT460,12
SUZBU497,12
SUZBX572,12
TAEEG345,12
TAEEG350,12
TAEEG359,12
TAEEH396,12
TAEES345,12
TAEES370,12
TAEEU326,12
TAEEU330,12
TAKP34,12
TIMST214,12
TOTSH435,12
TOTSH440,12
TOTST426,12
TUPYT160,12
UGPAG175,12
UGPAG180,12
UGPAH164,12
UGPAI180,12
UGPAS160,12
UGPAT144,12
USIMB701,12
USIMG415,12
USIMG440,12
USIMG450,12
USIMG460,12
USIMG460W4,12
USIMG500,12
USIMS405,12
USIMS430W4,12
USIMS455,12
USIMS465,12
USIMS490,12
USIMS510,12
USIMS520,12
USIMS580,12
USIMT340,12
USIMT430W1,12
USIMT580,12
USIMU387,12
USIMU412,12
USIMU417,12
USIMU437,12
USIMX409,12
USIMX519,12
V2EE34,12
VALEF752,12
VALEG459,12
VALEG464,12
VALEG476,12
VALEG486,12
VALEG65,12
VALEG655,12
VALEH685,12
VALEH69,12
VALEH760,12
VALEJ550,12
VALEJ584,12
VALEK596,12
VALEL65,12
VALEL70,12
VALEL77,12
VALEM53,12
VALEM620,12
VALEN53,12
VALES469,12
VALES476,12
VALES497,12
VALES590W4,12
VALES630W4,12
VALES680,12
VALET441,12
VALET454,12
VALET500W2,12
VALET510W2,12
VALET530W2,12
VALET560W1,12
VALET570W1,12
VALET69,12
VALEU468,12
VALEU603,12
VALEU608,12
VAMOG400,12
VAMOG430,12
VAMOG450,12
VAMOH380,12
VAMOH460,12
VAMOH500,12
VAMOT440,12
VBBRG220,12
VBBRG222,12
VBBRG227,12
VBBRG23,12
VBBRG232,12
VBBRG235,12
VBBRI220,12
VBBRS217,12
VBBRS227,12
VIVAH266,12
VIVAH267,12
VIVAH280,12
VIVAT246,12
VIVAT256,12
VIVTG299,12
VIVTH300,12
VIVTS304,12
VIVTS309,12
VIVTS314,12
VIVTS320,12
VIVTT320,12
VIVTU306,12
VLIDT23,12
VVEO3T,12
WEGEB579,12
WEGEG418,12
WEGEG420,12
WEGEG420W4,12
WEGEG425W4,12
WEGEG443,12
WEGEG453,12
WEGEH388,12
WEGEH473,12
WEGEI371,12
WEGEI406,12
WEGEI411,12
WEGEI416,12
WEGEI431,12
WEGEI453,12
WEGEL433,12
WEGES390,12
WEGES403,12
WEGES410W4,12
WEGES433,12
WEGES451,12
WEGES453,12
WEGET380W1,12
WEGET473,12
WEGET476,12
WEGEU368,12
WEGEU416,12
WEGEU418,12
WEGEU431,12
WEGEX365,12
WEGEX457,12
WIZCG775,12
WIZCT693,12
YDUQS156,12
YDUQS160,12
YDUQU135,12
A1UT34,11
ABCBT210,11
ABCBT220,11
ABEVG115,11
ABEVH163,11
ABEVH18,11
ABEVS130W4,11
ABEVT121,11
ABEVT156,11
ABEVT16,11
ABEVU129,11
ABEVX14,11
ALOSS219,11
ALOST202,11
ALPAH960,11
ALPAI991,11
ALUPH310,11
ANIMG415,11
ASAIG110,11
ASAIH130,11
ASAII108,11
ASAIS960,11
AZULB2,11
AZULG900,11
AZULH600,11
AZULI700,11
AZULS130,11
AZULS300,11
AZULS335,11
AZULU315,11
AZZAH355,11
AZZAI442,11
AZZAT280,11
AZZAT370,11
AZZAT410,11
AZZAU292,11
AZZAU375,11
B3SA3T,11
B3SAA259,11
B3SAG130W4,11
B3SAG145W4,11
B3SAG16,11
B3SAH140W2,11
B3SAH169,11
B3SAI119,11
B3SAI156,11
B3SAJ163,11
B3SAS16,11
B3SAX130,11
BAUH4,11
BBASD280,11
BBASE243,11
BBASG144,11
BBASG191,11
BBASG194,11
BBASG205W4,11
BBASG314,11
BBASH215W4,11
BBASH220W4,11
BBASH260,11
BBASH291,11
BBASJ244,11
BBASJ300,11
BBASK216,11
BBASK245,11
BBASM181,11
BBASO198,11
BBASO591,11
BBASP275,11
BBASS189,11
BBASS205W4,11
BBASS269W4,11
BBASS294,11
BBASS296,11
BBASS301,11
BBASS312,11
BBAST203W4,11
BBAST208W4,11
BBASU167,11
BBASV175,11
BBASV178,11
BBASV183,11
BBASV203,11
BBASV231,11
BBASV236,11
BBASV254,11
BBASX211,11
BBASX230,11
BBASX243,11
BBASX280,11
BBDCA200,11
BBDCB299,11
BBDCG115,11
BBDCG132,11
BBDCG136,11
BBDCG14,11
BBDCG147,11
BBDCG151,11
BBDCG155W4,11
BBDCG160W4,11
BBDCG177W4,11
BBDCH149W1,11
BBDCI13,11
BBDCI132,11
BBDCI14,11
BBDCI15,11
BBDCI19,11
BBDCI191,11
BBDCI195,11
BBDCI210,11
BBDCJ149,11
BBDCJ167,11
BBDCJ250,11
BBDCL180,11
BBDCM180,11
BBDCS139,11
BBDCS140,11
BBDCS147,11
BBDCS148,11
BBDCT160W2,11
BBDCT195,11
BBDCU13,11
BBDCU140,11
BBDCU141,11
BBSEG349,11
BBSEH324,11
BBSEH327,11
BBSEH404,11
BBSEI335,11
BBSES384,11
BBSET404,11
BBSEU373,11
BBSEV380,11
BDLL3F,11
BEEFG571,11
BEEFH476,11
BEEFS476,11
BEEFU496,11
BEWU39,11
BEWW39,11
BHIAI290,11
BHIAS295,11
BHIAS305,11
BHIAT20,11
BIIB34,11
BLOG11,11
BOVAB135,11
BOVAG111,11
BOVAG117W4,11
BOVAG121W4,11
BOVAG6,11
BOVAH116W1,11
BOVAH130W4,11
BOVAH132W4,11
BOVAH142W2,11
BOVAI102,11
BOVAI103,11
BOVAI157,11
BOVAJ122,11
BOVAK15,11
BOVAL180,11
BOVAL20,11
BOVAS119W4,11
BOVAS142W4,11
BOVAS16,11
BOVAS5,11
BOVAS6,11
BOVAS7,11
BOVAT124W2,11
BOVAT126W2,11
BOVAT130W4,11
BOVAT132W4,11
BOVAT134W2,11
BOVAT24,11
BOVAT360,11
BOVAU108,11
BOVAU116,11
BOVAV118,11
BOVAV23,11
BOVAV33,11
BPACG403,11
BPACG406,11
BPACG436,11
BPACH369,11
BPACI400,11
BPACI422,11
BPACI425,11
BPACI427,11
BPACS393,11
BPACS423,11
BPACT359,11
BPACT434,11
BPACT441,11
BPACU355,11
BPACU362,11
BPACU380,11
BPACU382,11
BPACU385,11
BPACU387,11
BPACU407,11
BPACX405,11
BPANS880,11
BPANU780,11
BRAPF195,11
BRAPG160,11
BRAPH160,11
BRAPI218,11
BRAPS152,11
BRAPS155,11
BRAPS185,11
BRAPT130,11
BRAPU152,11
BRAPU155,11
BRAPV160,11
BRAVB229,11
BRAVG162,11
BRAVG217,11
BRAVH190W2,11
BRAVH243,11
BRAVI182,11
BRAVI192,11
BRAVI207,11
BRAVS155,11
BRAVS162,11
BRAVS212,11
BRAVU215,11
BRFSG221,11
BRFSH237,11
BRFSH252,11
BRFSS184,11
BRFSS19,11
BRFSS201,11
BRFSS214,11
BRFST177,11
BRKMG110,11
BRKMH870,11
BRKMS107,11
BRKMS980,11
BRKMT115,11
BRKMT190,11
BRKMU940,11
BRKMV820,11
BRSRG118,11
CAFR31,11
CASH13,11
CASH16,11
CASH16F,11
CASHG720,11
CASHG780,11
CASHG800,11
CASHH640,11
CASHH860,11
CASHH970,11
CASHI540,11
CASHI860,11
CASHU540,11
CASHU700,11
CBAVH490,11
CEABH170,11
CEABT170,11
CHME34,11
CMIGG113,11
CMIGL2,11
CMIGT127,11
CMIGV106,11
CMINB50,11
CMINI540,11
CMINT600,11
CMINU467,11
CMINV650,11
COGNG230,11
COGNG258,11
COGNG320,11
COGNH158,11
COGNH343,11
COGNI250,11
COGNI263,11
COGNI268,11
COGNK2,11
COGNT228,11
COGNU263,11
COGNU273,11
CPFET377,11
CPLEG113,11
CPLEG118,11
CPLEG128,11
CPLEH113,11
CSANG640,11
CSANG70,11
CSANG710,11
CSANG760,11
CSANG820,11
CSANH585,11
CSANH775,11
CSANH795,11
CSANS129,11
CSANS620W4,11
CSANS630,11
CSANS790,11
CSANT19,11
CSANT525,11
CSANT580W1,11
CSANT600W1,11
CSANT785,11
CSANT815,11
CSANT825,11
CSANU515,11
CSANU535,11
CSMGG283,11
CSMGH305,11
CSMGT265,11
CSMGT277,11
CSMGU267,11
CSNAG860W4,11
CSNAG890,11
CSNAG900,11
CSNAH739,11
CSNAH840W1,11
CSNAH989,11
CSNAI10,11
CSNAI100,11
CSNAI939,11
CSNAS105,11
CSNAS710,11
CSNAS740W4,11
CSNAS900,11
CSNAS990,11
CSNAT639,11
CSNAT979,11
CSNAU679,11
CSNAU859,11
CTKA3F,11
CVCBG225,11
CVCBG230,11
CVCBG240,11
CVCBS230,11
CVCBS235,11
CVCBS249,11
CXSEI145,11
CXSEV14,11
CYREI261,11
CYRES262,11
CYRET214,11
DIRRG430,11
DIRRT405,11
DXCOT959,11
ECORG780,11
ECORH750,11
ECORH760,11
ECORT680,11
EGDB11,11
EGIEG456,11
EGIEH394,11
EGIEH482,11
EGIES415,11
ELET5F,11
ELETG401,11
ELETG406,11
ELETG408,11
ELETG411,11
ELETG416,11
ELETG436,11
ELETH418,11
ELETH433,11
ELETH471,11
ELETH485,11
ELETI426,11
ELETI427,11
ELETI433,11
ELETI436,11
ELETS416,11
ELETS444,11
ELETT425,11
ELETU375,11
ELETU403,11
ELETU407,11
ELETU417,11
EMBRG740W4,11
EMBRG744,11
EMBRG770W4,11
EMBRG879,11
EMBRH664,11
EMBRH694,11
EMBRH700W1,11
EMBRH720W1,11
EMBRH914,11
EMBRI709,11
EMBRI784,11
EMBRL900,11
EMBRS600,11
EMBRS650W4,11
EMBRS700W4,11
EMBRS750W4,11
EMBRS839,11
EMBRT489,11
EMBRT499,11
EMBRT610W1,11
EMBRT630W1,11
EMBRT660W2,11
EMBRT804,11
EMBRU499,11
EMBRU704,11
EMBRV610,11
EMBRX610,11
ENEVG145,11
ENEVH132,11
ENEVI145,11
ENEVS137,11
ENEVT125,11
ENEVT140,11
ENMT4,11
EQTLH355,11
EQTLH390,11
EQTLS335,11
EQTLS350,11
EQTLS352,11
EQTLS355,11
EQTLS362,11
EZTCH128,11
EZTCI143,11
FESA3,11
FLRYH127,11
FLRYS125,11
GGBRH198,11
GGBRI161,11
GGBRI173,11
GGBRI210,11
GGBRI218,11
GGBRS151,11
GGBRS153,11
GGBRS156,11
GGBRS160W4,11
GGBRS181,11
GGBRT196,11
GOAUG975,11
GOAUI103,11
GOAUS102,11
GOAUS870,11
GOAUS965,11
GOAUU917,11
GRNDG556,11
GRNDH590,11
GRNDS536,11
GSHP3,11
HAPVG330,11
HAPVG340,11
HAPVH205,11
HAPVH475,11
HAPVS342,11
HAPVS36,11
HAPVT1,11
HAPVT195,11
HAPVT287,11
HAPVT33,11
HBTS5F,11
HOMS11,11
HYPE3T,11
HYPEG282,11
HYPEH312,11
HYPEH332,11
HYPEI327,11
HYPES272,11
HYPES282,11
HYPET282,11
HYPEU262,11
IBOVG138,11
IBOVG140,11
IBOVI139,11
IBOVI141,11
IBOVI146,11
IBOVJ133,11
IBOVS137,11
IBOVT127,11
IGTI4F,11
IGTIH225,11
INTBT152,11
IRBRB600,11
IRBRG460,11
IRBRG465,11
IRBRG475,11
IRBRG482,11
IRBRG515,11
IRBRH437,11
IRBRH447,11
IRBRI457,11
IRBRI495,11
IRBRI520,11
IRBRI535,11
IRBRL50,11
IRBRS410,11
IRBRS415,11
IRBRT380,11
IRBRT402,11
IRBRT457,11
IRBRT475,11
IRBRU412,11
IRBRU435,11
IRBRU452,11
IRBRU472,11
IRBRV375,11
IRBRV410,11
ISAEG234,11
ISAEG239,11
ISAEG244,11
ISAEG260,11
ISAES234,11
ITSAG110W4,11
ITSAG118,11
ITSAG891,11
ITSAG981,11
ITSAG991,11
ITSAH124,11
ITSAH932,11
ITSAJ109,11
ITSAJ120,11
ITSAS100,11
ITSAT124,11
ITSAT942,11
ITUBG33,11
ITUBG369,11
ITUBG395,11
ITUBH339,11
ITUBH341,11
ITUBH345W1,11
ITUBH370W2,11
ITUBH380W1,11
ITUBH395W1,11
ITUBI282,11
ITUBI366,11
ITUBS345W4,11
ITUBS395,11
ITUBT331,11
ITUBT338,11
ITUBT345W4,11
ITUBT41,11
ITUBU414,11
ITUBU419,11
JBSSG810,11
JBSSH942,11
JBSSH990,11
JBSSS790,11
JBSSS850,11
JBSSS900,11
JBSST920,11
JHSF3T,11
JHSFG520,11
JHSFH503,11
JHSFI520,11
JHSFT480,11
JHSFU510,11
JHSFU520,11
K1EL34,11
KLBNG180,11
KLBNI187,11
KLBNI199,11
KLBNS197,11
LEVEH300,11
LEVEH305,11
LEVET280,11
LJQQT230,11
LRENG178,11
LRENI168,11
LRENL230,11
LRENS180W4,11
LRENS200,11
LRENT149,11
LRENT165W1,11
LRENT170W1,11
LRENT180W1,11
LRENT20,11
LWSAG385,11
LWSAG395,11
LWSAH460,11
MGLUG104,11
MGLUG769,11
MGLUG829,11
MGLUG850,11
MGLUG980,11
MGLUH118,11
MGLUH669,11
MGLUH860W1,11
MGLUI113,11
MGLUI779,11
MGLUS111,11
MGLUS800W4,11
MGLUT118,11
MGLUT529,11
MGLUT559,11
MGLUT760W1,11
MGLUT800W1,11
MGLUT999,11
MGLUU630,11
MGLUU789,11
MGLUU849,11
MGLUV669,11
MGLUV849,11
MOTVI128,11
MOTVT138,11
MOVIG700,11
MOVIG720,11
MOVIH660,11
MOVIS660,11
MOVIT58,11
MRFGS200,11
MRFGS205,11
MRFGU180,11
MRVEG560,11
MRVEG700,11
MRVES570,11
MRVES680,11
MRVET740,11
MRVEU500,11
MRVEU520,11
MULTH252,11
MULTH26,11
MULTH278,11
MULTH288,11
MYPKI148,11
N1GG34,11
NATUG110,11
NATUG960,11
NATUH117,11
NATUH970,11
NATUI105,11
NATUI960,11
NATUS107,11
NATUS112,11
NATUT820,11
NATUT860,11
P2CF34,11
PCARH445,11
PCARI320,11
PCARS300,11
PCARS350,11
PCARS400,11
PCART255,11
PCART335,11
PETRA370,11
PETRD370,11
PETRG200,11
PETRG222,11
PETRG26,11
PETRG274,11
PETRG281,11
PETRG290,11
PETRG32,11
PETRG365,11
PETRG37,11
PETRG387,11
PETRH035,11
PETRH165,11
PETRH198,11
PETRH213,11
PETRH258,11
PETRH290W1,11
PETRH295W1,11
PETRH315W2,11
PETRH320W2,11
PETRH334W4,11
PETRI273,11
PETRI29,11
PETRI365,11
PETRI385,11
PETRI392,11
PETRI404,11
PETRJ343,11
PETRJ346,11
PETRK353,11
PETRL18,11
PETRL415,11
PETRM323,11
PETRQ370,11
PETRS286,11
PETRS295,11
PETRS318,11
PETRS365W4,11
PETRS43,11
PETRT285W1,11
PETRT312,11
PETRT350W1,11
PETRT365W1,11
PETRU27,11
PETRU274,11
PETRU344,11
PETRU381,11
PETRU386,11
PETRV266,11
PETRV296,11
PETRV338,11
PETRV356,11
PETRW337,11
PETRX18,11
PETRX271,11
PETZG351,11
PETZG400,11
PETZH346,11
PETZL580,11
PETZT326,11
PETZT481,11
PETZT501,11
PETZU303,11
PETZU368,11
PETZU413,11
PETZU423,11
POMOG787,11
POMOG850,11
POMOH800,11
POMOT730,11
POSIH450,11
POSIH460,11
POSIT413,11
POSIT430,11
PRIOG385,11
PRIOG390,11
PRIOG397,11
PRIOG445W4,11
PRIOG462,11
PRIOH385,11
PRIOH450W2,11
PRIOI397,11
PRIOI400,11
PRIOI442,11
PRIOI460,11
PRIOI482,11
PRIOI485,11
PRIOS405W4,11
PRIOS435W4,11
PRIOS465,11
PRIOT357,11
PRIOT405W1,11
PRIOU402,11
PRIOU415,11
PRIOU435,11
PRIOU440,11
PRIOV400,11
PSSAG550,11
PSSAG560,11
PSSAS520,11
PSSAS530,11
PSSAS540,11
PTNT3,11
QUALS180,11
RADL3T,11
RADLG139,11
RADLG159,11
RADLI178,11
RADLS128,11
RADLT113,11
RAILH174,11
RAILH180,11
RAILS177,11
RAILS185,11
RAILS187,11
RAILU160,11
RAILU165,11
RAILU175,11
RAILU177,11
RAIZJ389,11
RAIZU190,11
RAIZW200,11
RANIT790,11
RDORH360,11
RDORT310,11
RDORT326,11
RDORT355,11
RDORU313,11
RECVH137,11
RECVS150,11
RECVU132,11
RENTG373,11
RENTG378,11
RENTG398,11
RENTG426,11
RENTH341,11
RENTH352,11
RENTH355,11
RENTH453,11
RENTH468,11
RENTH481,11
RENTI356,11
RENTS360,11
RENTS368,11
RENTS370,11
RENTS373,11
RENTS393,11
RENTS396,11
RENTS408,11
RENTS415,11
RENTT318,11
RENTT406,11
RENTT408,11
RENTT416,11
RENTU351,11
RENTU354,11
ROMIH905,11
S1KM34,11
S1YF34,11
S2RE34,11
SANBG288,11
SANBG308,11
SANBI296,11
SANBI301,11
SANBS269,11
SANBS308,11
SANBT296,11
SANBU250,11
SANBU261,11
SAPRG385,11
SAPRH385,11
SAPRT33,11
SBFGH132,11
SBSPG113,11
SBSPG115,11
SBSPG120,11
SBSPG126,11
SBSPH132,11
SBSPI109,11
SBSPI115,11
SBSPS122,11
SBSPT115,11
SBSPT120,11
SBSPT945,11
SLCE3T,11
SMALG101,11
SMALG102,11
SMALG980,11
SMALH102W1,11
SMALH950,11
SMALI100,11
SMALI120,11
SMALT100W1,11
SMALT900,11
SMALT940,11
SMALT980W1,11
SMALU101,11
SMTOS180,11
SMTOU165,11
SOND6F,11
SUZBG557,11
SUZBH497,11
SUZBI497,11
SUZBI507,11
SUZBS500W4,11
SUZBS532,11
SUZBS562,11
SUZBT455,11
SUZBT520W1,11
SUZBU490,11
T1LK34,11
T1RI34,11
TAEEG375,11
TIMSS214,11
TOKY3T,11
TOTSG418,11
TOTSH430,11
TOTST386,11
TRISK800,11
TSNF34,11
TUPY3T,11
TUPYS175,11
UGPAH159,11
UGPAH199,11
UGPAI190,11
UGPAU150,11
UGPAU159,11
USIM6F,11
USIMA70,11
USIMG420W4,11
USIMG450W4,11
USIMG465,11
USIMG495,11
USIMG60,11
USIMH395,11
USIMH430W1,11
USIMI427,11
USIMI432,11
USIMI442,11
USIMI452,11
USIMI462,11
USIML409,11
USIMS390,11
USIMS410W4,11
USIMS440W4,11
USIMS500,11
USIMS550,11
USIMS560,11
USIMT420W1,11
USIMU382,11
USIMU442,11
VALEG505,11
VALEG600W4,11
VALEH471,11
VALEI673,11
VALEJ600,11
VALEJ660,11
VALEJ712,11
VALEL604,11
VALEL629,11
VALES454,11
VALES464,11
VALES487,11
VALES490W4,11
VALES492,11
VALES530,11
VALES664,11
VALET444,11
VALET451,11
VALET464,11
VALET490W1,11
VALET540W2,11
VALET580W1,11
VALET80,11
VALEV510,11
VALEX560,11
VAMOG470,11
VAMOI500,11
VAMOS420,11
VAMOU380,11
VAMOU390,11
VAMOU450,11
VBBRH258,11
VBBRH260,11
VBBRI235,11
VBBRS200,11
VBBRU188,11
VBBRX204,11
VBBRX220,11
VIVA3T,11
VIVAT242,11
VIVTG309,11
VIVTU296,11
VVRI11,11
W2YF34,11
WEGEG400,11
WEGEG405,11
WEGEG408,11
WEGEG410,11
WEGEH385,11
WEGEH471,11
WEGEH493,11
WEGEH501,11
WEGEI408,11
WEGEI413,11
WEGEI423,11
WEGEI426,11
WEGEI443,11
WEGEI456,11
WEGES385W4,11
WEGES393,11
WEGES446,11
WEGES468,11
WEGET323,11
WEGET360,11
WEGET390W1,11
WEGET395W1,11
WEGET400W1,11
WEGET445,11
WEGET461,11
WEGET468,11
WEGET471,11
WEGEU433,11
WEGEW400,11
WTSP11,11
YDUQ3T,11
YDUQG150,11
YDUQG165,11
YDUQH135,11
YDUQH176,11
YDUQH194,11
YDUQT165,11
YDUQU150,11
ZAMPT330,11
A1KA34,10
ABCBH215,10
ABEVG118,10
ABEVG148,10
ABEVH130W1,10
ABEVS128,10
ABEVS148,10
ABEVT111,10
ABEVT155,10
ABEVU128,10
ABEVU139,10
ABGD39,10
ADMF3,10
ALOSG220,10
ALOSH242,10
ALOSI226,10
ALOSS218,10
ALOST233,10
ALOSU222,10
ALPAH920,10
ANIMG445,10
ANIMT370,10
ARML3T,10
ASAIH102,10
ASAIH117,10
ASAIH120,10
ASAIS980,10
ASAIU959,10
AUREG994,10
AUREH924,10
AURES920,10
AURET894,10
AUREX114,10
AZULG10,10
AZULG110,10
AZULG700,10
AZULG99,10
AZULH120,10
AZULI120,10
AZULK500,10
AZULS150,10
AZULS370,10
AZULT130,10
AZULT570,10
AZULU700,10
AZZAG432,10
AZZAH455,10
AZZAH510,10
AZZAS404,10
AZZAS420,10
AZZAT310,10
AZZAT385,10
AZZAT395,10
B2MB34,10
B3SAG156,10
B3SAH135W1,10
B3SAI109,10
B3SAJ803,10
B3SAS122,10
B3SAT135W2,10
B3SAT157,10
B3SAU114,10
BALM4,10
BBASB563,10
BBASE273,10
BBASG238W4,10
BBASG267,10
BBASG269,10
BBASH174,10
BBASH185W1,10
BBASH195W1,10
BBASH210W4,10
BBASH218W4,10
BBASH235W1,10
BBASH235W2,10
BBASH240W2,10
BBASH294,10
BBASH30,10
BBASI185,10
BBASI195,10
BBASI280,10
BBASK196,10
BBASK290,10
BBASL181,10
BBASL250,10
BBASL293,10
BBASL315,10
BBASM301,10
BBAST144,10
BBAST149,10
BBAST170W1,10
BBAST175W1,10
BBAST175W2,10
BBAST175W4,10
BBAST225W2,10
BBAST260W1,10
BBAST294,10
BBAST299,10
BBASU270,10
BBASU285,10
BBASW252,10
BBASX24,10
BBDCG111,10
BBDCG145W4,10
BBDCH154W1,10
BBDCS150,10
BBDCS170W4,10
BBDCS172W4,10
BBDCS190,10
BBDCS192,10
BBDCS220,10
BBDCT127,10
BBDCT155W2,10
BBDCU126,10
BBDCU132,10
BBDCV162,10
BBSEF440,10
BBSEG387,10
BBSEG389,10
BBSEG392,10
BBSEH322,10
BBSEI323,10
BBSEI333,10
BBSEI350,10
BBSEI361,10
BBSEI388,10
BBSEI393,10
BBSEI398,10
BBSEL38,10
BBSES387,10
BBSES389,10
BBSES394,10
BBSET307,10
BBSET394,10
BBSET402,10
BBSEU383,10
BCWV39,10
BEEFG540W4,10
BEEFH481,10
BEEFI641,10
BEEFS541,10
BEEFS630,10
BEEFS690,10
BEEFT461,10
BEEFT591,10
BEEFU491,10
BEEFU531,10
BFPX39,10
BHIAG50,10
BHIAI490,10
BHIAS30,10
BHIAS365,10
BHIAS400,10
BIGS39,10
BIOM14F,10
BIWF39,10
BKWB39,10
BMGBH352,10
BMGBS372,10
BMGBU355,10
BMTU39,10
BNBR3,10
BOVAA136,10
BOVAG900,10
BOVAH101,10
BOVAH122W2,10
BOVAH126W2,10
BOVAH14,10
BOVAH144W2,10
BOVAH158,10
BOVAH159,10
BOVAH160,10
BOVAI101,10
BOVAI104,10
BOVAI138W1,10
BOVAI153,10
BOVAI158,10
BOVAJ22,10
BOVAL4,10
BOVAN130,10
BOVAR100,10
BOVAS117,10
BOVAS122W4,10
BOVAT128W4,10
BOVAT940,10
BOVAT950,10
BOVAT980,10
BOVAU109,10
BOVAU130W1,10
BOVAU18,10
BOVAU900,10
BOVAV22,10
BOVAW116,10
BOVAX118,10
BOVAX169,10
BPACG396,10
BPACG443,10
BPACH371,10
BPACH469,10
BPACI377,10
BPACI392,10
BPACI395,10
BPACI402,10
BPACS378,10
BPACS381,10
BPACS383,10
BPACS390W4,10
BPACS395W4,10
BPACS405W4,10
BPACS428,10
BPACT380W1,10
BPACU347,10
BPACU365,10
BPACU370,10
BPACU390,10
BPACU402,10
BPANH830,10
BPANT720,10
BRAPG185,10
BRAPI185,10
BRAPI190,10
BRAPS147,10
BRAPS150,10
BRAPT152,10
BRAVG197,10
BRAVG205,10
BRAVG212,10
BRAVG215,10
BRAVG22,10
BRAVG225,10
BRAVH166,10
BRAVH185W1,10
BRAVH233,10
BRAVH32,10
BRAVI202,10
BRAVI212,10
BRAVI225,10
BRAVI230,10
BRAVI240,10
BRAVS157,10
BRAVS170W4,10
BRAVS175W4,10
BRAVS260,10
BRAVT148,10
BRAVU150,10
BRAVU192,10
BRAVU202,10
BRFSG234,10
BRFSH235,10
BRFSH247,10
BRFSH255,10
BRFSH260,10
BRFSS186,10
BRFSS221,10
BRFSS224,10
BRFST160,10
BRFST222,10
BRKMG115,10
BRKMG130,10
BRKMI900,10
BRKML100,10
BRKMS120,10
BRKMS140,10
BRKMU780,10
BRKMU860,10
BRSRG124,10
BRSRI117,10
BRSRT124,10
C2CA34,10
CAMLG500,10
CAMLS500,10
CASHB30,10
CASHG760,10
CASHT510,10
CBAVA800,10
CBAVG495,10
CBAVH480,10
CCTY3,10
CEABS209,10
CEABT155,10
CMIGH106,10
CMIGJ118,10
CMIGT922,10
CMIGT994,10
CMIGX113,10
CMINB700,10
CMING500,10
CMING580,10
CMINH637,10
COCE11,10
COCE11F,10
COGNA10,10
COGNB3,10
COGNG120,10
COGNG249,10
COGNH130,10
COGNH243,10
COGNH333,10
COGNH345,10
COGNI288,10
COGNL334,10
COGNS340,10
COGNS400,10
COGNT330,10
COGNT373,10
COGNT413,10
CPLEG108,10
CPLEH110,10
CPLEU120,10
CRIN34,10
CSAND90,10
CSANG690,10
CSANG730,10
CSANG740,10
CSANG810,10
CSANG830,10
CSANH800,10
CSANI605,10
CSANI625,10
CSANI665,10
CSANJ750,10
CSANS850,10
CSANT100,10
CSANT120,10
CSANU585,10
CSANU605,10
CSANU735,10
CSANW600,10
CSANX800,10
CSMGG263,10
CSMGG291,10
CSMGH220,10
CSMGI290,10
CSMGS273,10
CSMGS278,10
CSMGT260,10
CSNAH800W1,10
CSNAI979,10
CSNAI999,10
CSNAS100,10
CSNAS930,10
CSNAS950,10
CSNAU100,10
CSNAU659,10
CSNAU699,10
CTKA4,10
CVCBG205,10
CVCBG280,10
CVCBI230,10
CVCBS220,10
CVCBT360,10
CXSEG147,10
CXSEG157,10
CXSEI147,10
CXSEU147,10
CYREG250,10
CYREI254,10
CYREI291,10
CYREI294,10
CYRES275,10
CYRET274,10
CYREU224,10
CYREU259,10
DIRRH430,10
DIRRH450,10
DTCY3F,10
DXCO3T,10
DXCOT559,10
E1QR34,10
ECORG720,10
ECORG760,10
ECORT700,10
EGIEH389,10
EGIEI443,10
EGIEI446,10
EGIEI466,10
EGIES393,10
EGIES450,10
EGIET362,10
EGIET452,10
EGIET492,10
EGIEU381,10
EGIEU386,10
ELETG413,10
ELETG418,10
ELETG421,10
ELETG426,10
ELETG430,10
ELETH1,10
ELETH387,10
ELETH436,10
ELETH470,10
ELETH490,10
ELETH494,10
ELETH495,10
ELETH503,10
ELETI431,10
ELETS418,10
ELETS423,10
ELETS426,10
ELETS431,10
ELETT422,10
ELETT430,10
ELETT445,10
ELETU370,10
ELETU382,10
ELETU392,10
ELETU405,10
ELETU406,10
ELETU412,10
ELETU413,10
ELETU423,10
ELETU433,10
EMBRG670,10
EMBRG670W4,10
EMBRG690W4,10
EMBRG730W4,10
EMBRG950,10
EMBRH654,10
EMBRH670,10
EMBRH680W1,10
EMBRH700W2,10
EMBRH750W1,10
EMBRH760W1,10
EMBRH770W1,10
EMBRH790W1,10
EMBRI118,10
EMBRI689,10
EMBRI704,10
EMBRI744,10
EMBRI769,10
EMBRI824,10
EMBRI984,10
EMBRS654,10
EMBRS710W4,10
EMBRS730W4,10
EMBRS820W4,10
EMBRS829,10
EMBRT494,10
EMBRT544,10
EMBRT620W1,10
EMBRT640W1,10
EMBRT740W1,10
EMBRU594,10
EMBRU649,10
EMBRU654,10
EMBRU669,10
EMBRU679,10
EMBRU699,10
ENEVI150,10
ENGIH451,10
ENGIH456,10
ENGIT431,10
EQMA3B,10
EQTLG377,10
EQTLH345,10
EQTLI345,10
EQTLI358,10
EQTLS340,10
EQTLS345,10
EQTLS357,10
EQTLT353,10
EQTLT367,10
EQTLU325,10
EZTCG143,10
EZTCH148,10
EZTCI133,10
EZTCT135,10
EZTCU127,10
EZTCU137,10
FIEI3F,10
FLRYG135,10
FLRYG140,10
FLRYH160,10
FLRYI146,10
FLRYS119,10
FLRYS130,10
FLRYU118,10
GGBRB180,10
GGBRG153,10
GGBRG178,10
GGBRH180W1,10
GGBRL231,10
GGBRS148,10
GGBRS178,10
GGBRS183,10
GGBRU148,10
GOAU4T,10
GOAUG850,10
GOAUH827,10
GOAUH867,10
GOAUT102,10
GOAUT106,10
GOAUU827,10
GOAUU947,10
GRNDH510,10
GRNDH600,10
HAPVG225,10
HAPVG332,10
HAPVH265,10
HAPVH312,10
HAPVH33,10
HAPVH344,10
HAPVH354,10
HAPVH377,10
HAPVH402,10
HAPVH410,10
HAPVI40,10
HAPVI44,10
HAPVS30,10
HAPVS320,10
HAPVS35,10
HAPVT27,10
HAPVT344,10
HBRE3T,10
HYPEG275,10
HYPEG285,10
HYPEH252,10
HYPEH257,10
HYPEH27,10
HYPEH28,10
HYPEH30,10
HYPEI267,10
HYPEI287,10
HYPES250,10
HYPES262,10
HYPEU242,10
HYPEU247,10
HYPEU267,10
I1DX34,10
I1RM34,10
IBOVG139,10
IBOVG141,10
IBOVG142,10
IBOVJ138,10
IBOVJ145,10
IBOVO124,10
IBOVO126,10
IBOVO148,10
IBOVS133,10
IBOVS134,10
IBOVS135,10
IBOVT141,10
IBOVT143,10
IBOVU13,10
IBOVU132,10
IBOVU136,10
IBOVV125,10
IBOVV128,10
IGTIG233,10
IGTII212,10
IGTIS228,10
IGTIT222,10
INTBH152,10
INTBT150,10
IRBRG440,10
IRBRG467,10
IRBRG500,10
IRBRH442,10
IRBRH482,10
IRBRI447,10
IRBRI485,10
IRBRS390,10
IRBRS452,10
IRBRS467,10
IRBRT530,10
IRBRU442,10
ISAEI240,10
ISAES224,10
ITSAA905,10
ITSAG841,10
ITSAG941,10
ITSAH110W1,10
ITSAH892,10
ITSAI192,10
ITSAJ112,10
ITSAK104,10
ITSAS110,10
ITSAV105,10
ITSAX89,10
ITUBG330,10
ITUBG340,10
ITUBG343,10
ITUBG346,10
ITUBG349W4,10
ITUBG356,10
ITUBG378,10
ITUBG385W4,10
ITUBH331,10
ITUBH333,10
ITUBH344,10
ITUBH390W1,10
ITUBH400W1,10
ITUBH405W4,10
ITUBH410W4,10
ITUBH430,10
ITUBI351,10
ITUBI384,10
ITUBI402,10
ITUBI410,10
ITUBI425,10
ITUBS349W4,10
ITUBS373,10
ITUBS376,10
ITUBS380W4,10
ITUBS405,10
ITUBT365W1,10
ITUBT370W1,10
ITUBU349,10
ITUBU351,10
ITUBU354,10
ITUBU359,10
ITUBU404,10
JBSSG862,10
JBSSG900,10
JBSSG912,10
JBSSG937,10
JBSSH907,10
JBSSS795,10
JBSSS815,10
JBSSS920,10
JBSSS930,10
JBSSS997,10
JBSST777,10
JBSST967,10
JBSSU670,10
JHSFG530,10
JHSFH593,10
JHSFI550,10
JHSFL538,10
JHSFT478,10
JHSFU460,10
KLBNB22,10
KLBNG207,10
KLBNI212,10
KLBNP192,10
KLBNS170,10
KLBNS204,10
KMIC34,10
LJQQH285,10
LJQQS260,10
LJQQT249,10
LOWC34,10
LRENA1,10
LRENG155,10
LRENG168,10
LRENG180W4,10
LRENG185W4,10
LRENG213,10
LRENH154,10
LRENH158,10
LRENI161,10
LRENI200,10
LRENI217,10
LRENM1,10
LRENS16,10
LRENS168,10
LRENS175W4,10
LRENU148,10
LWSAI380,10
LWSAS385,10
LWSAT350,10
M1SI34,10
MAPT4,10
MGLUG114,10
MGLUG709,10
MGLUG729,10
MGLUG780,10
MGLUG790,10
MGLUG800W4,10
MGLUG810,10
MGLUG820W4,10
MGLUG840W4,10
MGLUG849,10
MGLUG860W4,10
MGLUG880W4,10
MGLUG900W4,10
MGLUH123,10
MGLUH800W1,10
MGLUI115,10
MGLUI669,10
MGLUJ101,10
MGLUN599,10
MGLUS121,10
MGLUS128,10
MGLUS129,10
MGLUS710,10
MGLUS729,10
MGLUS730,10
MGLUS780W4,10
MGLUT569,10
MGLUT760W2,10
MGLUT860W1,10
MGLUU589,10
MGLUU610,10
MGLUU649,10
MGLUU689,10
MGLUU929,10
MGLUU949,10
MGLUV789,10
MOAR3,10
MOTVH138,10
MOVIG660,10
MOVIG798,10
MOVIH760,10
MOVII640,10
MOVIS680,10
MOVIS700,10
MRFGG222,10
MRFGH207,10
MRFGI195,10
MRFGI245,10
MRFGS207,10
MRFGT252,10
MRFGU215,10
MRVEG690,10
MRVET670,10
MRVEU480,10
MRVEU700,10
MULTG278,10
MULTS253,10
MULTT247,10
MULTT273,10
MULTU263,10
MYPKE13,10
NATUG107,10
NATUG115,10
NATUH910,10
NATUH950,10
NATUT130,10
NATUW800,10
ODPVB140,10
PCARG360,10
PCARH285,10
PCARI330,10
PCARS330,10
PCARS365,10
PCART355,10
PCARU290,10
PETRE372,10
PETRG197,10
PETRG201,10
PETRG247,10
PETRG284,10
PETRG295W4,10
PETRG336,10
PETRG346,10
PETRG392,10
PETRG425,10
PETRH310W2,10
PETRH339W4,10
PETRH418,10
PETRH834,10
PETRI231,10
PETRI32,10
PETRI391,10
PETRI393,10
PETRI418,10
PETRJ396,10
PETRK359,10
PETRL194,10
PETRL445,10
PETRN420,10
PETRO48,10
PETRP370,10
PETRS292,10
PETRS350,10
PETRS365,10
PETRS438,10
PETRT033,10
PETRT220,10
PETRT320W2,10
PETRT340W1,10
PETRT413,10
PETRU205,10
PETRU230,10
PETRU251,10
PETRU253,10
PETRU26,10
PETRU332,10
PETRV278,10
PETRV281,10
PETRV291,10
PETRW311,10
PETRW370,10
PETRX32,10
PETRX55,10
PETZB60,10
PETZG361,10
PETZG441,10
PETZI433,10
PETZI463,10
PETZS491,10
PETZS68,10
PETZT311,10
PETZU358,10
PETZU398,10
PETZX485,10
PHGN34,10
PINE11F,10
POMO4T,10
POMOG810,10
POMOG830,10
POMOI850,10
POSIG480,10
POSIH430,10
POSIH503,10
POSIT440,10
PRIOG387,10
PRIOG455W4,10
PRIOH380,10
PRIOH465W5,10
PRIOH510,10
PRIOH515,10
PRIOI402,10
PRIOI447,10
PRIOS370,10
PRIOS377,10
PRIOS380W4,10
PRIOS382,10
PRIOS390W4,10
PRIOS447,10
PRIOT330,10
PRIOT400W2,10
PRIOT410W2,10
PRIOT425W1,10
PRIOT430W2,10
PRIOT455W1,10
PRIOU392,10
PRIOU450,10
PRIOU452,10
PSSAG520,10
PSSAH480,10
PSSAH580,10
PSSAI550,10
PSVM11F,10
QUALH185,10
QUALT16,10
QUALT190,10
QUALX200,10
RADLG144,10
RADLV138,10
RAIL3T,10
RAILG195,10
RAILG197,10
RAILH194,10
RAILH215,10
RAILH230,10
RAILI180,10
RAILS17,10
RAILT155,10
RAILT164,10
RAILU185,10
RAIZG190,10
RAIZS195,10
RAIZS230,10
RANIH790,10
RANIL11,10
RAPTB899,10
RAPTT795,10
RAPTT835,10
RDORG360,10
RDORH345,10
RDORI348,10
RDORI368,10
RDORS350,10
RDORT331,10
RDORW300,10
RECVU137,10
RENTG361,10
RENTG368,10
RENTG401,10
RENTG413,10
RENTG421,10
RENTH343,10
RENTI359,10
RENTI364,10
RENTI369,10
RENTI394,10
RENTI428,10
RENTI443,10
RENTI471,10
RENTS361,10
RENTS363,10
RENTS423,10
RENTS433,10
RENTS438,10
RENTT303,10
RENTU356,10
RENTU366,10
RENTU374,10
ROMIT899,10
RSID1F,10
S1YK34,10
SANBG279,10
SANBG318,10
SANBS268,10
SANBS278,10
SANBT250,10
SANBT306,10
SANBU241,10
SANBU256,10
SAPRS38,10
SAPRT338,10
SBFGH120,10
SBFGH127,10
SBSPG121,10
SBSPG130,10
SBSPH136,10
SBSPS107,10
SBSPS118,10
SBSPT126,10
SBSPU110,10
SHPP11,10
SIMHG500,10
SIMHS485,10
SIMHS51,10
SIMHU423,10
SLCES190,10
SLCEU180,10
SMALG103,10
SMALH995,10
SMALI103,10
SMALI990,10
SMALL115,10
SMALS100W4,10
SMALS101W4,10
SMALU103,10
SMALU970,10
SMFTH234,10
SMTO3T,10
SMTOH202,10
SMTOS185,10
SMTOS195,10
SMTOS200,10
SMTOU180,10
SUZBC382,10
SUZBG502,10
SUZBG530W4,10
SUZBG562,10
SUZBG567,10
SUZBH480,10
SUZBI512,10
SUZBI537,10
SUZBI582,10
SUZBI590,10
SUZBS482,10
SUZBS510W4,10
SUZBT510W1,10
SUZBT590,10
SUZBU542,10
T1SC34,10
TAEES340,10
TAEEW330,10
TASAL170,10
TIMSG224,10
TIMSG229,10
TIMST218,10
TTENJ12,10
TTENT140,10
TUPYH175,10
TUPYH180,10
TUPYH185,10
TUPYH195,10
TUPYH200,10
TUPYS180,10
TUPYU165,10
U2PW34,10
UGPAG170,10
UGPAG185,10
UGPAH171,10
UGPAH191,10
UGPAU170,10
UNIPH602,10
USIMC500,10
USIMG405,10
USIMG425,10
USIMG455,10
USIMG480,10
USIMG480W4,10
USIMH410W1,10
USIMH420W2,10
USIMH440W1,10
USIMH580,10
USIMI412,10
USIMI422,10
USIMI477,10
USIMJ522,10
USIML800,10
USIMS475,10
USIMS485,10
USIMS495,10
USIMS570,10
USIMS600,10
USIMT365,10
USIMU377,10
USIMU432,10
USIMU447,10
USIMW500,10
VALEB598,10
VALEF143,10
VALEG474,10
VALEG610W4,10
VALEH510W1,10
VALEH570W4,10
VALEH580W5,10
VALEH590W5,10
VALEH610W2,10
VALEI663,10
VALEI698,10
VALEJ614,10
VALEK678,10
VALEL800,10
VALES459,10
VALES65,10
VALES659,10
VALET449,10
VALET485W1,10
VALET520W2,10
VALET570W2,10
VALEU458,10
VALEU473,10
VALEU476,10
VALEU628,10
VALEV500,10
VALEV524,10
VALEV610,10
VALEV80,10
VAMOH540,10
VAMOL500,10
VAMOS380,10
VAMOS390,10
VAMOT330,10
VBBRG200,10
VBBRG217,10
VBBRH213,10
VBBRI225,10
VBBRI25,10
VBBRS222,10
VIVAH262,10
VIVTI332,10
VLIDS241,10
VLOE34,10
W1MG34,10
WEGEG400W4,10
WEGEG403,10
WEGEG405W4,10
WEGEG435W4,10
WEGEG476,10
WEGEH373,10
WEGEH395W1,10
WEGEH400W1,10
WEGEH506,10
WEGEI391,10
WEGEI418,10
WEGEI436,10
WEGEI451,10
WEGEI461,10
WEGEJ590,10
WEGEK450,10
WEGEL457,10
WEGES478,10
WEGES484,10
WEGET353,10
WEGET410W1,10
WEGET420W1,10
WEGET498,10
WEGEU351,10
WEGEU438,10
WEGEU451,10
WIZCS775,10
WIZCT713,10
YDUQG155,10
YDUQG156,10
YDUQH184,10
YDUQI160,10
YDUQS150,10
YDUQS161,10
YDUQT156,10
YDUQU140,10
ABCBG225,9
ABCBG227,9
ABEVG135W2,9
ABEVG140W4,9
ABEVG149,9
ABEVH135W2,9
ABEVH161,9
ABEVI129,9
ABEVS130W2,9
ABEVS135W2,9
ABEVT125W1,9
ABEVT140W1,9
ABEVV123,9
ALOSG219,9
ALOSH247,9
ALOSH253,9
ALOSI212,9
ALOST21,9
ALOST22,9
ALOSU206,9
ALUPI310,9
ALUPI320,9
ANIMH400,9
ANIMH405,9
ANIMH425,9
ASAIG107,9
ASAIG115,9
ASAIH107,9
ASAIH960,9
ASAII120,9
ASAIS989,9
ASAIT112,9
AUREL173,9
AURET994,9
AZEV4T,9
AZULA500,9
AZULH145,9
AZULH650,9
AZULS170,9
AZULS210,9
AZULS700,9
AZULU140,9
AZULX60,9
AZZAG400,9
AZZAG41,9
AZZAG425,9
AZZAG45,9
AZZAH370,9
AZZAH375,9
AZZAH382,9
AZZAH497,9
AZZAI445,9
AZZAI482,9
AZZAU390,9
B3SAG109,9
B3SAG140W2,9
B3SAG145W2,9
B3SAG150W4,9
B3SAH130W1,9
B3SAH135W2,9
B3SAH145W1,9
B3SAH172,9
B3SAI161,9
B3SAL151,9
B3SAS119,9
B3SAS140W2,9
B3SAS145W2,9
B3SAS156,9
B3SAS159,9
B3SAT125W2,9
B3SAT145W1,9
B3SAV163,9
B3SAV803,9
BBASA286,9
BBASC188,9
BBASC198,9
BBASG184,9
BBASG196,9
BBASG200W4,9
BBASG215W2,9
BBASG220W2,9
BBASG225W2,9
BBASG230W2,9
BBASG271,9
BBASG280,9
BBASH190W1,9
BBASH195W2,9
BBASH215W5,9
BBASH230W4,9
BBASH256,9
BBASI184,9
BBASI190,9
BBASI282,9
BBASI285,9
BBASJ200,9
BBASJ203,9
BBASJ221,9
BBASJ241,9
BBASJ254,9
BBASJ660,9
BBASK221,9
BBASK375,9
BBASL24,9
BBASL263,9
BBASO183,9
BBASO197,9
BBASO630,9
BBASS144,9
BBASS200W4,9
BBASS210W2,9
BBASS215W2,9
BBASS220W2,9
BBASS225W2,9
BBASS230W2,9
BBASS235W2,9
BBASS240W2,9
BBASS243W4,9
BBASS245W2,9
BBASS260W2,9
BBAST165W2,9
BBAST213W4,9
BBAST240W1,9
BBASU277,9
BBASU280,9
BBASV215,9
BBASV251,9
BBDCG105,9
BBDCG121,9
BBDCG134,9
BBDCG135,9
BBDCG137W4,9
BBDCG150W4,9
BBDCG165W2,9
BBDCG167W2,9
BBDCG172W2,9
BBDCG175W2,9
BBDCG2,9
BBDCH165W2,9
BBDCH175W2,9
BBDCJ157,9
BBDCK171,9
BBDCL18,9
BBDCN178,9
BBDCS137,9
BBDCS152W4,9
BBDCS162W2,9
BBDCS165W2,9
BBDCS167W2,9
BBDCS172W2,9
BBDCS185,9
BBDCS195,9
BBDCT125,9
BBDCT190,9
BBDCU120,9
BBDCU121,9
BBDCU127,9
BBDCU135,9
BBDCU179,9
BBDCV138,9
BBDCX149,9
BBDCX2,9
BBSEG337,9
BBSEG344,9
BBSEG347,9
BBSEH329,9
BBSEI295,9
BBSEJ380,9
BBSES404,9
BBSET314,9
BBSEU308,9
BBSEU313,9
BEEFF525,9
BEEFG466,9
BEEFG476,9
BEEFG581,9
BEEFG620,9
BEEFH701,9
BEEFI501,9
BEEFI551,9
BEEFI591,9
BEEFJ521,9
BEEFS620,9
BEEFT466,9
BEEFU481,9
BHIAI580,9
BHIAJ1,9
BHIAS245,9
BHIAS460,9
BHIAT300W1,9
BHIAT600,9
BIGF39,9
BIYG39,9
BMGBB399,9
BMGBS362,9
BOVAB140,9
BOVAE125,9
BOVAG115W2,9
BOVAG118W2,9
BOVAG120W2,9
BOVAG121W2,9
BOVAG122W2,9
BOVAG123W2,9
BOVAG124W2,9
BOVAG125W2,9
BOVAG126W2,9
BOVAG127W2,9
BOVAG128W2,9
BOVAG129W2,9
BOVAG130W2,9
BOVAG131W2,9
BOVAG132W2,9
BOVAG133W2,9
BOVAG134W2,9
BOVAG135W2,9
BOVAG136W2,9
BOVAG137W2,9
BOVAG138W2,9
BOVAG139W2,9
BOVAG16,9
BOVAG7,9
BOVAH114W1,9
BOVAH120W2,9
BOVAH128W2,9
BOVAH131W2,9
BOVAH133W2,9
BOVAH135W1,9
BOVAH135W2,9
BOVAH137W1,9
BOVAH139W1,9
BOVAH150W4,9
BOVAH950,9
BOVAI109,9
BOVAI156,9
BOVAI159,9
BOVAI181,9
BOVAI800,9
BOVAJ137,9
BOVAJ20,9
BOVAJ24,9
BOVAJ31,9
BOVAL139,9
BOVAL30,9
BOVAL7,9
BOVAM125,9
BOVAS110,9
BOVAS128W2,9
BOVAS129W2,9
BOVAS130W2,9
BOVAS131W2,9
BOVAS132W2,9
BOVAS133W2,9
BOVAS134W2,9
BOVAS135W2,9
BOVAS136W2,9
BOVAS137W2,9
BOVAS138W2,9
BOVAS139W2,9
BOVAS140W2,9
BOVAS141W4,9
BOVAS142W2,9
BOVAS144W4,9
BOVAS148W2,9
BOVAS150W4,9
BOVAS160,9
BOVAT120W2,9
BOVAT122W2,9
BOVAT126W4,9
BOVAT131W2,9
BOVAT133W2,9
BOVAT135W1,9
BOVAT135W2,9
BOVAT136W2,9
BOVAT137W1,9
BOVAT970,9
BOVAT985,9
BOVAU955,9
BOVAU985,9
BOVAV114,9
BOVAV600,9
BPACG353,9
BPACG376,9
BPACG391,9
BPACG398,9
BPACG415W4,9
BPACH351,9
BPACH366,9
BPACH400W1,9
BPACH410W1,9
BPACH461,9
BPACH466,9
BPACI375,9
BPACI382,9
BPACI385,9
BPACI397,9
BPACI412,9
BPACI432,9
BPACI440,9
BPACI457,9
BPACS386,9
BPACS410W2,9
BPACS410W4,9
BPACS431,9
BPACT354,9
BPACT356,9
BPACT439,9
BPACU350,9
BPACU367,9
BPACU397,9
BPANS859,9
BPANT740,9
BPANT780,9
BRAPL18,9
BRAPS190,9
BRAPT147,9
BRAPT180,9
BRAPV155,9
BRAVD45,9
BRAVG180W2,9
BRAVG185W2,9
BRAVH156,9
BRAVH190W1,9
BRAVH195W2,9
BRAVI187,9
BRAVI205,9
BRAVI245,9
BRAVI247,9
BRAVM150,9
BRAVM170,9
BRAVS150,9
BRAVS175W2,9
BRAVS180W4,9
BRAVS185W4,9
BRAVS205,9
BRAVS217,9
BRAVU207,9
BRAVU217,9
BRFSG199,9
BRFSG226,9
BRFSH195,9
BRFSH202,9
BRFSH267,9
BRFSS206,9
BRFST172,9
BRFSU180,9
BRFSU195,9
BRFSU200,9
BRKMB14,9
BRKMG112,9
BRKMH150,9
BRKMI140,9
BRKMI880,9
BRKMT127,9
BRKMT640,9
BRKMU680,9
BRSRH112,9
BRSRI108,9
BRSRS109,9
BRSRT115,9
C1HT34,9
CALI3F,9
CAMLG564,9
CAMLT500,9
CASHG820,9
CASHH112,9
CASHH570,9
CASHI640,9
CASHI700,9
CASHI740,9
CASHU640,9
CASHU740,9
CBAV3T,9
CBAVG450,9
CEABG182,9
CEABG209,9
CEABH183,9
CMIGH110,9
CMIGJ115,9
CMIGJ125,9
CMIGS124,9
CMIGT980,9
CMIGU121,9
CMINI497,9
CMINI617,9
CMINN500,9
CMINS490,9
CMINS500,9
CMINU500,9
CMINU540,9
COGNB300,9
COGNG220,9
COGNG260,9
COGNG260W4,9
COGNG270W4,9
COGNG290W2,9
COGNG308,9
COGNH195,9
COGNH228,9
COGNH260W1,9
COGNI233,9
COGNI278,9
COGNI298,9
COGNS410,9
COGNT328,9
COGNT343,9
COGNU248,9
COGNU300,9
COTY34,9
CPFEH440,9
CPFET400,9
CPFEU357,9
CPLE6T,9
CPLEG119,9
CPLEG135,9
CPLEU111,9
CSANC80,9
CSANG640W4,9
CSANG780,9
CSANH565,9
CSANH575,9
CSANH600W1,9
CSANI16,9
CSANI595,9
CSANI685,9
CSANS610,9
CSANS620,9
CSANS680W2,9
CSANS760,9
CSANS820,9
CSANS840,9
CSANS880,9
CSANT515,9
CSANT545,9
CSANT620W1,9
CSANU495,9
CSANU565,9
CSANV550,9
CSANW740,9
CSMGG24,9
CSMGG248,9
CSMGG278,9
CSMGG281,9
CSMGT252,9
CSNAG730,9
CSNAG800W2,9
CSNAG820W4,9
CSNAG880W4,9
CSNAG910,9
CSNAH179,9
CSNAH880W1,9
CSNAI919,9
CSNAJ104,9
CSNAS690,9
CSNAS800W4,9
CSNAS820W4,9
CSNAS970,9
CSNAT108,9
CSNAT160,9
CSNAT780W1,9
CSNAT999,9
CSNAU739,9
CSNAU959,9
CSNAU999,9
CSNAV809,9
CSNAW91,9
CURYH308,9
CVCBI280,9
CVCBT199,9
CVCBU230,9
CVCBU240,9
CXSEG151,9
CXSEH140,9
CXSEI139,9
CXSEU132,9
CXSEU135,9
CYREB270,9
CYREG255,9
CYREI244,9
CYREI279,9
CYREI284,9
CYREI289,9
CYRES235,9
CYRES240,9
CYRET230,9
CYREU269,9
D2PZ34,9
DEAI34,9
DIRRG417,9
DIRRG445,9
DIRRH405,9
DIRRH440,9
DIRRI440,9
DIRRT420,9
E1IX34,9
E1XC34,9
ECORG700,9
ECORG730,9
ECORH660,9
ECORH780,9
ECORH800,9
ECORI720,9
ECORI740,9
ECORS680,9
ECORS700,9
ECORT620,9
ECORT640,9
ECORT780,9
EGIEG395,9
EGIEG405,9
EGIEG420,9
EGIEG466,9
EGIEI411,9
EGIEI421,9
EGIEI430,9
EGIEP440,9
EGIES410,9
EGIEU411,9
ELETG398,9
ELETG433,9
ELETG464,9
ELETH385,9
ELETH448,9
ELETH49,9
ELETH540,9
ELETI408,9
ELETI412,9
ELETI416,9
ELETI437,9
ELETI443,9
ELETI45,9
ELETI453,9
ELETI500,9
ELETS388,9
ELETS414,9
ELETS429,9
ELETS441,9
ELETS449,9
ELETT383,9
ELETT427,9
ELETT428,9
ELETU350,9
ELETU367,9
ELETU377,9
ELETU380,9
ELETU390,9
EMBRG770W2,9
EMBRG780W4,9
EMBRG790W4,9
EMBRG810W4,9
EMBRH690W1,9
EMBRH730W1,9
EMBRH780W1,9
EMBRI679,9
EMBRI684,9
EMBRI694,9
EMBRI734,9
EMBRI789,9
EMBRI849,9
EMBRQ65,9
EMBRS610W4,9
EMBRS630W4,9
EMBRS644,9
EMBRS690W4,9
EMBRS750W2,9
EMBRS760W2,9
EMBRS770W2,9
EMBRS800W2,9
EMBRS849,9
EMBRT469,9
EMBRT474,9
EMBRT519,9
EMBRT554,9
EMBRT829,9
EMBRT839,9
EMBRU604,9
EMBRU614,9
EMBRV510,9
ENEV3T,9
ENEVG135,9
ENEVG142,9
ENEVI135,9
ENEVS132,9
ENEVS135,9
ENEVU130,9
ENGIH461,9
ENGIH521,9
ENGIT436,9
EQTLG357,9
EQTLG370,9
EQTLG375,9
EQTLH35,9
EQTLH393,9
EQTLT315,9
EQTLT365,9
EQTLU335,9
EQTLU350,9
ESPA3T,9
EZTCG133,9
EZTCH135,9
EZTCT143,9
EZTCU143,9
F1SL34,9
FLRYI143,9
FLRYI158,9
FLRYT120,9
FLRYT135,9
FLRYT145,9
FLRYT147,9
G1LW34,9
GGBRG183,9
GGBRH145,9
GGBRH147,9
GGBRH165W1,9
GGBRH208,9
GGBRI163,9
GGBRS170W4,9
GGBRT129,9
GGBRT170W1,9
GGBRT175W1,9
GGBRT193,9
GGBRU176,9
GGBRU201,9
GGBRX153,9
GOAUG1,9
GOAUG870,9
GOAUH105,9
GOAUH112,9
GOAUL100,9
GOAUV887,9
GRNDU510,9
HAPVG35,9
HAPVH30,9
HAPVI33,9
HAPVS295,9
HAPVS32,9
HAPVS34,9
HAPVS340,9
HAPVS354,9
HAPVT244,9
HAPVT312,9
HAPVX200,9
HBORT230,9
HYPEG26,9
HYPEG262,9
HYPEH242,9
HYPEH322,9
HYPEI257,9
HYPEI317,9
HYPES255,9
HYPET25,9
IBOVG135W5,9
IBOVG136,9
IBOVH1,9
IBOVH137W1,9
IBOVJ131,9
IBOVJ134,9
IBOVJ137,9
IBOVS135W4,9
IBOVS139,9
IBOVS140,9
IBOVU128,9
IBOVU137,9
IBOVV130,9
IGTIG223,9
IGTIG228,9
IGTII222,9
IGTIS230,9
IGTIS233,9
IGTIT20,9
IGTIT220,9
IGTIT233,9
INTB3T,9
INTBH149,9
IRBRG447,9
IRBRG457,9
IRBRG520,9
IRBRH60,9
IRBRI462,9
IRBRI505,9
IRBRL700,9
IRBRR350,9
IRBRS475,9
IRBRS485,9
IRBRT360,9
IRBRT480,9
IRBRU415,9
IRBRU417,9
ISAEG240,9
ISAEG245,9
ISAEH221,9
ITSAG100W4,9
ITSAG130,9
ITSAG811,9
ITSAH100W1,9
ITSAH105W2,9
ITSAH857,9
ITSAI862,9
ITSAI950,9
ITSAL113,9
ITSAL129,9
ITSAS100W4,9
ITSAS110W2,9
ITSAS120,9
ITSAS128,9
ITSAT100W2,9
ITSAT973,9
ITSAU910,9
ITSAU942,9
ITSAU950,9
ITSAX110,9
ITUBF367,9
ITUBG330W4,9
ITUBG339,9
ITUBG375W2,9
ITUBG380W2,9
ITUBG390W4,9
ITUBG400,9
ITUBG402,9
ITUBG405,9
ITUBG410,9
ITUBH329,9
ITUBI369,9
ITUBI371,9
ITUBI374,9
ITUBI376,9
ITUBI379,9
ITUBL410,9
ITUBS359W2,9
ITUBS360W2,9
ITUBS365W2,9
ITUBS369W2,9
ITUBS370W2,9
ITUBS375W2,9
ITUBS400,9
ITUBS422,9
ITUBT335W1,9
ITUBT375W1,9
ITUBU344,9
ITUBU346,9
ITUBU416,9
ITUBV399,9
JBSSG832,9
JBSSG835,9
JBSSH905,9
JBSSH982,9
JBSSS907,9
JBSST947,9
JHSFG504,9
JHSFG550,9
JHSFI530,9
JHSFS530,9
JHSFT703,9
JHSFU495,9
JHSFU500,9
KEPLG850,9
KEPLH120,9
KEPLH830,9
KEPLH870,9
KEPLT750,9
KLBNF220,9
KLBNI193,9
KLBNT163,9
KLBNV179,9
LEVET285,9
LJQQH290,9
LRENG163,9
LRENG180,9
LRENG185W2,9
LRENG190W2,9
LRENG195W2,9
LRENG200W2,9
LRENG210,9
LRENH149,9
LRENH175W1,9
LRENH185W1,9
LRENI146,9
LRENI166,9
LRENI207,9
LRENI212,9
LRENS185W2,9
LRENS190W2,9
LRENT134,9
LRENT188,9
LRENU146,9
LRENU166,9
LRENU188,9
LWSAG375,9
LWSAI490,9
M1AA34,9
M1CH34,9
M1TB34,9
MDIAH245,9
MDIAT245,9
MGLUA90,9
MGLUG680,9
MGLUG690,9
MGLUG900W2,9
MGLUG920W4,9
MGLUG940W2,9
MGLUG940W4,9
MGLUG960W2,9
MGLUH639,9
MGLUH659,9
MGLUH780W1,9
MGLUH800W2,9
MGLUH840W1,9
MGLUI1,9
MGLUI699,9
MGLUJ789,9
MGLUL140,9
MGLUL30,9
MGLUN1,9
MGLUS116,9
MGLUS124,9
MGLUS144,9
MGLUS179,9
MGLUS184,9
MGLUS220,9
MGLUS760W4,9
MGLUS880W2,9
MGLUS900W2,9
MGLUS920W2,9
MGLUS940W2,9
MGLUS940W4,9
MGLUU100,9
MGLUU110,9
MGLUU669,9
MGLUU889,9
MILSH120,9
MOTVS135,9
MOTVS140,9
MOTVU128,9
MOVIG740,9
MOVIT540,9
MOVIT700,9
MRFGG215,9
MRFGG217,9
MRFGG265,9
MRFGI220,9
MRFGI255,9
MRFGI260,9
MRFGS195,9
MRFGT172,9
MRFGT257,9
MRFGT267,9
MRFGU240,9
MRVEH550,9
MRVEH670,9
MRVES520,9
MRVET610,9
MTRE3T,9
MULTG263,9
MULTH243,9
MULTI268,9
MULTI273,9
MULTS260,9
MULTT263,9
MULTU243,9
MWET4,9
N1XP34,9
NATUG112,9
NATUG990,9
NATUH125,9
NATUH990,9
NATUI102,9
NATUI115,9
NATUS115,9
NATUS980,9
NATUS990,9
NATUT102,9
NATUU102,9
NATUU960,9
NEOEH219,9
NEOEH246,9
P2IN34,9
PATI3,9
PCARG370,9
PCARG400,9
PCARH280,9
PCARH490,9
PCARI380,9
PCARI400,9
PCART265,9
PCART380,9
PCARU310,9
PCARU320,9
PCARU360,9
PCARV298,9
PETRA3,9
PETRA474,9
PETRG190,9
PETRG285W4,9
PETRG290W4,9
PETRG305W2,9
PETRG310W2,9
PETRG315W2,9
PETRG318,9
PETRG320W2,9
PETRG325W2,9
PETRG330,9
PETRG330W2,9
PETRG335W2,9
PETRG340,9
PETRG340W2,9
PETRG341,9
PETRG345W2,9
PETRG350W4,9
PETRG418,9
PETRG438,9
PETRH280,9
PETRH300W2,9
PETRH305W2,9
PETRH327W4,9
PETRH330W5,9
PETRH332W4,9
PETRH355W1,9
PETRI1,9
PETRI27,9
PETRI274,9
PETRI278,9
PETRI349,9
PETRJ248,9
PETRJ437,9
PETRJ512,9
PETRL32,9
PETRL43,9
PETRM313,9
PETRM338,9
PETRS276,9
PETRS284,9
PETRS315W2,9
PETRS320W2,9
PETRS325W2,9
PETRS330W2,9
PETRS335W2,9
PETRS340W2,9
PETRS345W2,9
PETRS346,9
PETRS350W2,9
PETRS355W2,9
PETRS36,9
PETRS360W2,9
PETRS370W2,9
PETRS370W4,9
PETRS375,9
PETRS375W2,9
PETRS432,9
PETRS434,9
PETRT230,9
PETRT295W2,9
PETRT355W1,9
PETRT360W1,9
PETRT375W1,9
PETRT420,9
PETRT438,9
PETRU349,9
PETRU390,9
PETRU408,9
PETRV361,9
PETRW297,9
PETRW338,9
PETRX300,9
PETRX415,9
PETZG451,9
PETZG500,9
PETZH216,9
PETZH70,9
PETZI398,9
PETZN50,9
PETZS461,9
PETZS581,9
PETZT466,9
PLAS3,9
POMOB80,9
POMOG800,9
POMOI830,9
POMOI870,9
POMOS810,9
POSIG50,9
POSIH488,9
PRIOG382,9
PRIOG420W2,9
PRIOG425W2,9
PRIOG435W2,9
PRIOG450W4,9
PRIOG470,9
PRIOH415W1,9
PRIOH425W2,9
PRIOH435W2,9
PRIOH440W2,9
PRIOH445W2,9
PRIOH450W1,9
PRIOH505,9
PRIOI405,9
PRIOI407,9
PRIOI412,9
PRIOI415,9
PRIOI417,9
PRIOI457,9
PRIOI490,9
PRIOL45,9
PRIOS362,9
PRIOS365,9
PRIOS367,9
PRIOS372,9
PRIOS405W2,9
PRIOS410W2,9
PRIOS415W2,9
PRIOS420W2,9
PRIOT340,9
PRIOT385W1,9
PRIOT390W1,9
PRIOT395W1,9
PRIOT405W2,9
PRIOT420W2,9
PRIOT470,9
PRIOU432,9
PRIOU437,9
PRIOU445,9
PRIOU447,9
PRIOU455,9
PRIOU465,9
PRIOV425,9
PRIOX411,9
PRIOX426,9
PSSAI540,9
PSSAS550,9
PSSAU530,9
Q1RV34,9
QUALI200,9
RADLG169,9
RADLS174,9
RADLU118,9
RADLX180,9
RAILG200,9
RAILG210,9
RAILH169,9
RAILH184,9
RAILI185,9
RAILI200,9
RAILI205,9
RAILI220,9
RAILS172,9
RAILS175,9
RAILS192,9
RAIZB350,9
RAIZG200,9
RAIZJ146,9
RAIZN200,9
RAIZS210,9
RAIZT260,9
RAIZU180,9
RAIZU299,9
RAIZV136,9
RAPT1F,9
RAPT2,9
RAPT2F,9
RAPTH755,9
RAPTH815,9
RAPTL149,9
RAPTT815,9
RDORH320,9
RDORH370,9
RDORI403,9
RDORI413,9
RDORS346,9
RDORT316,9
RECVI137,9
RECVI142,9
RENTG370W4,9
RENTG376,9
RENTG415,9
RENTG42,9
RENTH346,9
RENTH478,9
RENTH486,9
RENTI361,9
RENTI371,9
RENTI381,9
RENTI386,9
RENTI391,9
RENTI420,9
RENTI430,9
RENTS358,9
RENTS365W4,9
RENTS436,9
RENTT313,9
RENTT413,9
RENTU329,9
RENTU384,9
RENTU408,9
ROMIH925,9
ROMII945,9
S2CH34,9
SANBG269,9
SANBI266,9
SANBI271,9
SANBI291,9
SANBI306,9
SANBI311,9
SANBT236,9
SAPRG330,9
SAPRG335,9
SAPRG340,9
SAPRG380,9
SAPRH353,9
SAPRI402,9
SAPRS385,9
SBFGH130,9
SBSPG111,9
SBSPG116,9
SBSPG128,9
SBSPH107,9
SBSPI120,9
SBSPI121,9
SBSPS108,9
SBSPS124,9
SBSPT121,9
SBSPU100,9
SBSPU107,9
SILK11,9
SIMHH453,9
SIMHH488,9
SIMHH513,9
SIMHT433,9
SIMHT468,9
SIMHT488,9
SLCEG190,9
SLCEG195,9
SLCEH179,9
SLCEU179,9
SMALG108W2,9
SMALG115,9
SMALG116,9
SMALH110W1,9
SMALH124,9
SMALI107,9
SMALI920,9
SMALS106W2,9
SMALS108W2,9
SMALS111,9
SMALS970,9
SMALT102W2,9
SMALT111,9
SMALT112,9
SMALU110,9
SMALU950,9
SMALU960,9
SMALU990,9
SMTOG190,9
SMTOI180,9
SMTOI185,9
SMTOS165,9
SMTOU175,9
SOJAH115,9
STMN34,9
STYI11,9
SUZBG495W4,9
SUZBH485,9
SUZBH585,9
SUZBI577,9
SUZBR500,9
SUZBS477,9
SUZBS485,9
SUZBS520W2,9
SUZBS602,9
SUZBT452,9
SUZBT500W1,9
SUZBT570,9
SUZBT575,9
SUZBU487,9
SUZBU492,9
SUZBU495,9
SUZBU522,9
SUZBU537,9
T1EC34,9
TAEEH327,9
TAEEI331,9
TAEEI376,9
TAEET357,9
TAEEU321,9
TASA4T,9
TIMSH194,9
TIMSS200,9
TIMST224,9
TJXC34,9
TOTSH420,9
TOTSH426,9
TOTSS423,9
TOTST413,9
TOTST416,9
TOTSU408,9
UGPAH186,9
UGPAH196,9
UGPAI170,9
UGPAS165,9
UGPAS175,9
UGPAT184,9
UGPAU165,9
UPAC34,9
USIMB675,9
USIME90,9
USIMF819,9
USIMG440W2,9
USIMG475,9
USIMG510,9
USIMI402,9
USIMI472,9
USIMI482,9
USIMI487,9
USIMI512,9
USIMI522,9
USIMS660,9
USIMT355,9
USIMT400W1,9
USIMT485,9
USIMT660,9
USIMU372,9
USIMU492,9
USIMX559,9
VALEF897,9
VALEG497,9
VALEG497W2,9
VALEG515W2,9
VALEG525W2,9
VALEG535W2,9
VALEG545W2,9
VALEG555W2,9
VALEG565W2,9
VALEG624,9
VALEH560W4,9
VALEH610W1,9
VALEH800,9
VALEI466,9
VALEJ49,9
VALEJ544,9
VALEJ610,9
VALEJ812,9
VALEK576,9
VALEK606,9
VALEK70,9
VALEL620,9
VALEL649,9
VALEL659,9
VALEM577,9
VALEN615,9
VALER540,9
VALER60,9
VALES456,9
VALES500W4,9
VALES525W2,9
VALES535W2,9
VALES545W2,9
VALES555W2,9
VALES565W2,9
VALES600W4,9
VALES694,9
VALES699,9
VALES710,9
VALET431,9
VALET560W2,9
VALET600W1,9
VALET620W1,9
VALET685,9
VALET725,9
VALEU451,9
VALEU471,9
VALEU618,9
VALEU635,9
VALEV49,9
VALEX644,9
VAMOH470,9
VAMOT500,9
VBBRH203,9
VBBRI20,9
VBBRI245,9
VBBRU183,9
VBBRU190,9
VBBRU210,9
VBBRU213,9
VIVAH256,9
VIVAH257,9
VIVAT241,9
VIVTG304,9
VIVTI312,9
VIVTI325,9
VIVTI342,9
VULCH211,9
W1DC34,9
WEGEF448,9
WEGEG395W4,9
WEGEG398,9
WEGEG410W4,9
WEGEG430W4,9
WEGEG445W4,9
WEGEG455W4,9
WEGEG456,9
WEGEG475W4,9
WEGEH358,9
WEGEH360,9
WEGEH370,9
WEGEH394,9
WEGEH420W1,9
WEGEH496,9
WEGEI373,9
WEGEI428,9
WEGEI433,9
WEGEI438,9
WEGEI446,9
WEGEI479,9
WEGEI484,9
WEGEL483,9
WEGEP46,9
WEGES385,9
WEGES395W2,9
WEGES410W2,9
WEGES420W2,9
WEGES425W2,9
WEGES425W4,9
WEGES430W2,9
WEGES435W4,9
WEGES456,9
WEGET340,9
WEGET343,9
WEGET385W2,9
WEGET463,9
WEGET466,9
WEGEU356,9
WEGEU363,9
WEGEU366,9
WEGEU373,9
WEGEU378,9
WEGEV382,9
WIZCG835,9
YDUQG160,9
YDUQG161,9
YDUQG170,9
YDUQG171,9
YDUQG175,9
YDUQG180,9
YDUQI135,9
YDUQI140,9
YDUQI145,9
YDUQS141,9
YDUQS145,9
YDUQS175,9
YDUQS180,9
A2RR34,8
AALR3T,8
AATH11,8
ABCBG220,8
ABCBS222,8
ABCBT212,8
ABEVG113,8
ABEVG130W4,8
ABEVH108,8
ABEVH158,8
ABEVI124,8
ABEVI161,8
ABEVL16,8
ABEVS140W4,8
ABEVS149,8
ABEVS154,8
ABEVS156,8
ABEVT130W2,8
ABEVX131,8
AHEB5F,8
ALOS3T,8
ALOSG218,8
ALOSG234,8
ALOSI228,8
ALOSI246,8
ALOSI252,8
ALOSS229,8
ALUPG320,8
ALUPH300,8
ALUPT305,8
ANIMG425,8
ANIMG435,8
ASAIH990,8
ASAII103,8
AUREH964,8
AURES994,8
AURET904,8
AZULB1,8
AZULF500,8
AZULH450,8
AZULH55,8
AZULS160,8
AZULT170,8
AZULT180,8
AZULU100,8
AZULU600,8
AZZAG375,8
AZZAG385,8
AZZAG39,8
AZZAG390,8
AZZAG40,8
AZZAG404,8
AZZAG46,8
AZZAH335,8
AZZAH345,8
AZZAH352,8
AZZAH402,8
AZZAH407,8
AZZAI412,8
AZZAS40,8
AZZAT285,8
AZZAT347,8
AZZAT352,8
AZZAT360,8
AZZAT405,8
B1FC34,8
B1MR34,8
B3SAG150W2,8
B3SAG159,8
B3SAH102,8
B3SAI114,8
B3SAJ134,8
B3SAL150,8
B3SAN130,8
B3SAS135W2,8
B3SAS150W2,8
B3SAT112,8
B3SAU109,8
B3SAU154,8
B3SAV124,8
B3SAX132,8
BBASA181,8
BBASA232,8
BBASB738,8
BBASG164,8
BBASG171,8
BBASG235W2,8
BBASG240W2,8
BBASH165W1,8
BBASH166,8
BBASH171,8
BBASH176,8
BBASH205W4,8
BBASH230W2,8
BBASH296,8
BBASI159,8
BBASJ225,8
BBASJ246,8
BBASJ259,8
BBASJ266,8
BBASJ269,8
BBASK234,8
BBASK29,8
BBASK710,8
BBASL193,8
BBASL255,8
BBASL258,8
BBASL265,8
BBASP186,8
BBASQ13,8
BBASS179,8
BBASS20,8
BBASS205W2,8
BBASS250W2,8
BBASS253W4,8
BBASS255W2,8
BBASS299,8
BBASS311,8
BBAST245W1,8
BBAST250W1,8
BBAST260,8
BBASU155,8
BBASU272,8
BBASU360,8
BBASV170,8
BBASV193,8
BBASV208,8
BBASW232,8
BBDCA120,8
BBDCG107,8
BBDCG109,8
BBDCG12,8
BBDCG162W2,8
BBDCG170W2,8
BBDCG185,8
BBDCH110,8
BBDCH124,8
BBDCH160W4,8
BBDCH160W5,8
BBDCH165W5,8
BBDCH166,8
BBDCH168,8
BBDCI160,8
BBDCI196,8
BBDCJ182,8
BBDCN168,8
BBDCP3,8
BBDCS13,8
BBDCS170W2,8
BBDCS187,8
BBDCT12,8
BBDCT139W1,8
BBDCT150W2,8
BBDCT153,8
BBDCT161,8
BBDCU122,8
BBDCU137,8
BBDCU15,8
BBDCU157,8
BBDCV149,8
BBDCV17,8
BBDCW157,8
BBSEG332,8
BBSEH409,8
BBSEI400,8
BBSEJ367,8
BBSEJ372,8
BBSEL367,8
BBSEM347,8
BBSEP38,8
BBSES402,8
BBSES407,8
BBSET304,8
BBSEW380,8
BCIR39,8
BEEFH520W1,8
BEEFS520W4,8
BEEFS540W4,8
BEEFS571,8
BEEFS610,8
BEEFS631,8
BEEFT701,8
BEEFT770,8
BEEFU461,8
BEEFU471,8
BEEFU476,8
BEWA39,8
BHIAH60,8
BHIAS50,8
BHIAS720,8
BHIAS820,8
BHIAT800,8
BIHI39,8
BMGBG382,8
BMGBH402,8
BMGBI365,8
BMGBT372,8
BMGBT382,8
BMGBU365,8
BMOBG203,8
BMOBH218,8
BOVAA132,8
BOVAA163,8
BOVAC160,8
BOVAF146,8
BOVAF300,8
BOVAG140W2,8
BOVAG141W2,8
BOVAG142W2,8
BOVAG146W2,8
BOVAG15,8
BOVAG150W4,8
BOVAG155,8
BOVAG500,8
BOVAH146W1,8
BOVAH850,8
BOVAI106,8
BOVAI113,8
BOVAI135W1,8
BOVAI139W1,8
BOVAI140W1,8
BOVAI760,8
BOVAI900,8
BOVAJ23,8
BOVAJ33,8
BOVAM10,8
BOVAO1,8
BOVAR150,8
BOVAS113,8
BOVAS115W4,8
BOVAS126W2,8
BOVAS127W2,8
BOVAS141W2,8
BOVAS146W2,8
BOVAT127W2,8
BOVAT129W2,8
BOVAT134W5,8
BOVAT138W2,8
BOVAT139W1,8
BOVAT142W1,8
BOVAT150W1,8
BOVAT995,8
BOVAU129W1,8
BOVAU880,8
BOVAU965,8
BOVAU995,8
BOVAV17,8
BOVAV18,8
BOVAV900,8
BOVAW136,8
BOVAX105,8
BOVAX155,8
BOVAX19,8
BOVAX20,8
BOVAX70,8
BPACG373,8
BPACG393,8
BPACG425W4,8
BPACG448,8
BPACH336,8
BPACH341,8
BPACH425W2,8
BPACI380,8
BPACI387,8
BPACI390,8
BPACL387,8
BPACS415W2,8
BPACT321,8
BPACT351,8
BPACT395W1,8
BPACU357,8
BPACU360,8
BPACU392,8
BPACU422,8
BPACU435,8
BPANH80,8
BPANS759,8
BPANS789,8
BPANT760,8
BRAPH162,8
BRAPI192,8
BRAPI230,8
BRAPT135,8
BRAPT190,8
BRAPV125,8
BRAVH168,8
BRAVH180W1,8
BRAVH200W1,8
BRAVH200W2,8
BRAVH248,8
BRAVI242,8
BRAVJ230,8
BRAVS152,8
BRAVS170W2,8
BRAVS180W2,8
BRAVT143,8
BRAVT223,8
BRAVT236,8
BRAVT251,8
BRAVT311,8
BRAVU195,8
BRAVU205,8
BRAVU212,8
BRAVU227,8
BRAVV185,8
BRAVV230,8
BRAVX250,8
BRAVX337,8
BRFSG231,8
BRFSG239,8
BRFSG244,8
BRFSH265,8
BRFSI210,8
BRFSI225,8
BRFSI230,8
BRFSI235,8
BRFSS211,8
BRFSS219,8
BRFST225,8
BRFSU190,8
BRFSU210,8
BRKMG107,8
BRKMH850,8
BRKMI130,8
BRKMS940,8
BRKMS960,8
BRKMT112,8
BRKMT132,8
BRKMT830,8
BRKMU800,8
BRSRI112,8
BRSRI122,8
BRSRS118,8
BSLT11,8
BSRE39,8
CASH14F,8
CASH15F,8
CASHG660,8
CASHG680,8
CASHG840,8
CASHG900,8
CASHH870,8
CASHH880,8
CASHI760,8
CASHS560,8
CASHS740,8
CASHT670,8
CASHT800,8
CBAVH440,8
CBAVH460,8
CBAVH540,8
CBAVT450,8
CEABH165,8
CEABH175,8
CEABH195,8
CEABH210,8
CEABT160,8
CLXC34,8
CMIGH972,8
CMIGI129,8
CMIGI131,8
CMIGJ123,8
CMIGL131,8
CMIGT984,8
CMIGW111,8
CMING600,8
CMINL570,8
CMINS600,8
CMINT597,8
CMINT70,8
CMINU427,8
COCE1F,8
COGNB4,8
COGNG180,8
COGNG200,8
COGNG30,8
COGNG330,8
COGNH270W1,8
COGNI248,8
COGNJ293,8
COGNL349,8
COGNS280W2,8
COGNS280W4,8
COGNS308,8
COGNS349,8
COGNS370,8
COGNS440,8
COGNS86,8
COGNT260W1,8
COGNT353,8
COGNT840,8
COGNU228,8
COGNU238,8
COGNU283,8
COGNU303,8
COGNW298,8
COGNW5,8
CPFEG410,8
CPFEG415,8
CPFEG435,8
CPFEH387,8
CPFEH420,8
CPFEH427,8
CPFEI402,8
CPFES40,8
CPFES415,8
CPFET390,8
CPFET420,8
CPLEH99,8
CSAND70,8
CSANG660,8
CSANG670,8
CSANG799,8
CSANG900,8
CSANH580W1,8
CSANI215,8
CSANI705,8
CSANI725,8
CSANI745,8
CSANI765,8
CSANI855,8
CSANJ630,8
CSANK12,8
CSANL850,8
CSANN799,8
CSANR700,8
CSANS105,8
CSANS115,8
CSANS600,8
CSANS640W4,8
CSANS770,8
CSANS830,8
CSANS890,8
CSANS900,8
CSANT115,8
CSANT123,8
CSANT170,8
CSANT535,8
CSANT560W1,8
CSANT835,8
CSANT845,8
CSANT855,8
CSANT885,8
CSANU475,8
CSANU480,8
CSANU485,8
CSANU545,8
CSANU625,8
CSANV720,8
CSMGG286,8
CSMGH260,8
CSMGS258,8
CSMGU255,8
CSMGW240,8
CSNAG840W4,8
CSNAG930,8
CSNAH108,8
CSNAH820W1,8
CSNAH860W1,8
CSNAH860W2,8
CSNAH999,8
CSNAI104,8
CSNAI800,8
CSNAM800,8
CSNAS115,8
CSNAS760W4,8
CSNAS780W4,8
CSNAS800W2,8
CSNAS820W2,8
CSNAT113,8
CSNAT740W1,8
CSNAT760W1,8
CSNAT840W1,8
CSNAX900,8
CURYH328,8
CURYI323,8
CVCBI330,8
CVCBS280,8
CVCBT290,8
CVCBU200,8
CVCBW200,8
CXSED210,8
CXSEI157,8
CXSEV141,8
CYREH220,8
CYREH319,8
CYREI239,8
CYREI266,8
CYREN24,8
CYRES280,8
CYRET220,8
CYRET290,8
CYRET310,8
CYREU234,8
CYREU239,8
DIRRG395,8
DIRRH420,8
DIRRS417,8
DXCOH539,8
ECOR3T,8
ECORH860,8
ECORS760,8
ECORS780,8
ECORT600,8
ECORU660,8
EGIE3T,8
EGIEG360,8
EGIEG410,8
EGIEI416,8
EGIES400,8
EGIEU391,8
EGIEU401,8
ELETG428,8
ELETG459,8
ELETG469,8
ELETH462,8
ELETI397,8
ELETI442,8
ELETI46,8
ELETI487,8
ELETI49,8
ELETI493,8
ELETI498,8
ELETI50,8
ELETS421,8
ELETS428,8
ELETS435,8
ELETS450,8
ELETT350,8
ELETU395,8
ELETU398,8
ELETU427,8
EMBRA900,8
EMBRG100,8
EMBRG640,8
EMBRG650W4,8
EMBRG660W4,8
EMBRG750W4,8
EMBRG760W2,8
EMBRG760W4,8
EMBRG780W2,8
EMBRG790W2,8
EMBRG800W2,8
EMBRG800W4,8
EMBRG860,8
EMBRH129,8
EMBRH634,8
EMBRH670W1,8
EMBRH710W2,8
EMBRI659,8
EMBRI669,8
EMBRI714,8
EMBRI894,8
EMBRI900,8
EMBRM600,8
EMBRS560,8
EMBRS610,8
EMBRS680W4,8
EMBRS760W4,8
EMBRS780W4,8
EMBRS790W2,8
EMBRT449,8
EMBRT459,8
EMBRT514,8
EMBRT700W2,8
EMBRT760W1,8
EMBRT814,8
EMBRU599,8
EMBRU629,8
EMBRU659,8
EMBRV684,8
EMBRV704,8
ENEVH130,8
ENEVI140,8
ENEVS130,8
ENEVU140,8
ENGIG475,8
ENGIH496,8
ENGII491,8
ENGIT441,8
ENGIT461,8
ENGIT476,8
EQTLG372,8
EQTLG390,8
EQTLH395,8
EQTLI350,8
EQTLI357,8
EQTLI373,8
EQTLI403,8
EQTLS370,8
EQTLT317,8
EQTLU332,8
EQTLU345,8
EZTCG135,8
EZTCS130,8
EZTCS140,8
EZTCU133,8
F1AN34,8
FIEI3,8
FISC11,8
FLRYG137,8
FLRYH155,8
FLRYI138,8
FLRYI170,8
FLRYS132,8
FLRYT137,8
FLRYT150,8
FZDA11,8
GFSAU800,8
GGBRG165W2,8
GGBRG175W2,8
GGBRG186,8
GGBRG191,8
GGBRH175W2,8
GGBRH180W2,8
GGBRI201,8
GGBRQ176,8
GGBRS160W2,8
GGBRS165W2,8
GGBRS170W2,8
GGBRT134,8
GGBRT165W1,8
GGBRU146,8
GGBRU181,8
GOAUG102,8
GOAUH847,8
GOAUH865,8
GOAUI110,8
GOAUI115,8
GOAUI917,8
GOAUS810,8
GOAUS830,8
GOAUS845,8
GOAUS850,8
GOAUU100,8
GRNDS556,8
HAPVG2,8
HAPVG235,8
HAPVG327,8
HAPVG34,8
HAPVG342,8
HAPVH1,8
HAPVH255,8
HAPVH390,8
HAPVI325,8
HAPVI415,8
HAPVS315W4,8
HAPVS327,8
HAPVS332,8
HAPVT245,8
HAPVT265,8
HAPVT272,8
HAPVU25,8
HAPVU32,8
HAPVU34,8
HBORH270,8
HBORH280,8
HBORI300,8
HYPEG28,8
HYPEG289,8
HYPEG295,8
HYPEH266,8
HYPEH276,8
HYPEH296,8
HYPEI262,8
HYPES26,8
HYPES264,8
HYPES280,8
HYPET246,8
HYPET256,8
HYPET291,8
HYPEU257,8
HYPEU272,8
I1VZ34,8
IBOVG137,8
IBOVJ132,8
IBOVJ146,8
IBOVJ149,8
IBOVS130,8
IBOVS134W4,8
IBOVS136W5,8
IBOVS142,8
IBOVT126,8
IBOVV124,8
IBOVV135,8
IFCMA10,8
IGTIH210,8
IGTIH213,8
IGTII232,8
IGTIT215,8
IGTIU197,8
IGTIU212,8
IGTIU217,8
INTBT149,8
IRBRF599,8
IRBRI437,8
IRBRI487,8
IRBRI492,8
IRBRI510,8
IRBRI575,8
IRBRL499,8
IRBRP399,8
IRBRS447,8
IRBRS457,8
IRBRT485,8
IRBRU350,8
IRBRV430,8
ISAET236,8
ISAEU231,8
ITSAG110W2,8
ITSAG781,8
ITSAG851,8
ITSAG871,8
ITSAH998,8
ITSAI992,8
ITSAL110,8
ITSAM11,8
ITSAN106,8
ITSAS106,8
ITSAT129,8
ITSAU962,8
ITSAV102,8
ITSAX900,8
ITSAX954,8
ITUBG322,8
ITUBG348,8
ITUBG360W2,8
ITUBG370W2,8
ITUBG374W2,8
ITUBG380W4,8
ITUBG383,8
ITUBG384,8
ITUBH316,8
ITUBH325W1,8
ITUBH360W2,8
ITUBI361,8
ITUBI460,8
ITUBJ384,8
ITUBL385,8
ITUBS344W4,8
ITUBS354W2,8
ITUBS364W2,8
ITUBS371,8
ITUBS374W2,8
ITUBS380W2,8
ITUBS383,8
ITUBS385W4,8
ITUBT330W1,8
ITUBT330W2,8
ITUBT355,8
ITUBW331,8
ITUBX354,8
ITUBX369,8
ITUBX383,8
ITUBX395,8
JBSSG827,8
JBSSG840,8
JBSSG997,8
JBSSI830,8
JBSSS845,8
JBSSS912,8
JBSSS987,8
JBSST677,8
JBSST955,8
JHSFG500,8
JHSFG560,8
JHSFH498,8
JHSFI510,8
JHSFS500,8
JHSFT543,8
KEPLH130,8
KEPLT730,8
KLBNT158,8
KLBNT208,8
L1EG34,8
LEVET295,8
LIGT3T,8
LJQQS240,8
LJQQS300,8
LRENG140,8
LRENG175W4,8
LRENI153,8
LRENI163,8
LRENI215,8
LRENI223,8
LRENS158,8
LRENS163,8
LRENS17,8
LRENS195W2,8
LRENT144,8
LRENT202,8
LRENT222,8
LRENU163,8
LWSAG415,8
LWSAT355,8
MDIAG248,8
MDIAH269,8
MGLUG100W2,8
MGLUG110,8
MGLUG116,8
MGLUG710,8
MGLUG760W4,8
MGLUG770,8
MGLUG780W4,8
MGLUG880W2,8
MGLUG920W2,8
MGLUH138,8
MGLUH689,8
MGLUH760W1,8
MGLUH900W1,8
MGLUH920W1,8
MGLUI709,8
MGLUI719,8
MGLUI729,8
MGLUJ919,8
MGLUM80,8
MGLUR600,8
MGLUS126,8
MGLUS139,8
MGLUS18,8
MGLUS219,8
MGLUS50,8
MGLUS709,8
MGLUS750,8
MGLUS770,8
MGLUS820W2,8
MGLUS840W2,8
MGLUS860W2,8
MGLUS920W4,8
MGLUT12,8
MGLUT183,8
MGLUT208,8
MGLUT350,8
MGLUT589,8
MGLUT740W1,8
MGLUT840W1,8
MGLUU208,8
MGLUU650,8
MGLUU869,8
MGLUV609,8
MGLUV629,8
MGLUV719,8
MGLUV829,8
MILSH113,8
MOTVG13,8
MOTVG137,8
MOVIG640,8
MOVIG758,8
MOVIH770,8
MOVIH800,8
MOVIS740,8
MOVIT660,8
MRFGG125,8
MRFGG200,8
MRFGI225,8
MRFGI280,8
MRFGS287,8
MRFGT167,8
MRFGU190,8
MRVEG120,8
MRVEG50,8
MRVEG710,8
MRVEG720,8
MRVEI580,8
MRVEI610,8
MRVEI650,8
MRVEI710,8
MRVES670,8
MRVES710,8
MRVES730,8
MRVET530,8
MRVET790,8
MRVEU640,8
MULTG270,8
MULTI253,8
MULTS263,8
MULTT24,8
MULTU253,8
MYPKI143,8
NATUG100,8
NATUG980,8
NATUH860,8
NATUH930,8
NATUI112,8
NATUI120,8
NATUS940,8
NATUS960,8
NATUT112,8
NATUT117,8
NATUT120,8
NATUT125,8
NATUT140,8
NATUT930,8
NATUT950,8
NATUT970,8
NATUU940,8
NATUV916,8
NEOEH251,8
NEOEH257,8
NEOET231,8
NMRH34,8
O2NS34,8
ODPVT115,8
P1KX34,8
P1UK34,8
P1YC34,8
PCARG380,8
PCARH265,8
PCARI60,8
PCARL50,8
PCARS320,8
PCART345,8
PCARU330,8
PETRA356,8
PETRA407,8
PETRG127,8
PETRG158,8
PETRG177,8
PETRG25,8
PETRG270,8
PETRG271,8
PETRG30,8
PETRG300W2,8
PETRG335,8
PETRG345,8
PETRG350W2,8
PETRG385,8
PETRG401,8
PETRG778,8
PETRH233,8
PETRH250,8
PETRH324W4,8
PETRH360W2,8
PETRH990,8
PETRI26,8
PETRI334,8
PETRI344,8
PETRI38,8
PETRI40,8
PETRJ336,8
PETRJ338,8
PETRJ368,8
PETRJ371,8
PETRJ373,8
PETRJ381,8
PETRJ431,8
PETRL323,8
PETRS280W4,8
PETRS281,8
PETRS305W2,8
PETRS310W2,8
PETRS32,8
PETRS33,8
PETRS360W4,8
PETRS365W2,8
PETRT330W2,8
PETRT340W2,8
PETRT392,8
PETRU20,8
PETRU263,8
PETRU319,8
PETRU383,8
PETRU388,8
PETRU391,8
PETRU396,8
PETRU40,8
PETRV268,8
PETRV283,8
PETRV351,8
PETRW317,8
PETRW324,8
PETRW447,8
PETRX41,8
PETRX42,8
PETZG370,8
PETZG499,8
PETZI393,8
PETZI453,8
PETZS451,8
PETZS501,8
PETZS521,8
PETZS541,8
PETZU503,8
PETZV370,8
PMLL11,8
PNVLH986,8
POMOG737,8
POMOG767,8
POMOH890,8
POMON800,8
POMOS767,8
POSIG453,8
POSIG468,8
POSIG478,8
POSIG490,8
POSIH513,8
PRIOG370,8
PRIOG430W2,8
PRIOG440W2,8
PRIOG460W4,8
PRIOG467,8
PRIOG480,8
PRIOH375,8
PRIOH455W1,8
PRIOI395,8
PRIOI467,8
PRIOI472,8
PRIOQ43,8
PRIOS357,8
PRIOS425W2,8
PRIOS440W2,8
PRIOS440W4,8
PRIOT320,8
PRIOT352,8
PRIOT415W2,8
PRIOT425W2,8
PRIOU330,8
PRIOU365,8
PRIOU367,8
PRIOU377,8
PRIOU397,8
PRIOU422,8
PRIOU462,8
PSSAS482,8
PSSAS560,8
PSSAU520,8
QUALG195,8
QUALH195,8
QUALH220,8
QUALU149,8
R1LC34,8
RADLB210,8
RADLH128,8
RADLJ188,8
RADLS179,8
RADLU158,8
RAILG180,8
RAILG205,8
RAILH220,8
RAILI175,8
RAILI195,8
RAILI215,8
RAILI225,8
RAILS195,8
RAILT169,8
RAILU180,8
RAILU190,8
RAIZG210,8
RAIZI140,8
RAIZJ500,8
RAIZN20,8
RAIZT230,8
RAIZU220,8
RAIZU320,8
RAIZU380,8
RAIZV156,8
RANIG780,8
RANIG814,8
RAPT1,8
RAPTH855,8
RAPTT695,8
RAPTT715,8
RAPTT755,8
RAPTU695,8
RAPTU775,8
RDORG333,8
RDORG338,8
RDORG343,8
RDORI338,8
RDORS322,8
RDORS336,8
RDORS342,8
RDORS343,8
RDORS355,8
RDORS360,8
RDORU328,8
RDORU330,8
RECVI160,8
RECVR140,8
RECVS145,8
RECVT127,8
RENTG370,8
RENTG375,8
RENTG418,8
RENTG423,8
RENTG428,8
RENTH370W1,8
RENTH48,8
RENTH488,8
RENTI366,8
RENTI413,8
RENTI415,8
RENTS348,8
RENTS353,8
RENTS370W4,8
RENTS380W4,8
RENTS395W2,8
RENTS418,8
RENTS426,8
RENTS431,8
RENTS453,8
RENTT296,8
RENTT298,8
RENTT360W1,8
RENTT380W1,8
RENTU344,8
RENTU369,8
RENTU381,8
RENTU386,8
RENTU389,8
ROMIG925,8
ROMIH945,8
ROMIH965,8
ROMIS905,8
ROMIT905,8
ROMIU865,8
RSID1,8
SANBG258,8
SANBG278,8
SANBG309,8
SANBG319,8
SANBH255,8
SANBH256,8
SANBH331,8
SANBI256,8
SANBI261,8
SANBU286,8
SANBU291,8
SANBX262,8
SAPRG32,8
SAPRG345,8
SAPRH33,8
SAPRI335,8
SAPRS350,8
SAPRS365,8
SAPRS370,8
SAPRS375,8
SBFGG135,8
SBSPF135,8
SBSPG108,8
SBSPG114,8
SBSPI112,8
SBSPT122,8
SBSPT124,8
SHUL4T,8
SIMHG51,8
SIMHH463,8
SIMHH493,8
SIMHH503,8
SIMHH643,8
SIMHS495,8
SIMHT428,8
SIMHT478,8
SIMHT503,8
SIMHU413,8
SLCEG182,8
SLCEG185,8
SLCEH177,8
SLCEH187,8
SLCEI189,8
SLCEI192,8
SLCEI194,8
SLCES182,8
SLCET186,8
SMAL11T,8
SMALG102W4,8
SMALG105W4,8
SMALG110W2,8
SMALG112W2,8
SMALH100W1,8
SMALH106W2,8
SMALH112W1,8
SMALH122,8
SMALI109,8
SMALI980,8
SMALS102W2,8
SMALS110W2,8
SMALT910,8
SMALU108,8
SMTOG170,8
SMTOG185,8
SMTOI190,8
SMTOI195,8
SMTOI200,8
SMTOT160,8
SMTOT162,8
SMTOT192,8
SMTOT195,8
SMTOU170,8
SUZBB629,8
SUZBG497,8
SUZBG500W4,8
SUZBG510W2,8
SUZBG520W2,8
SUZBG540W4,8
SUZBH595,8
SUZBH600,8
SUZBI502,8
SUZBI592,8
SUZBS495W2,8
SUZBS500W2,8
SUZBS530W4,8
SUZBS572,8
SUZBT457,8
SUZBT462,8
SUZBT585,8
SUZBU460,8
SUZBU482,8
SUZBU532,8
SUZBU552,8
SUZBV492,8
T1EV34,8
T1FX34,8
TAEEG340,8
TAEEG380,8
TAEEU346,8
TAEEX33,8
TIMSG210,8
TIMSH199,8
TIMSS219,8
TIMSS224,8
TIMST189,8
TIMST230,8
TIMSU209,8
TKNO4F,8
TOTSG430,8
TOTSH413,8
TOTSS413,8
TOTST420,8
TOTST431,8
TRVC34,8
TSLA34T,8
TUPYH190,8
TUPYT185,8
TUPYU170,8
TXRX4,8
UGPAH201,8
UGPAH204,8
UGPAU145,8
UNIPH612,8
USIMG410W4,8
USIMG420W2,8
USIMG450W2,8
USIMG470,8
USIMG470W4,8
USIMG485,8
USIMG490,8
USIMG50,8
USIMH480W2,8
USIMH55,8
USIMH550,8
USIMH560,8
USIMI497,8
USIMN478,8
USIMS440W2,8
USIMS590,8
USIMS680,8
USIMS720,8
USIMT115,8
USIMT330,8
USIMT380W2,8
USIMT590,8
USIMT610,8
USIMU357,8
USIMU482,8
USIMU602,8
V1IP34,8
V2ME34,8
VALEB615,8
VALEG451,8
VALEG460W4,8
VALEG469,8
VALEG487,8
VALEG505W2,8
VALEG510W2,8
VALEG560W2,8
VALEG575W2,8
VALEG585W2,8
VALEG684,8
VALEH474,8
VALEH620W2,8
VALEI498,8
VALEK551,8
VALEK566,8
VALEK571,8
VALEK586,8
VALEL749,8
VALEL760,8
VALES449,8
VALES451,8
VALES480W4,8
VALES492W2,8
VALES495W4,8
VALES505W2,8
VALES515W2,8
VALES560W2,8
VALES575W2,8
VALES674,8
VALES709,8
VALES765,8
VALET400,8
VALET450W2,8
VALET480W1,8
VALET580W2,8
VALET590W1,8
VALET630W1,8
VALET710,8
VALEU823,8
VALEV495,8
VALEV600,8
VALEW496,8
VAMOS470,8
VAMOT470,8
VBBR3T,8
VBBRA25,8
VBBRG212,8
VBBRG240,8
VBBRH193,8
VBBRH210,8
VBBRI248,8
VBBRI278,8
VBBRS197,8
VBBRS220,8
VBBRT219,8
VBBRU193,8
VBBRU203,8
VIVAG263,8
VIVAH251,8
VIVAH286,8
VIVAI253,8
VIVAS258,8
VIVAT237,8
VIVAT252,8
VIVTH297,8
VULCG206,8
VULCH205,8
VULCT186,8
VULCT201,8
W1DA34,8
W1YC34,8
WEGEF458,8
WEGEG425W2,8
WEGEG461,8
WEGEG465W4,8
WEGEH338,8
WEGEH36,8
WEGEH378,8
WEGEH379,8
WEGEH445W1,8
WEGEH491,8
WEGEI368,8
WEGEI398,8
WEGEI466,8
WEGEI473,8
WEGEI502,8
WEGEI522,8
WEGEJ430,8
WEGEL503,8
WEGEL518,8
WEGEN375,8
WEGEQ450,8
WEGES383,8
WEGES405W2,8
WEGES430W4,8
WEGES440W4,8
WEGES463,8
WEGES476,8
WEGES496,8
WEGES498,8
WEGES501,8
WEGET333,8
WEGET338,8
WEGET385W1,8
WEGET415W1,8
WEGET478,8
WEGET481,8
WEGEU336,8
WEGEU376,8
WEGEX354,8
WLMM3F,8
YDUQG140,8
YDUQH124,8
YDUQI150,8
YDUQI200,8
YDUQT174,8
YUMR34,8
A1PA34,7
A1RG34,7
ABCBH200,7
ABCBH212,7
ABCBI230,7
ABCBT205,7
ABEVH106,7
ABEVJ137,7
ABEVJ142,7
ABEVJ153,7
ABEVL132,7
ABEVL141,7
ABEVS125,7
ABEVS151,7
ABEVV132,7
ABEVX15,7
ABEVX16,7
AIGB34,7
ALOSG209,7
ALOSS232,7
ALOSU202,7
ALOSU212,7
ALOSU226,7
ALPAG851,7
ALPAG891,7
ALPAH891,7
ALPAH981,7
ALPAS811,7
ALPAT821,7
ALPAT831,7
ALUPH305,7
ALUPT300,7
AMER3T,7
ASAIE110,7
ASAIG112,7
ASAIG989,7
ASAIH125,7
ASAII113,7
ASAIT880,7
ASAIT930,7
ASAIU103,7
ASAIU859,7
ASAIU919,7
AUREG920,7
AUREH954,7
AUREI104,7
AUREI974,7
AURET924,7
AZULA499,7
AZULH115,7
AZULH140,7
AZULI150,7
AZULS285,7
AZULS470,7
AZULS600,7
AZULS660,7
AZULT135,7
AZULT55,7
AZULU125,7
AZZAG332,7
AZZAG372,7
AZZAG395,7
AZZAG405,7
AZZAG460,7
AZZAG470,7
AZZAH362,7
AZZAH365,7
AZZAH372,7
AZZAH392,7
AZZAH465,7
AZZAH545,7
AZZAI292,7
AZZAI355,7
AZZAS405,7
AZZAS432,7
AZZAT305,7
AZZAT415,7
AZZAU350,7
B1DX34,7
B1KR34,7
B3SAB170,7
B3SAG135W2,7
B3SAG161,7
B3SAH100,7
B3SAH130W2,7
B3SAI117,7
B3SAJ17,7
B3SAJ179,7
B3SAL141,7
B3SAT105,7
B3SAT120W2,7
B3SAT125W1,7
B3SAT130W2,7
B3SAT172,7
B3SAT177,7
B3SAU104,7
B3SAU146,7
B3SAU149,7
BBASA218,7
BBASG210W2,7
BBASG245W2,7
BBASG261W4,7
BBASG276,7
BBASG279,7
BBASH154,7
BBASH159,7
BBASH161,7
BBASH164,7
BBASH228W4,7
BBASH237W2,7
BBASH309,7
BBASI170,7
BBASI275,7
BBASI305,7
BBASJ249,7
BBASK255,7
BBASL248,7
BBASL286,7
BBASL290,7
BBASM151,7
BBASM349,7
BBASO203,7
BBASP280,7
BBASP335,7
BBASS17,7
BBASS264W4,7
BBASS266W4,7
BBASS270W2,7
BBASS280W2,7
BBASS310,7
BBAST141,7
BBAST230W2,7
BBASU149,7
BBASU267,7
BBASU292,7
BBASV173,7
BBASV229,7
BBASW209,7
BBASX250,7
BBDCA220,7
BBDCB168,7
BBDCG101,7
BBDCG140W4,7
BBDCG152W2,7
BBDCG157W2,7
BBDCG160W2,7
BBDCG187,7
BBDCG190,7
BBDCG3,7
BBDCH118,7
BBDCH123,7
BBDCH128,7
BBDCH144W1,7
BBDCH184W1,7
BBDCH185W2,7
BBDCH189W1,7
BBDCI4,7
BBDCJ138,7
BBDCJ174,7
BBDCL135,7
BBDCL149,7
BBDCL161,7
BBDCL183,7
BBDCM120,7
BBDCN119,7
BBDCR164,7
BBDCS135,7
BBDCS150W4,7
BBDCS155W4,7
BBDCS156,7
BBDCS157W2,7
BBDCT134W1,7
BBDCT165W2,7
BBDCT170W1,7
BBDCT170W2,7
BBDCT220,7
BBDCU119,7
BBDCU185,7
BBDCU3,7
BBDCU4,7
BBDCV100,7
BBDCV167,7
BBDCX154,7
BBSEG342,7
BBSEH319,7
BBSEI330,7
BBSEI380,7
BBSEN38,7
BBSET409,7
BBSEU375,7
BBSEW299,7
BBSEX415,7
BDLL4F,7
BEEFG490,7
BEEFG500W2,7
BEEFG500W4,7
BEEFG520W2,7
BEEFG520W4,7
BEEFL11,7
BEEFS490,7
BEEFS581,7
BEEFS750,7
BEEFS840,7
BEEFT105,7
BEEFT456,7
BEEFT520W1,7
BEEFT601,7
BEEFT681,7
BEEFU466,7
BEEFU521,7
BEEFU741,7
BEEFW505,7
BEGE39,7
BFCG39,7
BHIAG30,7
BHIAH600,7
BHIAS600,7
BHIAT90,7
BHIAU580,7
BIXG39,7
BKYY39,7
BMGB4T,7
BMGBG362,7
BMGBU335,7
BMLT11,7
BOVAA125,7
BOVAA130,7
BOVAB1,7
BOVAD175,7
BOVAG112W4,7
BOVAG117W2,7
BOVAG119W2,7
BOVAG144W2,7
BOVAG150,7
BOVAG19,7
BOVAG8,7
BOVAG800,7
BOVAH110W1,7
BOVAH118W2,7
BOVAH121W1,7
BOVAH123W1,7
BOVAH125W1,7
BOVAH127W1,7
BOVAH127W2,7
BOVAH129W1,7
BOVAH129W2,7
BOVAH137W2,7
BOVAH139W2,7
BOVAH161,7
BOVAH162,7
BOVAH70,7
BOVAH990,7
BOVAI111,7
BOVAI128W4,7
BOVAJ134,7
BOVAJ29,7
BOVAJ500,7
BOVAJ70,7
BOVAK10,7
BOVAL118,7
BOVAL128,7
BOVAL2,7
BOVAN1,7
BOVAO160,7
BOVAS112,7
BOVAS118W4,7
BOVAS125W2,7
BOVAS144W2,7
BOVAS148W4,7
BOVAT119W1,7
BOVAT123W1,7
BOVAT125W1,7
BOVAT125W2,7
BOVAT127W1,7
BOVAT129W1,7
BOVAT158,7
BOVAT930,7
BOVAU127W1,7
BOVAU127W4,7
BOVAU810,7
BOVAU920,7
BOVAV104,7
BOVAV138,7
BOVAV145,7
BOVAV20,7
BOVAV25,7
BOVAV720,7
BOVAW112,7
BPACG378,7
BPACG383,7
BPACG385W4,7
BPACG400W4,7
BPACG410W4,7
BPACG420W4,7
BPACG425W2,7
BPACG450W4,7
BPACH321,7
BPACH395W1,7
BPACH405W1,7
BPACH420W1,7
BPACH459,7
BPACH476,7
BPACI372,7
BPACI437,7
BPACI450,7
BPACR340,7
BPACS360W4,7
BPACS371,7
BPACS376,7
BPACS385W2,7
BPACS405W2,7
BPACT375W1,7
BPACT385W1,7
BPACT390W1,7
BPACT444,7
BPACT446,7
BPACU342,7
BPACU345,7
BPACU420,7
BPACU425,7
BPACU430,7
BPACU432,7
BPACV350,7
BPACX392,7
BPACX402,7
BPANH780,7
BPANS800,7
BPANS829,7
BRAPG187,7
BRAPG190,7
BRAPH200,7
BRAPH202,7
BRAPI193,7
BRAPU150,7
BRAPU17,7
BRAPV145,7
BRAPV165,7
BRAVD286,7
BRAVG195W4,7
BRAVG207,7
BRAVH161,7
BRAVH195W1,7
BRAVH231,7
BRAVI177,7
BRAVJ200,7
BRAVS165W2,7
BRAVS190W4,7
BRAVS207,7
BRAVS215,7
BRAVS22,7
BRAVS222,7
BRAVS232,7
BRAVS250,7
BRAVS320,7
BRAVT123,7
BRAVT141,7
BRAVT160W1,7
BRAVT175W1,7
BRAVT231,7
BRAVT273,7
BRAVV155,7
BRAVV165,7
BRAVV200,7
BRAVV510,7
BRFSG19,7
BRFSI220,7
BRFSS176,7
BRFSS180,7
BRFSS181,7
BRFSS216,7
BRFST157,7
BRFST175,7
BRKMF14,7
BRKMG120,7
BRKMG125,7
BRKMI780,7
BRKMI920,7
BRKMI960,7
BRKMJ115,7
BRKMS115,7
BRKMS132,7
BRKMS142,7
BRKMS180,7
BRKMS880,7
BRKMT170,7
BRKMT200,7
BRKMT220,7
BRKMU100,7
BRKMU105,7
BRKMU120,7
BRKMU130,7
BRKMU960,7
BRKMX900,7
BRSRH104,7
BRSRI113,7
BRSRI127,7
BRSRT129,7
BUSM39,7
C1MI34,7
CAMLH524,7
CASHH510,7
CASHI145,7
CASHJ600,7
CASHJ700,7
CASHL425,7
CASHS720,7
CASHS780,7
CASHS800,7
CASHT760,7
CBAVG430,7
CBEE3,7
CEGR3F,7
CLSC3,7
CMIGA10,7
CMIGG119,7
CMIGG128,7
CMIGT98,7
CMIGU130,7
CMIGV113,7
CMIGW109,7
CMINH490,7
CMINS480,7
CMINS495,7
CMINS680,7
COGNB1,7
COGNH163,7
COGNH173,7
COGNH175,7
COGNH203,7
COGNH353,7
COGNI323,7
COGNS260W4,7
COGNS290W2,7
COGNS328,7
COGNT218,7
COGNT315,7
COGNT318,7
COGNT345,7
COGNT363,7
COGNT365,7
COGNT383,7
COGNT408,7
COGNT433,7
COGNU223,7
COGNU233,7
COGNU323,7
CPFE3T,7
CPFET397,7
CPFET430,7
CPLEG109,7
CPLEI134,7
CPLES113,7
CPLES128,7
CPLEX119,7
CRPG3F,7
CSANF650,7
CSANG620,7
CSANG650,7
CSANG720W2,7
CSANG770,7
CSANG790,7
CSANG840,7
CSANH555,7
CSANH845,7
CSANH885,7
CSANI575,7
CSANI775,7
CSANJ162,7
CSANJ710,7
CSANL800,7
CSANS600W4,7
CSANS660W4,7
CSANS700W2,7
CSANS700W4,7
CSANT128,7
CSANT145,7
CSANT495,7
CSANU490,7
CSANU715,7
CSANV560,7
CSANV570,7
CSANV710,7
CSANW580,7
CSMGG258,7
CSMGG298,7
CSMGI270,7
CSMGS248,7
CSMGS283,7
CSMGT275,7
CSNAF16,7
CSNAG780W4,7
CSNAG820W2,7
CSNAG840W2,7
CSNAG940,7
CSNAH780W1,7
CSNAH900W1,7
CSNAH900W2,7
CSNAI739,7
CSNAI779,7
CSNAI959,7
CSNAJ999,7
CSNAS102,7
CSNAS780W2,7
CSNAS840W4,7
CSNAT125,7
CSNAT860W1,7
CSNAU879,7
CSNAU979,7
CVCBB300,7
CVCBG220,7
CVCBH210,7
CVCBH299,7
CVCBH310,7
CVCBH320,7
CVCBI240,7
CVCBI265,7
CVCBI310,7
CVCBS225,7
CVCBS300,7
CVCBT245,7
CVCBU210,7
CVCBU220,7
CXSEH137,7
CXSEI140,7
CXSEI162,7
CXSET132,7
CXSEX145,7
CYREG215,7
CYREG245,7
CYREH230,7
CYREH234,7
CYREH304,7
CYREI249,7
CYREI299,7
CYREI304,7
CYREI309,7
CYREJ300,7
CYRES245,7
CYRES247,7
CYREU219,7
CYREU244,7
CYREU264,7
D1EX34,7
DIRRG407,7
DIRRG435,7
DIRRH455,7
DTCY3,7
DXCOH559,7
DXCOH579,7
DXCOT519,7
DXCOT539,7
E1MN34,7
ECORG740,7
ECORG820,7
ECORS730,7
EGIEG380,7
EGIEG385,7
EGIEG425,7
EGIEG435,7
EGIEG481,7
EGIEH421,7
EGIES395,7
EGIES456,7
EGIES470,7
EGIET449,7
EGIET48,7
EGIEU366,7
EGIEU418,7
EGIEU421,7
EGIEU436,7
EGIEX380,7
EGIEX440,7
ELETG388,7
ELETG441,7
ELETG444,7
ELETG449,7
ELETG454,7
ELETI33,7
ELETI387,7
ELETI389,7
ELETI402,7
ELETI417,7
ELETI446,7
ELETI463,7
ELETI48,7
ELETI485,7
ELETI495,7
ELETI510,7
ELETS454,7
ELETT432,7
ELETT433,7
ELETU331,7
ELETU365,7
ELETU400,7
ELETV358,7
ELETW403,7
EMBRE760,7
EMBRG10,7
EMBRG644,7
EMBRG660,7
EMBRG674,7
EMBRG700W4,7
EMBRG720W4,7
EMBRG820W2,7
EMBRH574,7
EMBRH740W2,7
EMBRH750W2,7
EMBRH770W2,7
EMBRI719,7
EMBRI799,7
EMBRI844,7
EMBRI889,7
EMBRM610,7
EMBRM734,7
EMBRQ56,7
EMBRS590,7
EMBRS620,7
EMBRS640W4,7
EMBRS730W2,7
EMBRS740W2,7
EMBRS780W2,7
EMBRS810W2,7
EMBRS820W2,7
EMBRS830W2,7
EMBRS900,7
EMBRT404,7
EMBRT414,7
EMBRT524,7
EMBRT730W1,7
EMBRT730W2,7
EMBRU469,7
EMBRU479,7
EMBRU494,7
EMBRU639,7
EMBRU709,7
EMBRU724,7
EMBRU734,7
EMBRV749,7
EMBRV789,7
EMBRW610,7
EMBRX655,7
ENEVG150,7
ENEVH160,7
ENEVS127,7
ENEVU125,7
ENEVU135,7
ENGIG451,7
ENGIH466,7
ENGIH486,7
ENGIT466,7
EQTLG350,7
EQTLG352,7
EQTLG355,7
EQTLG362,7
EQTLG382,7
EQTLH40,7
EQTLI368,7
EQTLU327,7
EQTLU347,7
EQTLU35,7
EQTLU355,7
ETER3T,7
EVENG700,7
EZTCG150,7
EZTCI147,7
EZTCU123,7
F2RS34,7
FESAT680,7
FLRYG125,7
FLRYI148,7
FLRYI153,7
FLRYI162,7
FLRYU143,7
FPNG11,7
G1LO34,7
G2ME34,7
GGBRG160W4,7
GGBRG170W2,7
GGBRG193,7
GGBRH160W1,7
GGBRH170W2,7
GGBRI153,7
GGBRI196,7
GGBRJ199,7
GGBRS175W4,7
GGBRT150W1,7
GGBRU178,7
GGBRU187,7
GOAUG99,7
GOAUJ947,7
GOAUS975,7
GOAUT105,7
GOLL2,7
GOLL2F,7
GRNDG600,7
GRNDI530,7
GRNDT490,7
GUART760,7
H1LT34,7
HALI34,7
HAPVG36,7
HAPVH330W1,7
HAPVH387,7
HAPVH399,7
HAPVH407,7
HAPVI280,7
HAPVI32,7
HAPVI322,7
HAPVI335,7
HAPVI337,7
HAPVI370,7
HAPVI380,7
HAPVI425,7
HAPVS225,7
HAPVS270,7
HAPVS370,7
HAPVS38,7
HAPVT227,7
HAPVT24,7
HAPVT370,7
HAPVU314,7
HAPVU35,7
HAPVU352,7
HASH11T,7
HBOR3T,7
HBORH210,7
HUCG11,7
HYPEG27,7
HYPEG300,7
HYPEH232,7
HYPEH29,7
HYPES275,7
HYPET24,7
HYPET26,7
HYPET266,7
HYPET27,7
I1CE34,7
I1FO34,7
IBOVG133,7
IBOVG134W5,7
IBOVG137W4,7
IBOVG137W5,7
IBOVG141W4,7
IBOVG143,7
IBOVG144,7
IBOVH134W1,7
IBOVH148,7
IBOVI131,7
IBOVI39,7
IBOVJ143,7
IBOVK138,7
IBOVL138,7
IBOVO133,7
IBOVO135,7
IBOVO152,7
IBOVS131,7
IBOVS141,7
IBOVT134W1,7
IBOVU139,7
IBOVV129,7
IBOVV138,7
IGTIG22,7
IGTIG23,7
IGTIH243,7
IGTIS22,7
IGTIS23,7
IGTIS240,7
IGTIT203,7
IGTIT205,7
IGTIT23,7
IGTIU192,7
INTBH150,7
IRBRG530,7
IRBRG540,7
IRBRH420,7
IRBRH432,7
IRBRI445,7
IRBRI472,7
IRBRI497,7
IRBRI555,7
IRBRL600,7
IRBRS385,7
IRBRS405,7
IRBRS472,7
IRBRS490,7
IRBRS520,7
IRBRS600,7
IRBRT355,7
IRBRT395,7
IRBRT467,7
IRBRT495,7
IRBRT540,7
IRBRU422,7
IRBRU447,7
IRBRU462,7
IRBRU505,7
ISAE4T,7
ISAEB295,7
ISAEG265,7
ITSAG120,7
ITSAG801,7
ITSAG887,7
ITSAH110W2,7
ITSAH797,7
ITSAH90,7
ITSAH912,7
ITSAI124,7
ITSAI922,7
ITSAJ100,7
ITSAJ935,7
ITSAK110,7
ITSAK115,7
ITSAL107,7
ITSAS13,7
ITSAT105W2,7
ITSAT110W1,7
ITSAT932,7
ITSAT998,7
ITSAU1,7
ITSAU114,7
ITSAV985,7
ITSAW110,7
ITUBB371,7
ITUBG241,7
ITUBG311,7
ITUBG316,7
ITUBG325,7
ITUBG331,7
ITUBG333,7
ITUBG338,7
ITUBG354W2,7
ITUBG369W2,7
ITUBG385W2,7
ITUBH306,7
ITUBH375W4,7
ITUBH410W1,7
ITUBI354,7
ITUBI381,7
ITUBJ400,7
ITUBK381,7
ITUBL390,7
ITUBR375,7
ITUBT325W1,7
ITUBT34,7
ITUBT360W2,7
ITUBT365W2,7
ITUBU326,7
ITUBU334,7
ITUBV333,7
ITUBV342,7
ITUBX400,7
J1EF34,7
JBSSG815,7
JBSSG970,7
JBSSS825,7
JBSSS835,7
JBSSS962,7
JBSSS972,7
JBSSS980,7
JBSST637,7
JBSST961,7
JBSST977,7
JHSFG420,7
JHSFI570,7
JHSFS540,7
JHSFT683,7
JHSFT723,7
JHSFU485,7
JOPA3F,7
KLBN11T,7
KLBND192,7
KLBNH218,7
KLBNI183,7
KLBNU204,7
LAFI11,7
LEVEG325,7
LJQQH270,7
LJQQT240,7
LRENG137,7
LRENG145,7
LRENG153,7
LRENG190W4,7
LRENG215,7
LRENH165W1,7
LRENH195W1,7
LRENJ141,7
LRENJ194,7
LRENL152,7
LRENQ220,7
LRENS200W2,7
LRENS205,7
LRENT155W1,7
LRENT160W1,7
LRENT160W2,7
LRENT165W2,7
LRENT175W1,7
LRENU143,7
LRENU178,7
LUPA11,7
LWSAH440,7
LWSAI390,7
LWSAI40,7
LWSAI410,7
LWSAI420,7
LWSAS345,7
LWSAS395,7
M1CK34,7
MCOR34,7
MDIAH255,7
MDIAS253,7
MDIAT252,7
MGLUB100,7
MGLUC200,7
MGLUD250,7
MGLUG105W2,7
MGLUG119,7
MGLUG120,7
MGLUG121,7
MGLUG130,7
MGLUG18,7
MGLUG580,7
MGLUG670,7
MGLUG730,7
MGLUG750,7
MGLUG780W2,7
MGLUG789,7
MGLUG960W4,7
MGLUH125,7
MGLUH128,7
MGLUH529,7
MGLUH539,7
MGLUH629,7
MGLUH740W1,7
MGLUH820W2,7
MGLUI105,7
MGLUI118,7
MGLUI123,7
MGLUJ114,7
MGLUJ739,7
MGLUJ969,7
MGLUL160,7
MGLUM600,7
MGLUO1,7
MGLUS149,7
MGLUS169,7
MGLUS189,7
MGLUS55,7
MGLUS800W2,7
MGLUS960W2,7
MGLUT113,7
MGLUT135,7
MGLUT173,7
MGLUT539,7
MGLUT720W1,7
MGLUU105,7
MGLUU569,7
MGLUU609,7
MGLUU629,7
MGLUV689,7
MILSH123,7
MLAS3T,7
MOTVG140,7
MOTVH129,7
MOTVH135,7
MOTVH143,7
MOTVH148,7
MOTVI123,7
MOTVI133,7
MOTVS13,7
MOTVT120,7
MOVIH62,7
MOVIS62,7
MOVIS758,7
MOVIT550,7
MOVIU600,7
MRFGG205,7
MRFGG257,7
MRFGG267,7
MRFGG287,7
MRFGU205,7
MRFGU275,7
MRVEG540,7
MRVEG70,7
MRVEG900,7
MRVEI690,7
MRVES690,7
MRVES720,7
MRVES740,7
MRVES770,7
MRVET145,7
MRVEU610,7
MRVEU660,7
MRVEU680,7
MTRET373,7
MULT3T,7
MULTG258,7
MULTG273,7
MULTG275,7
MULTH248,7
MULTH27,7
MULTH297,7
MULTS275,7
MULTT233,7
MULTT237,7
MULTT278,7
MULTU238,7
MYPKG133,7
MYPKH132,7
MYPKT137,7
N1OV34,7
NATUF15,7
NATUG105W2,7
NATUG120,7
NATUG880,7
NATUG890,7
NATUG900,7
NATUG920,7
NATUG940,7
NATUG950,7
NATUG970,7
NATUH880,7
NATUH890,7
NATUI100,7
NATUI860,7
NATUI900,7
NATUI920,7
NATUS120,7
NATUS125,7
NATUS140,7
NATUS920,7
NATUS970,7
NATUT145,7
NATUT780,7
NATUT800,7
NATUT910,7
NATUT990,7
NEOEH256,7
NGRD3T,7
O1DF34,7
ONCOG520,7
PCARG295,7
PCARH295,7
PCARI370,7
PCARS290,7
PCARS305,7
PCARS360,7
PCARS410,7
PCART700,7
PCARU285,7
PCARU400,7
PEAB4,7
PETRA507,7
PETRC250,7
PETRC300,7
PETRD449,7
PETRG1,7
PETRG152,7
PETRG167,7
PETRG205,7
PETRG22,7
PETRG235,7
PETRG250,7
PETRG255,7
PETRG260,7
PETRG268,7
PETRG270W4,7
PETRG280W2,7
PETRG290W2,7
PETRG355,7
PETRG355W4,7
PETRG43,7
PETRG433,7
PETRG818,7
PETRH190,7
PETRH193,7
PETRH230,7
PETRH322W4,7
PETRH325W5,7
PETRH420,7
PETRH998,7
PETRI155,7
PETRI230,7
PETRI413,7
PETRI448,7
PETRJ184,7
PETRJ326,7
PETRJ358,7
PETRJ361,7
PETRJ376,7
PETRK319,7
PETRL42,7
PETRL455,7
PETRM273,7
PETRM364,7
PETRP261,7
PETRS26,7
PETRS30,7
PETRS344,7
PETRS370,7
PETRS390W2,7
PETRS41,7
PETRS416,7
PETRS419,7
PETRS42,7
PETRT225,7
PETRT280W2,7
PETRT285W2,7
PETRT335W2,7
PETRT350W2,7
PETRT370W1,7
PETRT385W2,7
PETRT42,7
PETRT423,7
PETRT428,7
PETRU220,7
PETRU223,7
PETRU240,7
PETRU257,7
PETRU38,7
PETRU39,7
PETRV273,7
PETRV286,7
PETRV333,7
PETRW257,7
PETRX334,7
PETRX340,7
PETRX46,7
PETZH38,7
PETZH531,7
PETZH541,7
PETZH591,7
PETZI373,7
PETZI503,7
PETZS561,7
PETZT38,7
PETZT541,7
POMOH950,7
POMOU810,7
POSIG520,7
POSIH440,7
POSIS1,7
POSIS500,7
POSIT493,7
POSIU463,7
PRIOG375,7
PRIOG415W2,7
PRIOG487,7
PRIOH410W1,7
PRIOH455W2,7
PRIOH470W2,7
PRIOI480,7
PRION410,7
PRION440,7
PRIOQ410,7
PRIOQ45,7
PRIOS360,7
PRIOS380W2,7
PRIOS390W2,7
PRIOS395W4,7
PRIOS400W2,7
PRIOS430W2,7
PRIOS460,7
PRIOS470,7
PRIOS890,7
PRIOT380W1,7
PRIOT440W1,7
PRIOU335,7
PRIOU360,7
PRIOU372,7
PRIOU457,7
PRIOU460,7
PRIOW329,7
PRIOW359,7
PRIOX421,7
PSSAG492,7
PSSAG570,7
PSSAG580,7
PSSAI520,7
PSSAS497,7
QUALS185,7
QUALT165,7
QUALU180,7
QUALV20,7
RADLB330,7
RADLG135,7
RADLG174,7
RADLI133,7
RADLI155,7
RADLL180,7
RADLS190,7
RADLT171,7
RADLT188,7
RADLT243,7
RAILG185,7
RAILG187,7
RAILG192,7
RAILH164,7
RAILH189,7
RAILH225,7
RAILS197,7
RAILS210,7
RAILT174,7
RAILU155,7
RAIZI20,7
RAIZJ200,7
RAIZS310,7
RAIZS385,7
RAIZT130,7
RAIZT380,7
RANIH723,7
RANIS766,7
RANIS780,7
RANIT743,7
RANIU683,7
RAPTH795,7
RAPTS840,7
RAPTS860,7
RAPTT735,7
RDORH310,7
RDORH331,7
RDORH356,7
RDORH380,7
RDORI350,7
RDORI388,7
RDORI400,7
RDORS351,7
RDORT321,7
RDORT350,7
RDORU341,7
RECVH157,7
RECVI147,7
RECVS155,7
RENTB300,7
RENTG385W4,7
RENTG408,7
RENTG431,7
RENTG433,7
RENTG438,7
RENTG446,7
RENTG451,7
RENTG453,7
RENTG458,7
RENTH380W2,7
RENTH385W1,7
RENTH471,7
RENTH496,7
RENTH506,7
RENTH511,7
RENTI354,7
RENTI379,7
RENTI389,7
RENTI403,7
RENTI438,7
RENTI489,7
RENTN400,7
RENTS351,7
RENTS390W2,7
RENTS400W2,7
RENTS413,7
RENTS448,7
RENTT281,7
RENTT308,7
RENTT311,7
RENTT350W1,7
RENTT43,7
RENTT431,7
RENTT453,7
RENTU290,7
RENTU305,7
RENTU314,7
RENTU324,7
RENTU346,7
RENTU349,7
RENTU371,7
RENTU379,7
RENTU394,7
ROMIG915,7
ROMIG945,7
ROMIH880,7
ROMIH899,7
ROMIT880,7
RPAD3,7
S1WK34,7
SANBH365,7
SANBU251,7
SANBW250,7
SAPRG325,7
SAPRH333,7
SAPRH375,7
SAPRI360,7
SAPRI362,7
SAPRI372,7
SAPRI373,7
SAPRS36,7
SAPRS37,7
SAPRT34,7
SAPRT343,7
SAPRU372,7
SBFGS125,7
SBSPG123,7
SBSPH133,7
SBSPI107,7
SBSPI118,7
SBSPI122,7
SBSPS110,7
SBSPT117,7
SBSPU102,7
SBSPU106,7
SBSPU108,7
SBSPU112,7
SIMHG495,7
SIMHG55,7
SIMHG570,7
SIMHS53,7
SIMHT483,7
SIMHU493,7
SLCEI184,7
SLCEI199,7
SLCET189,7
SMALG103W4,7
SMALG106W2,7
SMALG117,7
SMALG920,7
SMALG950,7
SMALG960,7
SMALG970,7
SMALH108W2,7
SMALH930,7
SMALH940,7
SMALI101,7
SMALI105,7
SMALS104W2,7
SMALS108W4,7
SMALS112,7
SMALS960,7
SMALT100W2,7
SMALT870,7
SMALU105,7
SMALU940,7
SMALX115,7
SMFTT219,7
SMTOH205,7
SMTOS190,7
SMTOU190,7
SOND5F,7
SUZBG495,7
SUZBG530W2,7
SUZBH540W1,7
SUZBH550W1,7
SUZBI587,7
SUZBS490W4,7
SUZBS495W4,7
SUZBS520W4,7
SUZBS530W2,7
SUZBS592,7
SUZBT442,7
SUZBT472,7
SUZBT530W1,7
SUZBT600,7
T1RO34,7
T2ER34,7
TAEE11T,7
TAEEG385,7
TAEEH387,7
TAEEI381,7
TAEEI386,7
TAEES359,7
TAEET376,7
TASAH18,7
TIMSG219,7
TIMSH225,7
TIMSU203,7
TKNO3F,7
TOTSG410,7
TOTSG443,7
TOTSH44,7
TOTSR440,7
TOTSS433,7
TTEN3T,7
TTENT130,7
TTENT135,7
TUPYU160,7
UGPA3T,7
UGPAG165,7
UGPAI195,7
UGPAI200,7
UGPAS180,7
UGPAT181,7
USIMG390,7
USIMG395,7
USIMG520,7
USIMG540,7
USIMH10,7
USIMH350,7
USIMH360,7
USIMH385,7
USIMH400W1,7
USIMH420W1,7
USIMH440W2,7
USIMH450W2,7
USIMH460W2,7
USIMH480W1,7
USIMI447,7
USIMI492,7
USIML519,7
USIMS420W2,7
USIMS430W2,7
USIMS610,7
USIMS630,7
USIMS700,7
USIMT390W1,7
USIMT420W2,7
USIMT820,7
USIMT920,7
USIMU367,7
USIMU467,7
USIMV522,7
VALEF110,7
VALEF540,7
VALEF60,7
VALEG454,7
VALEG484,7
VALEG500W4,7
VALEG665,7
VALEG694,7
VALEH481,7
VALEH489,7
VALEH520W2,7
VALEH530W2,7
VALEH540W2,7
VALEH699,7
VALEI483,7
VALEI508,7
VALEI693,7
VALEI703,7
VALEJ514,7
VALEL1,7
VALEL74,7
VALEL872,7
VALES436,7
VALES485W4,7
VALES487W2,7
VALES497W2,7
VALES510W2,7
VALES610W4,7
VALES620W4,7
VALES660W4,7
VALES669,7
VALES684,7
VALET398,7
VALET405,7
VALET495W2,7
VALET610W1,7
VALEU448,7
VALEU456,7
VALEU633,7
VALEU648,7
VALEU663,7
VALEX419,7
VALEX590,7
VAMOG420,7
VAMOG520,7
VAMOG560,7
VAMOI410,7
VAMOS430,7
VBBRG197,7
VBBRG215,7
VBBRG225,7
VBBRG237,7
VBBRH263,7
VBBRI213,7
VBBRI215,7
VBBRK234,7
VBBRS190,7
VBBRS23,7
VBBRT170,7
VBBRT178,7
VBBRT224,7
VBBRT228,7
VBBRT230,7
VBBRU185,7
VBBRU195,7
VFCO34,7
VIVAG276,7
VIVAH299,7
VIVAI258,7
VIVAI268,7
VIVAT1,7
VIVAT232,7
VIVAT247,7
VIVAT261,7
VIVTG330,7
VIVTG334,7
VIVTG575,7
VIVTH292,7
VIVTT282,7
VIVTU316,7
VLIDS251,7
VLIDT225,7
VLIDT237,7
VULCG216,7
VULCH216,7
W2ST34,7
WEGEG395,7
WEGEG420W2,7
WEGEG430W2,7
WEGEG435W2,7
WEGEG440W2,7
WEGEG460W4,7
WEGEG463,7
WEGEG468,7
WEGEG473,7
WEGEH355,7
WEGEH365,7
WEGEH390W1,7
WEGEH395W2,7
WEGEH425W1,7
WEGEH430W1,7
WEGEH450W2,7
WEGEH455W1,7
WEGEI348,7
WEGEI358,7
WEGEI378,7
WEGEI381,7
WEGEI383,7
WEGEI386,7
WEGEI388,7
WEGEI393,7
WEGEI403,7
WEGEI448,7
WEGEJ630,7
WEGEK562,7
WEGER448,7
WEGES378,7
WEGES380,7
WEGES450W4,7
WEGES461,7
WEGES471,7
WEGES473,7
WEGES546,7
WEGET395W2,7
WEGET405W1,7
WEGET420W2,7
WEGET425W1,7
WEGET488,7
WEGET493,7
WEGET516,7
WEGEU333,7
WEGEU341,7
WEGEU346,7
WEGEU348,7
WEGEU353,7
WEGEU358,7
WEGEU361,7
WEGEU448,7
WEGEV365,7
WEGEW419,7
WIZCH733,7
YDUQG141,7
YDUQG145,7
YDUQG185,7
YDUQH195,7
YDUQH204,7
YDUQI125,7
YDUQI130,7
YDUQI165,7
YDUQS140,7
YDUQS185,7
YDUQT175,7
ZIFI11,7
A1JG34,6
A1LN34,6
ABCBG215,6
ABCBG222,6
ABCBG240,6
ABCBI235,6
ABCBI240,6
ABCBS217,6
ABCBT225,6
ABCBV206,6
ABEVG130W2,6
ABEVG154,6
ABEVH111,6
ABEVH120,6
ABEVH125W1,6
ABEVH130W2,6
ABEVH145W2,6
ABEVT135W2,6
ABEVT163,6
ABEVT17,6
ABEVT171,6
ABEVV127,6
AGROH210,6
ALOSG239,6
ALPAH931,6
ALPAS920,6
ALUP11T,6
ALUPG317,6
ALUPI300,6
ALUPI315,6
AMER11F,6
ANIMG405,6
ANIMS385,6
ANIMT405,6
ASAIG960,6
ASAII10,6
ASAII979,6
ASAIS112,6
ASAIT102,6
ASAIT115,6
ASAIU849,6
ASAIU879,6
AUREG900,6
AUREH984,6
AURET974,6
AZTE1,6
AZTE1F,6
AZULD40,6
AZULE25,6
AZULG120,6
AZULG600,6
AZULH125,6
AZULH135,6
AZULH149,6
AZULI140,6
AZULJ149,6
AZULR500,6
AZULS140,6
AZULS190,6
AZULS245,6
AZULS385,6
AZULS710,6
AZULT110,6
AZULT120,6
AZULT280,6
AZULT470,6
AZULU110,6
AZULV700,6
AZULV99,6
AZZAG365,6
AZZAG380,6
AZZAG42,6
AZZAG420,6
AZZAG44,6
AZZAG445,6
AZZAG455,6
AZZAH340,6
AZZAH347,6
AZZAH435,6
AZZAS287,6
AZZAS305,6
AZZAS425,6
AZZAT357,6
AZZAT367,6
AZZAU360,6
B1ME34,6
B3SAG102,6
B3SAG170,6
B3SAH140W4,6
B3SAH150W1,6
B3SAH178,6
B3SAH980,6
B3SAI104,6
B3SAI106,6
B3SAI112,6
B3SAI174,6
B3SAI176,6
B3SAJ137,6
B3SAL144,6
B3SAT120W1,6
B3SAT125W4,6
B3SAT145W2,6
B3SAT167,6
B3SAV117,6
B3SAX141,6
BBASA281,6
BBASG156,6
BBASG176,6
BBASG186,6
BBASG205W2,6
BBASG243W4,6
BBASH149,6
BBASH156,6
BBASH190W2,6
BBASH208W4,6
BBASH225W4,6
BBASH240W1,6
BBASH266,6
BBASI160,6
BBASI174,6
BBASI297,6
BBASI307,6
BBASI360,6
BBASJ205,6
BBASJ210,6
BBASJ231,6
BBASJ280,6
BBASK242,6
BBASK252,6
BBASK365,6
BBASL21,6
BBASL281,6
BBASM261,6
BBASQ243,6
BBASQ273,6
BBASQ274,6
BBASR270,6
BBASS198,6
BBASS265W2,6
BBAST136,6
BBAST170W2,6
BBAST180W5,6
BBAST210W4,6
BBAST218W4,6
BBAST266,6
BBASU140,6
BBASU150,6
BBASU154,6
BBASV256,6
BBASV300,6
BBASW206,6
BBASW260,6
BBASW365,6
BBASW375,6
BBASX281,6
BBASX301,6
BBDCB133,6
BBDCC19,6
BBDCD150,6
BBDCD342,6
BBDCG104,6
BBDCG150W2,6
BBDCH112,6
BBDCH170W4,6
BBDCH171,6
BBDCH173,6
BBDCH175W4,6
BBDCH180W2,6
BBDCH213,6
BBDCI105,6
BBDCI122,6
BBDCI205,6
BBDCJ160,6
BBDCJ17,6
BBDCJ3,6
BBDCK127,6
BBDCK139,6
BBDCL190,6
BBDCL200,6
BBDCP140,6
BBDCR180,6
BBDCS160W2,6
BBDCS182W2,6
BBDCT123,6
BBDCT140W2,6
BBDCT145W2,6
BBDCT150W5,6
BBDCT193,6
BBDCT200,6
BBDCT205,6
BBDCU125,6
BBDCU181,6
BBDCX159,6
BBDCX160,6
BBSEG322,6
BBSEG394,6
BBSEG397,6
BBSEG402,6
BBSEH412,6
BBSEI325,6
BBSEI328,6
BBSEI408,6
BBSEJ347,6
BBSEJ394,6
BBSEK260,6
BBSEO380,6
BBSES332,6
BBSET297,6
BBSET407,6
BBSET412,6
BBSEU303,6
BBSEU400,6
BBSEV317,6
BBSEV322,6
BBSEV347,6
BBSEW339,6
BBSEX307,6
BBYY34,6
BEEFG580W4,6
BEEFG601,6
BEEFH105,6
BEEFH471,6
BEEFI531,6
BEEFJ601,6
BEEFJ701,6
BEEFJ720,6
BEEFL660,6
BEEFL670,6
BEEFS466,6
BEEFS520W2,6
BEEFS601,6
BEEFS760,6
BEEFT741,6
BEEFU456,6
BEEFU541,6
BEEFU551,6
BEEFU601,6
BEEFV511,6
BFNX39,6
BHIAG540,6
BHIAG600,6
BHIAI100,6
BHIAS440,6
BHIAT115,6
BHIAU190,6
BHIAW300,6
BIOM14,6
BLAUH165,6
BLPA39,6
BLPX39,6
BMGBU345,6
BOEF39,6
BOVAA10,6
BOVAA127,6
BOVAA134,6
BOVAD14,6
BOVAF149,6
BOVAG104,6
BOVAG108,6
BOVAG11,6
BOVAG116W2,6
BOVAG17,6
BOVAG700,6
BOVAG9,6
BOVAH116W2,6
BOVAH123W2,6
BOVAH125W2,6
BOVAH141W2,6
BOVAH146W2,6
BOVAH15,6
BOVAH167,6
BOVAH5,6
BOVAH7,6
BOVAI141W1,6
BOVAI505,6
BOVAJ19,6
BOVAJ26,6
BOVAJ41,6
BOVAK123,6
BOVAK124,6
BOVAL100,6
BOVAL169,6
BOVAL17,6
BOVAL23,6
BOVAM140,6
BOVAN118,6
BOVAN150,6
BOVAP7,6
BOVAQ132,6
BOVAS100,6
BOVAS124W2,6
BOVAS146W4,6
BOVAS411,6
BOVAT118W2,6
BOVAT120W4,6
BOVAT131W4,6
BOVAT134W4,6
BOVAT137W2,6
BOVAT140W2,6
BOVAT146W1,6
BOVAT900,6
BOVAU133W1,6
BOVAU19,6
BOVAU910,6
BOVAU945,6
BOVAV21,6
BOVAV9,6
BOVAX10,6
BOVVI127,6
BPACG343,6
BPACG366,6
BPACG395W2,6
BPACG405W4,6
BPACG420W2,6
BPACG430W2,6
BPACG441,6
BPACG446,6
BPACG451,6
BPACH32,6
BPACH374,6
BPACH385W1,6
BPACI370,6
BPACI435,6
BPACI442,6
BPACI447,6
BPACI467,6
BPACI470,6
BPACI480,6
BPACP370,6
BPACS380W4,6
BPACS400W2,6
BPACS433,6
BPACS436,6
BPACT339,6
BPACT341,6
BPACT344,6
BPACT346,6
BPACT365W1,6
BPACT370W1,6
BPACT390W2,6
BPACT395W2,6
BPACU352,6
BPACU415,6
BPACU427,6
BPACW410,6
BPACX332,6
BPANH840,6
BPANI900,6
BPANS799,6
BRAPH190,6
BRAPJ185,6
BRAPS200,6
BRAPU147,6
BRAPW160,6
BRAVG232,6
BRAVH210W1,6
BRAVH210W2,6
BRAVH236,6
BRAVH238,6
BRAVI237,6
BRAVK230,6
BRAVM160,6
BRAVR170,6
BRAVS270,6
BRAVS427,6
BRAVT180W1,6
BRAVT190W2,6
BRAVT195W1,6
BRAVT195W2,6
BRAVT226,6
BRAVT228,6
BRAVT248,6
BRAVU157,6
BRAVU167,6
BRAVU220,6
BRAVU230,6
BRAVV145,6
BRFSG180,6
BRFSG194,6
BRFSG196,6
BRFSG246,6
BRFSH262,6
BRFSI195,6
BRFSI222,6
BRFSI250,6
BRFSI255,6
BRFST265,6
BRFSU220,6
BRKM6,6
BRKMG122,6
BRKMG880,6
BRKMH127,6
BRKMH160,6
BRKMI840,6
BRKMS112,6
BRKMS125,6
BRKMS130,6
BRKMS150,6
BRKMS200,6
BRKMT117,6
BRKMT122,6
BRKMT142,6
BRKMT147,6
BRKMT160,6
BRKMT175,6
BRKMT230,6
BRKMT250,6
BRKMU820,6
BRKMU900,6
BRSRF1,6
BRSRG123,6
BRSRG128,6
BRSRH129,6
BRSRS113,6
BSUS39,6
C1CI34,6
C1IC34,6
C1OG34,6
C1OO34,6
C1TA34,6
CASH14,6
CASH15,6
CASHG100,6
CASHG340,6
CASHI105,6
CASHI125,6
CASHI620,6
CASHI680,6
CASHI720,6
CASHI820,6
CASHT860,6
CASHU720,6
CASHU760,6
CASHV500,6
CBAVH470,6
CBAVI460,6
CBAVI500,6
CBAVI610,6
CBAVT440,6
CBAVU400,6
CEABG164,6
CEABG199,6
CEABG204,6
CEABI198,6
CEABS189,6
CEABS194,6
CEABT165,6
CEDO3F,6
CMIGG102,6
CMIGG105,6
CMIGG12,6
CMIGG954,6
CMIGH137,6
CMIGH145,6
CMIGS128,6
CMIGU946,6
CMIGW114,6
CMIGX109,6
CMIGX2,6
CMING49,6
CMINL517,6
CMINM500,6
CMINQ500,6
CMINU560,6
CMINV504,6
COCE3,6
COGNB40,6
COGNB50,6
COGNG1,6
COGNG205,6
COGNG210,6
COGNG245,6
COGNG280W2,6
COGNG280W4,6
COGNG318,6
COGNG340,6
COGNG350,6
COGNH148,6
COGNH178,6
COGNH183,6
COGNH193,6
COGNH208,6
COGNH260W2,6
COGNH365,6
COGNI228,6
COGNI253,6
COGNI258,6
COGNI328,6
COGNK300,6
COGNS14,6
COGNS245,6
COGNS248,6
COGNS249,6
COGNS420,6
COGNT120,6
COGNT205,6
COGNT483,6
COGNU298,6
COGNU363,6
CPFEG425,6
CPFEH42,6
CPFEI397,6
CPFEI412,6
CPFEI417,6
CPFES425,6
CPFEU377,6
CPLEG103,6
CPLEG105,6
CPLEG115,6
CPLEG133,6
CPLEH103,6
CPLEH138,6
CPLEH139,6
CPLEH941,6
CPLEI111,6
CPLEL932,6
CPLET128,6
CSANG600W4,6
CSANG630,6
CSANG720W4,6
CSANG850,6
CSANG880,6
CSANH640W1,6
CSANH835,6
CSANI585,6
CSANS100,6
CSANS13,6
CSANS142,6
CSANS200,6
CSANS580W4,6
CSANS860,6
CSANS870,6
CSANS930,6
CSANS970,6
CSANT105,6
CSANT138,6
CSANU117,6
CSANU525,6
CSANU645,6
CSANU665,6
CSANU685,6
CSANU825,6
CSMGG221,6
CSMGG230,6
CSMGG293,6
CSMGG296,6
CSMGH240,6
CSMGH252,6
CSMGH262,6
CSMGH315,6
CSMGI255,6
CSMGI265,6
CSMGI295,6
CSMGS253,6
CSMGS268,6
CSMGT247,6
CSMGT280,6
CSMGT290,6
CSNAF681,6
CSNAG760W2,6
CSNAG780W2,6
CSNAG800W4,6
CSNAG950,6
CSNAH880W2,6
CSNAH920W1,6
CSNAI110,6
CSNAN927,6
CSNAS120,6
CSNAS125,6
CSNAS900W4,6
CSNAT599,6
CSNAT619,6
CSNAT720W1,6
CSNAT820W1,6
CSNAU639,6
CSNAU800,6
CSNAU919,6
CSNAW809,6
CTKA4F,6
CURYG303,6
CURYH298,6
CVCBG215,6
CVCBG270,6
CVCBI235,6
CVCBI290,6
CVCBI299,6
CVCBS210,6
CVCBS260,6
CVCBT260,6
CVCBT280,6
CVCBT349,6
CVCBT820,6
CVCBU330,6
CXSEC200,6
CXSED135,6
CXSED5,6
CXSEG145,6
CXSEP1,6
CXSES139,6
CXSET157,6
CXSEV13,6
CXSEV149,6
CXSEW140,6
CXSEX137,6
CYLD11,6
CYRE3T,6
CYREG200,6
CYREG205,6
CYREG225,6
CYREG237,6
CYREG247,6
CYREG305,6
CYREH214,6
CYREH309,6
CYREI319,6
CYRES242,6
CYREU214,6
CYREU229,6
DIRRI420,6
DIRRS407,6
DOHL3F,6
DVAI34,6
DXCOH589,6
DXCOH600,6
DXCOH629,6
ECORG650,6
ECORG800,6
ECORI680,6
ECORI760,6
ECORI780,6
ECORS660,6
ECORT720,6
EGIEG393,6
EGIEH396,6
EGIEI401,6
EGIEI406,6
EGIEI418,6
EGIES460,6
EGIET352,6
EGIEU393,6
ELET6T,6
ELETG423,6
ELETG438,6
ELETG466,6
ELETG474,6
ELETG475,6
ELETG479,6
ELETH382,6
ELETH460,6
ELETI455,6
ELETI465,6
ELETI467,6
ELETI477,6
ELETI496,6
ELETS378,6
ELETS383,6
ELETS419,6
ELETS434,6
ELETS440,6
ELETS443,6
ELETS459,6
ELETT356,6
ELETT378,6
ELETT435,6
ELETU378,6
ELETU383,6
ELETU385,6
ELETU393,6
ELETU408,6
ELETU410,6
EMBRG560,6
EMBRG680,6
EMBRG680W4,6
EMBRG710W4,6
EMBRG740W2,6
EMBRG750W2,6
EMBRG830W2,6
EMBRG840W2,6
EMBRH640,6
EMBRH650W1,6
EMBRH660W1,6
EMBRH680W2,6
EMBRH690W2,6
EMBRH800W2,6
EMBRH850W2,6
EMBRH944,6
EMBRI121,6
EMBRI644,6
EMBRI664,6
EMBRI950,6
EMBRS605,6
EMBRS61,6
EMBRS680W2,6
EMBRS710W2,6
EMBRT550W2,6
EMBRT600W2,6
EMBRT610W2,6
EMBRT650W2,6
EMBRT750W1,6
EMBRT770W2,6
EMBRU484,6
EMBRU694,6
EMBRU764,6
EMBRU769,6
EMBRU794,6
EMBRV590,6
ENEVG137,6
ENEVH147,6
ENEVI130,6
ENEVS142,6
ENGI11T,6
ENGIG461,6
ENGIG481,6
ENGIG490,6
ENGIH488,6
ENGIH491,6
ENGII461,6
ENGIS465,6
ENGIS486,6
ENGIT458,6
EQTLG360,6
EQTLG365,6
EQTLG387,6
EQTLI355,6
EQTLI378,6
EQTLI380,6
EQTLI398,6
EQTLT312,6
EQTLU330,6
EQTLU340,6
EQTLU342,6
ESTR4,6
EZTCH158,6
EZTCI134,6
EZTCI149,6
EZTCJ142,6
EZTCS135,6
EZTCS143,6
EZTCS150,6
F1NI34,6
FDXB34,6
FESAL800,6
FLRYI133,6
FLRYI141,6
FLRYS117,6
FLRYU141,6
FLRYU148,6
FMOF11,6
G1PI34,6
G1RM34,6
G1WW34,6
GCOI11,6
GFSAG140,6
GFSAK30,6
GFSAS90,6
GFSAU100,6
GGBRG151,6
GGBRG160W2,6
GGBRG188,6
GGBRI158,6
GGBRS186,6
GGBRT155W1,6
GGBRT170W2,6
GGBRU143,6
GGBRU183,6
GGBRU188,6
GGBRU191,6
GGBRX16,6
GGBRX177,6
GLCR11,6
GMATH815,6
GMATH835,6
GOAUA10,6
GOAUA108,6
GOAUH807,6
GOAUJ105,6
GOAUJ967,6
GOAUS985,6
GOAUT747,6
GOAUT787,6
GOAUT977,6
GOAUU105,6
GOAUU110,6
GOAUU787,6
GOAUU967,6
GOAUV907,6
GOAUV967,6
GOLLL104,6
GRNDS516,6
GUART720,6
H1AS34,6
H1II34,6
H1ST34,6
H2TA34,6
HAPVG32,6
HAPVG354,6
HAPVG360,6
HAPVG37,6
HAPVH340W1,6
HAPVH420,6
HAPVH485,6
HAPVH495,6
HAPVI307,6
HAPVI31,6
HAPVI314,6
HAPVI34,6
HAPVI345,6
HAPVI382,6
HAPVI397,6
HAPVI402,6
HAPVS230W2,6
HAPVS245,6
HAPVS255,6
HAPVS275,6
HAPVS280,6
HAPVS314,6
HAPVS344,6
HAPVS37,6
HAPVT23,6
HAPVT25,6
HAPVT325W1,6
HAPVT354,6
HAPVU24,6
HAPVU252,6
HAPVU29,6
HAPVU31,6
HAPVU347,6
HBORH250,6
HBORS200,6
HBORT175,6
HBORT210,6
HBTS5,6
HONB34,6
HYPEG240,6
HYPEG260,6
HYPEG264,6
HYPEG265,6
HYPEH246,6
HYPEH247,6
HYPEI266,6
HYPEI307,6
HYPET237,6
HYPET290,6
HYPEU217,6
I1BN34,6
I1PC34,6
IBOVG135,6
IBOVG135W4,6
IBOVG136W4,6
IBOVG136W5,6
IBOVG140W2,6
IBOVH128,6
IBOVJ139,6
IBOVJ144,6
IBOVK141,6
IBOVL145,6
IBOVQ124,6
IBOVQ126,6
IBOVQ148,6
IBOVQ150,6
IBOVS133W5,6
IBOVS136W4,6
IBOVS140W2,6
IBOVT122,6
IBOVT124,6
IBOVT133W1,6
IBOVT144,6
IBOVV126,6
IBOVV134,6
IBOVV136,6
IGTIG218,6
IGTIH215,6
IGTII227,6
IGTIT200,6
IGTIT225,6
IGTIU202,6
IGTIU222,6
INTBH159,6
INTBH162,6
INTBH170,6
INTBI152,6
IRBRB50,6
IRBRF400,6
IRBRG430,6
IRBRG472,6
IRBRG485,6
IRBRG490,6
IRBRG505,6
IRBRG560,6
IRBRH425,6
IRBRI585,6
IRBRS345,6
IRBRS462,6
IRBRS530,6
IRBRS540,6
IRBRU150,6
IRBRU437,6
IRBRU457,6
IRBRV395,6
IRBRV490,6
IRBRX470,6
IRDM11T,6
ISAEC244,6
ISAEI221,6
ISAES219,6
ISAET206,6
ISAET211,6
ITSAA11,6
ITSAE190,6
ITSAG105W2,6
ITSAG900,6
ITSAH817,6
ITSAH99,6
ITSAI900,6
ITSAI942,6
ITSAJ975,6
ITSAL105,6
ITSAL89,6
ITSAL945,6
ITSAN110,6
ITSAS105W2,6
ITSAS133,6
ITSAV100,6
ITSAW102,6
ITSAX904,6
ITUBE385,6
ITUBG251,6
ITUBG271,6
ITUBG286,6
ITUBG306,6
ITUBG315,6
ITUBG335W4,6
ITUBG364W2,6
ITUBG365W2,6
ITUBH271,6
ITUBH281,6
ITUBH320W1,6
ITUBH340W2,6
ITUBH342W1,6
ITUBH350W2,6
ITUBH385W4,6
ITUBH455,6
ITUBI276,6
ITUBI356,6
ITUBI359,6
ITUBJ296,6
ITUBL350,6
ITUBL360,6
ITUBR36,6
ITUBR367,6
ITUBS339W4,6
ITUBS340W4,6
ITUBS378,6
ITUBS410,6
ITUBT320W1,6
ITUBT342W1,6
ITUBT35,6
ITUBT350W4,6
ITUBT423,6
ITUBU329,6
ITUBU341,6
ITUBU352,6
ITUBU424,6
ITUBV346,6
ITUBW329,6
ITUBW352,6
ITUBX327,6
JBSSG795,6
JBSSG805,6
JBSSG820,6
JBSSG845,6
JBSSG892,6
JBSSG907,6
JBSSG939,6
JBSSG947,6
JBSSH610,6
JBSSH937,6
JBSSS820,6
JBSSS855,6
JBSSS902,6
JBSSS960,6
JBSSS977,6
JBSSS985,6
JBSST737,6
JBSST905,6
JBSST982,6
JBSSU975,6
JHSFG450,6
JHSFH350,6
JHSFI560,6
JHSFT470,6
KEPLH730,6
KEPLT710,6
KEVE11,6
KLBNB219,6
KLBNL220,6
KLBNS215,6
KLBNT213,6
KLBNU167,6
KLBNU197,6
KMBB34,6
KNHY12,6
KNUQ12,6
L1VS34,6
L1YV34,6
LEVEG315,6
LEVEH290,6
LEVET275,6
LEVET290,6
LJQQG280,6
LRENG130,6
LRENG158,6
LRENG17,6
LRENG200W4,6
LRENH134,6
LRENH175W2,6
LRENH180W1,6
LRENH185W2,6
LRENH223,6
LRENI156,6
LRENI158,6
LRENI222,6
LRENJ230,6
LRENM169,6
LRENQ270,6
LRENS153,6
LRENS165W4,6
LRENS170,6
LRENS170W4,6
LRENT190W1,6
LRENT193,6
LRENT212,6
LRENT217,6
LRENV161,6
LRENX152,6
LWSAG435,6
LWSAG460,6
LWSAH330,6
LWSAI350,6
LWSAI360,6
LWSAS360,6
LWSAS365,6
LWSAT335,6
MDIAH265,6
MDIAH270,6
MDIAH274,6
MDIAT240,6
MGLUC13,6
MGLUG110W2,6
MGLUG124,6
MGLUG280,6
MGLUG480,6
MGLUG590,6
MGLUG630,6
MGLUG650,6
MGLUG860W2,6
MGLUG980W2,6
MGLUH154,6
MGLUH609,6
MGLUH760W2,6
MGLUH860W2,6
MGLUH880W1,6
MGLUH880W2,6
MGLUI140,6
MGLUI589,6
MGLUI649,6
MGLUI689,6
MGLUI710,6
MGLUJ109,6
MGLUJ124,6
MGLUJ131,6
MGLUJ799,6
MGLUJ889,6
MGLUJ899,6
MGLUJ909,6
MGLUS110W2,6
MGLUS134,6
MGLUS154,6
MGLUS159,6
MGLUS194,6
MGLUS780W2,6
MGLUS960W4,6
MGLUS980W2,6
MGLUT123,6
MGLUT140,6
MGLUT154,6
MGLUT163,6
MGLUT178,6
MGLUT189,6
MGLUT198,6
MGLUT213,6
MGLUT239,6
MGLUT549,6
MGLUU103,6
MGLUU399,6
MGLUU539,6
MGLUU549,6
MGLUU969,6
MGLUV949,6
MILSH118,6
MOTVG150,6
MOTVH140,6
MOTVS137,6
MOVIH900,6
MOVII660,6
MOVII780,6
MOVIS938,6
MOVIT560,6
MOVIT570,6
MOVIT59,6
MOVIT670,6
MOVIT740,6
MRFGH152,6
MRFGI265,6
MRFGI275,6
MRFGI305,6
MRFGS247,6
MRFGS260,6
MRFGT162,6
MRFGT175,6
MRFGU160,6
MRFGU185,6
MRVEG570,6
MRVEG730,6
MRVEI540,6
MRVET120,6
MRVEV600,6
MRVEX490,6
MULTG283,6
MULTH233,6
MULTS268,6
MXRF11T,6
MYPK3T,6
MYPKG130,6
NATUH122,6
NATUI125,6
NATUI940,6
NATUS130,6
NATUS135,6
NATUS145,6
NATUS950,6
NATUT135,6
NATUT890,6
NEOEG266,6
NEOEH237,6
NEOEH242,6
NEOEH262,6
NEOES241,6
NEOET226,6
NEOET232,6
NEOET242,6
O1MC34,6
O1TI34,6
ODPVI115,6
ODPVI125,6
ODPVS118,6
P1SX34,6
P2EG34,6
P2ST34,6
PCARA30,6
PCARG290,6
PCARG390,6
PCARH530,6
PCARI305,6
PCARI335,6
PCARS390,6
PCART245,6
PCARU350,6
PETRA386,6
PETRB420,6
PETRD48,6
PETRE370,6
PETRG230,6
PETRG242,6
PETRG245,6
PETRG252,6
PETRG262,6
PETRG275W4,6
PETRG355W2,6
PETRG360W2,6
PETRG432,6
PETRH145,6
PETRH160,6
PETRH17,6
PETRH280W1,6
PETRH295W2,6
PETRH335W5,6
PETRH340W5,6
PETRH42,6
PETRH825,6
PETRI200,6
PETRI210,6
PETRI283,6
PETRI319,6
PETRI339,6
PETRI375,6
PETRI387,6
PETRI390,6
PETRJ201,6
PETRJ359,6
PETRJ386,6
PETRK339,6
PETRL1,6
PETRL302,6
PETRL46,6
PETRL47,6
PETRL475,6
PETRM293,6
PETRM306,6
PETRM474,6
PETRO250,6
PETRO326,6
PETRP449,6
PETRS1,6
PETRS271,6
PETRS300W2,6
PETRS385W2,6
PETRS421,6
PETRS429,6
PETRS437,6
PETRT233,6
PETRT275W2,6
PETRT319W4,6
PETRT355W2,6
PETRT365W2,6
PETRT372,6
PETRT380W1,6
PETRT44,6
PETRU218,6
PETRU24,6
PETRU25,6
PETRU285,6
PETRV253,6
PETRV343,6
PETRV457,6
PETRW277,6
PETRW312,6
PETRW327,6
PETRX275,6
PETRX435,6
PETZA700,6
PETZE500,6
PETZG300,6
PETZG346,6
PETZG461,6
PETZH316,6
PETZQ500,6
PETZS351,6
PETZS481,6
PETZS631,6
PETZS671,6
PETZT306,6
PETZT436,6
PETZT531,6
PETZT701,6
PETZT801,6
PETZT841,6
PETZV360,6
PETZV390,6
PETZX500,6
POMOH750,6
POMOJ840,6
POMOL800,6
POMOS757,6
POMOS787,6
POMOT710,6
POMOX800,6
POSID70,6
POSII433,6
POSIS453,6
POSIT420,6
POSIT483,6
POSIT500,6
POSIU423,6
PRIOG360,6
PRIOG372,6
PRIOG400W4,6
PRIOG415W4,6
PRIOG472,6
PRIOG475,6
PRIOH360,6
PRIOH420W2,6
PRIOH430W2,6
PRIOH497,6
PRIOH520,6
PRIOH530,6
PRIOI487,6
PRIOJ470,6
PRIOK439,6
PRIOM330,6
PRIOS337,6
PRIOS385W4,6
PRIOS435W2,6
PRIOS452,6
PRIOS485,6
PRIOT325,6
PRIOT395W2,6
PRIOT487,6
PRIOT500,6
PRIOU375,6
PRIOU387,6
PRIOU482,6
PRIOV370,6
PRIOV415,6
PRIOX381,6
PSSAG482,6
PSSAG540,6
PSSAH510,6
PSSAI570,6
PSSAI580,6
PSSAS510,6
PSSAT480,6
PSSAT490,6
PSSAT570,6
PSSAU510,6
QUAL3T,6
QUALG200,6
QUALG205,6
QUALI180,6
QUALR20,6
QUALS20,6
QUALS200,6
QUALS210,6
QUALT185,6
QUALT210,6
QUALU155,6
QUALU160,6
R1EG34,6
R1VT34,6
RADLH201,6
RADLI163,6
RADLU168,6
RADLU203,6
RADLV128,6
RADLV133,6
RAILG207,6
RAILT200,6
RAILU159,6
RAIZB300,6
RAIZG195,6
RAIZH130,6
RAIZQ200,6
RAIZT210,6
RAIZT280,6
RAIZT290,6
RAIZU120,6
RAIZU210,6
RAIZU280,6
RAIZV166,6
RAIZV176,6
RAIZV256,6
RANI3T,6
RANIG756,6
RANIG796,6
RANII723,6
RANII783,6
RANIS714,6
RANIS786,6
RANIU703,6
RAPTG900,6
RAPTH715,6
RAPTH735,6
RAPTH775,6
RAPTH955,6
RAPTH975,6
RAPTI775,6
RAPTS800,6
RAPTT875,6
RAPTT900,6
RAPTU715,6
RAPTU735,6
RAPTU755,6
RBRI11,6
RBTS11,6
RDORG302,6
RDORG332,6
RDORG356,6
RDORH346,6
RDORH366,6
RDORH390,6
RDORI330,6
RDORI341,6
RDORS356,6
RDORS365,6
RDORT305,6
RDORT311,6
RDORT361,6
RDORU305,6
RDORU318,6
RDORU348,6
RENTG350,6
RENTG363,6
RENTG436,6
RENTG441,6
RENTG443,6
RENTG448,6
RENTG476,6
RENTG486,6
RENTH333,6
RENTH360W1,6
RENTH483,6
RENTI351,6
RENTI374,6
RENTI396,6
RENTI433,6
RENTI444,6
RENTS350,6
RENTS355W4,6
RENTS360W4,6
RENTS375W2,6
RENTS385W4,6
RENTS395W4,6
RENTS400W4,6
RENTS42,6
RENTS441,6
RENTS443,6
RENTS446,6
RENTS470,6
RENTT291,6
RENTT301,6
RENTT355W1,6
RENTT365W1,6
RENTT441,6
RENTU334,6
RENTU336,6
RENTU391,6
RENTU410,6
RFOF11Q,6
ROMIH100,6
ROMII900,6
ROMIS895,6
ROMIU825,6
S1MF34,6
SANB11T,6
SANBG249,6
SANBG259,6
SANBG328,6
SANBT226,6
SAPRD340,6
SAPRG310,6
SAPRG379,6
SAPRG390,6
SAPRI325,6
SAPRS345,6
SAPRT383,6
SBFGG125,6
SBFGG130,6
SBFGH137,6
SBSP3T,6
SBSPB110,6
SBSPH108,6
SBSPH129,6
SBSPH945,6
SBSPI106,6
SBSPI123,6
SBSPI124,6
SBSPI125,6
SBSPJ125,6
SBSPN980,6
SBSPS106,6
SBSPT900,6
SBSPT931,6
SBSPU103,6
SBSPU113,6
SIMHH443,6
SIMHH533,6
SIMHT100,6
SIMHT423,6
SIMHT513,6
SLCEI191,6
SLCES192,6
SLCET194,6
SMALG110W4,6
SMALG990,6
SMALI950,6
SMALJ111,6
SMALS950,6
SMALS980W4,6
SMALT108W1,6
SMALT950W1,6
SMALT980W2,6
SMALT990W1,6
SMALT990W2,6
SMALU920,6
SMFTH214,6
SMFTH248,6
SMFTI234,6
SMFTS241,6
SMFTT234,6
SMFTT238,6
SMTOG200,6
SMTOH172,6
SMTOI205,6
SMTOT155,6
SMTOU160,6
SMTOU185,6
SOJAT110,6
SOND5,6
SUZBF560,6
SUZBG482,6
SUZBG492,6
SUZBG550W4,6
SUZBG582,6
SUZBH470,6
SUZBH490,6
SUZBH520W2,6
SUZBH590,6
SUZBL68,6
SUZBS465,6
SUZBS472,6
SUZBS475,6
SUZBS485W4,6
SUZBS490W2,6
SUZBS510W2,6
SUZBS540W2,6
SUZBS540W4,6
SUZBS567,6
SUZBS582,6
SUZBT445,6
SUZBT510W2,6
SUZBT540W1,6
SUZBT595,6
SUZBU467,6
SUZBU480,6
SUZBU485,6
SUZBU547,6
SUZBW545,6
TAEEH406,6
TAEEL375,6
TAEEM330,6
TAEES335,6
TAEEU296,6
TAEEU356,6
TAEEX340,6
TASAH511,6
TASAT511,6
TASAV569,6
TEND3T,6
TENDH243,6
TENDT203,6
TIMSG214,6
TIMSG22,6
TIMSI219,6
TIMSS204,6
TIMSS229,6
TIMSU193,6
TIMSU199,6
TKNO4,6
TOTSE430,6
TOTSG426,6
TOTSH441,6
TOTSI431,6
TOTSI451,6
TOTSS403,6
TOTST425,6
TPRY34,6
TRISG720,6
TTENT139,6
TUPYT155,6
TXRX3F,6
UGPAB16,6
UGPAH194,6
UGPAT139,6
UGPAU140,6
UNIPH592,6
USIMB478,6
USIME800,6
USIMG410W2,6
USIMG430W2,6
USIMG550,6
USIMG560,6
USIMH400W2,6
USIMH430W2,6
USIMH460W1,6
USIMH470W1,6
USIMI392,6
USIMI397,6
USIML399,6
USIMO500,6
USIMP400,6
USIMS385,6
USIMS400W4,6
USIMS410W2,6
USIMS450W4,6
USIMS620,6
USIMT130,6
USIMT305,6
USIMT325,6
USIMT370W2,6
USIMT430W2,6
USIMT440W1,6
USIMT620,6
USIMU347,6
USIMU462,6
USIMU487,6
USIMU522,6
USIMU532,6
USIMU542,6
USIMU582,6
USIMV402,6
USIMV407,6
VALEA580,6
VALEA710,6
VALEA780,6
VALEE637,6
VALEG439,6
VALEG445,6
VALEG456,6
VALEG492,6
VALEG595W2,6
VALEH476,6
VALEH620W1,6
VALEI496,6
VALEJ494,6
VALEJ540,6
VALEJ680,6
VALEJ685,6
VALEL560,6
VALEN398,6
VALES426,6
VALES439,6
VALES444,6
VALES445,6
VALES482W2,6
VALES585W2,6
VALES595W2,6
VALES679,6
VALES719,6
VALET403,6
VALET408,6
VALET436,6
VALET439,6
VALET455W1,6
VALET480W2,6
VALET590W2,6
VALET600W2,6
VALET715,6
VALEU406,6
VALEU443,6
VALEU453,6
VALEU643,6
VALEV534,6
VALEV554,6
VALEW516,6
VALEW546,6
VALEW551,6
VAMOF50,6
VAMOG500,6
VAMOG540,6
VAMOH370,6
VAMOI390,6
VAMOP500,6
VAMOT490,6
VAMOU370,6
VAMOV350,6
VAMOX500,6
VBBRG18,6
VBBRG19,6
VBBRG242,6
VBBRI210,6
VBBRI223,6
VBBRT173,6
VBBRU198,6
VBBRV207,6
VBBRW180,6
VIVAG258,6
VIVAG261,6
VIVAG266,6
VIVAG270,6
VIVAH271,6
VIVAI263,6
VIVAS253,6
VIVAS263,6
VIVAT23,6
VIVAT266,6
VIVAT271,6
VIVAU243,6
VIVAU248,6
VIVT3T,6
VIVTI306,6
VIVTI316,6
VIVTI322,6
VIVTS284,6
VIVTS294,6
VIVTS299,6
VIVTS324,6
VIVTU286,6
VLIDH225,6
VLIDH250,6
VLIDT235,6
VLIDT240,6
VTLT11Q,6
VULCH191,6
VULCT191,6
W2OL34,6
WATC34,6
WEGEB400,6
WEGEG38,6
WEGEG445W2,6
WEGEG458,6
WEGEG466,6
WEGEG51,6
WEGEH350,6
WEGEH363,6
WEGEH368,6
WEGEH375W1,6
WEGEH380W1,6
WEGEH385W1,6
WEGEH385W2,6
WEGEH420W4,6
WEGEH440W1,6
WEGEH460W2,6
WEGEH488,6
WEGEH511,6
WEGEI361,6
WEGEI363,6
WEGEI366,6
WEGEI376,6
WEGEI463,6
WEGEI481,6
WEGEI487,6
WEGEK366,6
WEGEK400,6
WEGEK415,6
WEGEL365,6
WEGEL380,6
WEGES375,6
WEGES415W2,6
WEGES458,6
WEGES466,6
WEGES486,6
WEGES506,6
WEGES520,6
WEGES545,6
WEGET310,6
WEGET375W1,6
WEGET430W1,6
WEGET506,6
WEGET576,6
WEGET715,6
WEGEU323,6
WEGEU328,6
WEGEU338,6
WEGEU436,6
WEGEU443,6
WEGEU453,6
WEGEU458,6
WEGEV357,6
WEGEV362,6
WEGEV379,6
WEGEW384,6
WEGEW415,6
WIZCH713,6
WIZCI835,6
WIZCT673,6
YDUQG166,6
YDUQH199,6
YDUQI155,6
A1ME34,5
A1PD34,5
A1PP34,5
ABCB4T,5
ABCBG212,5
ABCBG230,5
ABCBG245,5
ABCBI24,5
ABCBS227,5
ABEVA110,5
ABEVG101,5
ABEVG140W2,5
ABEVG145W4,5
ABEVG151,5
ABEVH101,5
ABEVH140W2,5
ABEVH150W1,5
ABEVH168,5
ABEVH997,5
ABEVI116,5
ABEVI119,5
ABEVI154,5
ABEVJ139,5
ABEVJ149,5
ABEVL131,5
ABEVL14,5
ABEVM163,5
ABEVS120,5
ABEVS140W2,5
ABEVS166,5
ABEVS169,5
ABEVT106,5
ABEVT125W2,5
ABEVT158,5
ABEVT178,5
ABEVT18,5
ABEVU119,5
ABEVU144,5
ABEVU147,5
ABEVV139,5
ABEVX129,5
ABEVX17,5
ALOSG199,5
ALOSS203,5
ALOST227,5
ALOSV218,5
ALPAH831,5
ALPAH851,5
ALPAI871,5
ALUPG307,5
ALUPG312,5
ALUPS307,5
ALUPT295,5
AMBPT110,5
ANIMH390,5
ANIMH445,5
ANIMH465,5
ASAIG117,5
ASAIG120,5
ASAIG125,5
ASAII939,5
ASAIS120,5
ASAIT910,5
ASAIT990,5
AUREH913,5
AUREH944,5
AUREI954,5
AURES900,5
AURET844,5
AURET954,5
AZULH50,5
AZULI130,5
AZULJ700,5
AZULS20,5
AZULS220,5
AZULS340,5
AZULS395,5
AZULS780,5
AZULS960,5
AZULT210,5
AZULT235,5
AZULT335,5
AZULT550,5
AZULU120,5
AZULU225,5
AZZAG312,5
AZZAG360,5
AZZAG450,5
AZZAH367,5
AZZAH425,5
AZZAI360,5
AZZAI370,5
AZZAI375,5
AZZAI422,5
AZZAI562,5
AZZAL45,5
AZZAS355,5
AZZAS41,5
AZZAT270,5
AZZAT342,5
AZZAT365,5
AZZAT420,5
AZZAU317,5
B1BW34,5
B2LN34,5
B3SAB109,5
B3SAD185,5
B3SAD936,5
B3SAG155W2,5
B3SAG160W2,5
B3SAG978,5
B3SAH174,5
B3SAI169,5
B3SAI171,5
B3SAJ158,5
B3SAK138,5
B3SAL299,5
B3SAM12,5
B3SAN121,5
B3SAR129,5
B3SAS117,5
B3SAS120W4,5
B3SAS161,5
B3SAS170,5
B3SAS176,5
B3SAS179,5
B3SAS180,5
B3SAT169,5
B3SAU106,5
B3SAU151,5
B3SAU939,5
B3SAV119,5
B3SAV129,5
B3SAX151,5
BBASA261,5
BBASA276,5
BBASC197,5
BBASG151,5
BBASG159,5
BBASG179,5
BBASG290,5
BBASH151,5
BBASH169,5
BBASH220W5,5
BBASH225W5,5
BBASH233,5
BBASH233W4,5
BBASH240W5,5
BBASH245W1,5
BBASH245W2,5
BBASH276,5
BBASH299,5
BBASI169,5
BBASI179,5
BBASI292,5
BBASJ188,5
BBASJ201,5
BBASJ236,5
BBASJ261,5
BBASL151,5
BBASL270,5
BBASM25,5
BBASN270,5
BBASO220,5
BBASR60,5
BBASS174,5
BBASS176,5
BBASS200W2,5
BBASS271W4,5
BBASS299W4,5
BBAST165W1,5
BBAST200W5,5
BBAST215W4,5
BBAST220W4,5
BBAST228W4,5
BBAST235W1,5
BBAST235W4,5
BBAST255W1,5
BBAST260W2,5
BBAST290,5
BBASU27,5
BBASU290,5
BBASV172,5
BBASV210,5
BBASV246,5
BBASV271,5
BBASW171,5
BBASW245,5
BBASX151,5
BBASX299,5
BBDCD3,5
BBDCE900,5
BBDCG10,5
BBDCG124,5
BBDCG132W4,5
BBDCG137W2,5
BBDCG142W4,5
BBDCG147W4,5
BBDCG156,5
BBDCG17,5
BBDCG177W2,5
BBDCG182W4,5
BBDCH119W1,5
BBDCH12,5
BBDCH139W1,5
BBDCH140W2,5
BBDCH155W2,5
BBDCH165W4,5
BBDCH208,5
BBDCI115,5
BBDCI127,5
BBDCI167,5
BBDCI206,5
BBDCI5,5
BBDCJ162,5
BBDCL134,5
BBDCL151,5
BBDCL163,5
BBDCL170,5
BBDCN13,5
BBDCN3,5
BBDCS125,5
BBDCS197W2,5
BBDCS199,5
BBDCT150W4,5
BBDCT198,5
BBDCT228,5
BBDCU12,5
BBDCU186,5
BBDCU19,5
BBDCV157,5
BBDCW136,5
BBDCX135,5
BBDCX3,5
BBSEH407,5
BBSEH414,5
BBSEH417,5
BBSEI410,5
BBSEJ352,5
BBSEK364,5
BBSEL399,5
BBSEN380,5
BBSES309,5
BBSES327,5
BBSES38,5
BBSES409,5
BBSET302,5
BBSEU298,5
BBSEU378,5
BBSEU390,5
BBSEU398,5
BBSEU403,5
BBSEW260,5
BEEFG540W2,5
BEEFG591,5
BEEFG610,5
BEEFH446,5
BEEFH520W5,5
BEEFH540W2,5
BEEFH660,5
BEEFI481,5
BEEFI496,5
BEEFI611,5
BEEFJ561,5
BEEFJ790,5
BEEFL700,5
BEEFS456,5
BEEFS525,5
BEEFS540W2,5
BEEFS600,5
BEEFS641,5
BEEFS910,5
BEEFT401,5
BEEFT500W1,5
BEEFT641,5
BEEFU621,5
BEGD39,5
BEWQ39,5
BGNO39,5
BHDV39,5
BHIAB100,5
BHIAG320W2,5
BHIAG340W2,5
BHIAG45,5
BHIAH300W1,5
BHIAH310W1,5
BHIAH320W1,5
BHIAJ100,5
BHIAS310W4,5
BHIAS520,5
BHIAS880,5
BHIAT280W2,5
BHIAT290W2,5
BHIAT354,5
BHIAT99,5
BHIAV270,5
BHIAV370,5
BHIAV680,5
BLUE11,5
BMGB2F,5
BMGBG400,5
BMGBH342,5
BMGBH412,5
BMGBI375,5
BMGBK400,5
BMOB3T,5
BMOBU193,5
BOVAA133,5
BOVAA135,5
BOVAB125,5
BOVAB155,5
BOVAC150,5
BOVAE133,5
BOVAF144,5
BOVAG10,5
BOVAG107,5
BOVAG110W4,5
BOVAG150W2,5
BOVAG157,5
BOVAH119W1,5
BOVAH121W2,5
BOVAH131W4,5
BOVAH133W4,5
BOVAH141W1,5
BOVAH174,5
BOVAH400,5
BOVAH980,5
BOVAI126W2,5
BOVAI135W4,5
BOVAJ116,5
BOVAJ154,5
BOVAJ162,5
BOVAJ188,5
BOVAK7,5
BOVAK8,5
BOVAL115,5
BOVAL165,5
BOVAL5,5
BOVAM132,5
BOVAM133,5
BOVAO118,5
BOVAO120,5
BOVAO141,5
BOVAS111,5
BOVAS112W4,5
BOVAS117W4,5
BOVAS150W2,5
BOVAS158W2,5
BOVAT108W1,5
BOVAT110W1,5
BOVAT112W1,5
BOVAT114W1,5
BOVAT115W1,5
BOVAT116W4,5
BOVAT117W1,5
BOVAT119W2,5
BOVAT121W1,5
BOVAT121W2,5
BOVAT122W4,5
BOVAT123W2,5
BOVAT124W4,5
BOVAT128W5,5
BOVAT154W1,5
BOVAT975,5
BOVAT99,5
BOVAU127W2,5
BOVAU132W1,5
BOVAU135,5
BOVAU135W1,5
BOVAU890,5
BOVAU925,5
BOVAU935,5
BOVAU975,5
BOVAV109,5
BOVAV700,5
BOVAV800,5
BOVAV960,5
BOVAW700,5
BOVAX145,5
BOVAX165,5
BOVAX21,5
BOVAX23,5
BOVAX29,5
BOVAX30,5
BOVAX31,5
BOVVI129,5
BOVVI131,5
BOVVJ131,5
BPACG363,5
BPACG386,5
BPACG388,5
BPACG390W4,5
BPACG395W4,5
BPACH331,5
BPACH356,5
BPACH364,5
BPACH385W2,5
BPACH390W1,5
BPACH395W2,5
BPACH400W2,5
BPACH415W1,5
BPACH425W1,5
BPACH464,5
BPACH486,5
BPACI365,5
BPACI367,5
BPACI452,5
BPACI460,5
BPACI487,5
BPACJ405,5
BPACL450,5
BPACS365W4,5
BPACS373,5
BPACS385W4,5
BPACS420W2,5
BPACS425W2,5
BPACT336,5
BPACT349,5
BPACT385W2,5
BPACT405W1,5
BPACU332,5
BPACU335,5
BPACU340,5
BPACU412,5
BPACU417,5
BPACX360,5
BPACX380,5
BPANG739,5
BPANG800,5
BPANH760,5
BPANH790,5
BPANH860,5
BPANH880,5
BPANH900,5
BPANH980,5
BPANI820,5
BPANT700,5
BPANV800,5
BRAPG195,5
BRAPI167,5
BRAPI195,5
BRAPI198,5
BRAPM160,5
BRAPN160,5
BRAPS140,5
BRAPS145,5
BRAPS197,5
BRAPS225,5
BRAPU192,5
BRAVG150,5
BRAVG152,5
BRAVG160,5
BRAVG167,5
BRAVG190W2,5
BRAVG200W4,5
BRAVG222,5
BRAVG235,5
BRAVH151,5
BRAVH205W2,5
BRAVH246,5
BRAVI232,5
BRAVI235,5
BRAVL230,5
BRAVL290,5
BRAVL33,5
BRAVL330,5
BRAVP188,5
BRAVS160W4,5
BRAVS165W4,5
BRAVS227,5
BRAVS240,5
BRAVS290,5
BRAVT128,5
BRAVT170W1,5
BRAVT185W1,5
BRAVT185W2,5
BRAVT190W1,5
BRAVT200W1,5
BRAVT276,5
BRAVT301,5
BRAVT350,5
BRAVT403,5
BRAVU145,5
BRAVU222,5
BRAVU247,5
BRAVX210,5
BRAVX230,5
BRFSG156,5
BRFSG236,5
BRFSG241,5
BRFSH175,5
BRFSH197,5
BRFSH200,5
BRFSI232,5
BRFSI242,5
BRFSS17,5
BRFSS231,5
BRFSS236,5
BRFSS251,5
BRFST162,5
BRFSU175,5
BRFSU205,5
BRKMB139,5
BRKMG117,5
BRKMG127,5
BRKMH640,5
BRKMH740,5
BRKMI860,5
BRKML122,5
BRKMS160,5
BRKMS190,5
BRKMS890,5
BRKMT150,5
BRKMT210,5
BRKMT290,5
BRKMU140,5
BRKMU150,5
BRKMU840,5
BRKMV130,5
BRKMV140,5
BRSRL146,5
BRSRS114,5
BRSRT100,5
BRSRT104,5
BRSRT119,5
BRSRU112,5
BVLU39,5
C1FG34,5
C1PB34,5
C1RR34,5
C2OU34,5
CAMLH500,5
CAMLH504,5
CAMLT464,5
CASHG330,5
CASHH600,5
CASHI600,5
CASHI800,5
CASHS820,5
CASHT132,5
CASHT580,5
CASHT600,5
CASHT740,5
CASHT780,5
CASHU580,5
CASHU600,5
CASHU820,5
CASHX425,5
CBAVG500,5
CBAVH450,5
CBAVH560,5
CBAVI480,5
CBAVS400,5
CBAVS430,5
CBAVT50,5
CEABG189,5
CEABH180,5
CEABH185,5
CEABH230,5
CEABH235,5
CEABI168,5
CEABS135,5
CEABT190,5
CEDO3,5
CIXF11,5
CMIGH140,5
CMIGK125,5
CMIGL129,5
CMIGM107,5
CMIGR110,5
CMIGS978,5
CMIGT132,5
CMIGV115,5
CMIGW119,5
CMIGX104,5
CMIGX131,5
CMINE600,5
CMING510,5
CMINL50,5
CMINL600,5
CMINU447,5
CMINU600,5
CMINV469,5
CMINV489,5
CMINX570,5
COGNB25,5
COGNC25,5
COGNF20,5
COGNG145,5
COGNG149,5
COGNG195,5
COGNG2,5
COGNG215,5
COGNG225,5
COGNG235,5
COGNG240,5
COGNG328,5
COGNH108,5
COGNH280W2,5
COGNH290W2,5
COGNH40,5
COGNI238,5
COGNJ125,5
COGNK3,5
COGNK4,5
COGNS12,5
COGNS390,5
COGNS415,5
COGNT270W1,5
COGNT398,5
COGNT453,5
COGNU203,5
COGNU218,5
COGNU378,5
COGNU5,5
COGNU613,5
COGNU903,5
COGNV243,5
COGNX334,5
CPFEG40,5
CPFEG405,5
CPFEG420,5
CPFEI387,5
CPFEU347,5
CPLEH108,5
CPLEI123,5
CPLET129,5
CPLET140,5
CPLEU104,5
CPRL34,5
CPTS11T,5
CSANG580W4,5
CSANG620W4,5
CSANG660W4,5
CSANG740W2,5
CSANG860,5
CSANG870,5
CSANG890,5
CSANH580W2,5
CSANH600W2,5
CSANH950,5
CSANI875,5
CSANJ690,5
CSANL110,5
CSANL950,5
CSANO80,5
CSANS102,5
CSANS112,5
CSANS117,5
CSANS132,5
CSANS560W4,5
CSANS660W2,5
CSANS680W4,5
CSANS720W2,5
CSANS720W4,5
CSANS910,5
CSANT580W2,5
CSANT660W1,5
CSANT720W1,5
CSANT875,5
CSANU135,5
CSANU465,5
CSANU470,5
CSANU815,5
CSANU835,5
CSANV162,5
CSANV730,5
CSANW500,5
CSMGF305,5
CSMGG238,5
CSMGG288,5
CSMGH310,5
CSMGL220,5
CSMGS266,5
CSMGS276,5
CSMGT240,5
CSMGT285,5
CSNAC20,5
CSNAF120,5
CSNAG760W4,5
CSNAH699,5
CSNAH729,5
CSNAH840W2,5
CSNAI719,5
CSNAI759,5
CSNAJ989,5
CSNAS110,5
CSNAS670,5
CSNAS760W2,5
CSNAS840W2,5
CSNAT559,5
CSNAT760W2,5
CSNAU579,5
CSNAV829,5
CURYE340,5
CVCBA70,5
CVCBH10,5
CVCBH205,5
CVCBI220,5
CVCBN200,5
CVCBS255,5
CVCBT195,5
CVCBT440,5
CVCBU249,5
CXSEG139,5
CXSEH165,5
CXSEI160,5
CXSES157,5
CXSES162,5
CXSET130,5
CXSEU150,5
CXSEW137,5
CYREG230,5
CYREG235,5
CYREG286,5
CYREH201,5
CYREH210,5
CYREH224,5
CYREI194,5
CYREI314,5
CYRES285,5
CYREU279,5
CYREV214,5
CYREV224,5
CYREV264,5
CYREX249,5
D1HI34,5
DDNB34,5
DEXP3T,5
DIRRG420,5
DIRRG440,5
DIRRH360,5
DIRRH415,5
DIRRH425,5
DIRRH445,5
DIRRH460,5
DIRRK417,5
DIRRS415,5
DIRRS420,5
DIRRS425,5
DIRRT425,5
DIRRU380,5
DIRRU395,5
DIRRU40,5
DUKB34,5
DXCOG574,5
DXCOT579,5
E2PA34,5
ECORG690,5
ECORH820,5
ECORI700,5
ECORT710,5
EGIEG430,5
EGIEG470,5
EGIEU356,5
EGIEV416,5
ELETG42,5
ELETG439,5
ELETG461,5
ELETH488,5
ELETI382,5
ELETI392,5
ELETI407,5
ELETI44,5
ELETI445,5
ELETI473,5
ELETI483,5
ELETI51,5
ELETR350,5
ELETS430,5
ELETS469,5
ELETT3,5
ELETT455,5
ELETU336,5
ELETU362,5
ELETU411,5
ELETV363,5
ELETW350,5
EMBRG539,5
EMBRG810W2,5
EMBRG840W4,5
EMBRG860W4,5
EMBRH564,5
EMBRH630W1,5
EMBRH650W2,5
EMBRH670W2,5
EMBRH720W2,5
EMBRH890W2,5
EMBRH900W2,5
EMBRI101,5
EMBRI589,5
EMBRI649,5
EMBRI654,5
EMBRI674,5
EMBRI779,5
EMBRI809,5
EMBRI904,5
EMBRI919,5
EMBRI924,5
EMBRI944,5
EMBRI969,5
EMBRJ784,5
EMBRJ789,5
EMBRL650,5
EMBRM630,5
EMBRM800,5
EMBRQ72,5
EMBRS570,5
EMBRS580,5
EMBRS580W4,5
EMBRS600W4,5
EMBRS615,5
EMBRS620W4,5
EMBRS700W2,5
EMBRS720W2,5
EMBRS740W4,5
EMBRS840W4,5
EMBRS860,5
EMBRS950,5
EMBRT429,5
EMBRT439,5
EMBRT640W2,5
EMBRT680W2,5
EMBRT710W2,5
EMBRT780W1,5
EMBRT780W2,5
EMBRT790W1,5
EMBRT859,5
EMBRU474,5
EMBRU489,5
EMBRU619,5
EMBRU624,5
EMBRU754,5
EMBRV580,5
EMBRV600,5
EMBRV639,5
EMBRV724,5
ENEVG130,5
ENEVG132,5
ENEVH125,5
ENEVI160,5
ENEVI165,5
ENEVT142,5
ENGIG456,5
ENGIG486,5
ENGIG488,5
ENGIH476,5
ENGII481,5
ENGII511,5
ENGIS446,5
ENGIS451,5
ENGIS453,5
ENGIS456,5
ENGIS471,5
ENGIS475,5
ENGIT426,5
ENGIT471,5
ENGIU431,5
ENGIU461,5
ENJU3T,5
EQTL3T,5
EQTLF375,5
EQTLG312,5
EQTLG347,5
EQTLG380,5
EQTLH317,5
EQTLH340,5
EQTLI35,5
EQTLI353,5
EQTLI393,5
EQTLJ34,5
EQTLS337,5
EQTLS367,5
EQTLS380,5
EQTLT305,5
ERPA11,5
EVEB31,5
EVENH680,5
EVENH710,5
EVENH800,5
EZTCI127,5
EZTCU134,5
F1RA34,5
FLRYD200,5
FLRYT105,5
FLRYU133,5
FLRYU138,5
FLRYU146,5
G1LL34,5
G2WR34,5
GEPA3,5
GFSAA200,5
GFSAG170,5
GFSAH155,5
GFSAI100,5
GGBRG180W4,5
GGBRH170W5,5
GGBRH203,5
GGBRI146,5
GGBRI151,5
GGBRI198,5
GGBRI208,5
GGBRJ203,5
GGBRJ22,5
GGBRL187,5
GGBRM213,5
GGBRO169,5
GGBRS146,5
GGBRT124,5
GGBRT180W1,5
GGBRU141,5
GGBRU193,5
GGBRU204,5
GGBRV168,5
GMATF600,5
GMATI835,5
GOAUA113,5
GOAUG107,5
GOAUI847,5
GOAUI867,5
GOAUJ907,5
GOAUK100,5
GOAUS100,5
GOAUS107,5
GOAUS785,5
GOAUU115,5
GOAUU807,5
GOAUU99,5
GOAUV100,5
GOAUW100,5
GOLLG124,5
GOLLG144,5
GRNDI550,5
GRNDU485,5
GUAR3T,5
GUARG880,5
GUARG920,5
GUARH780,5
GUARH840,5
GUARH930,5
H1PE34,5
HAPVA200,5
HAPVG335W4,5
HAPVG38,5
HAPVH315,5
HAPVH392,5
HAPVH435,5
HAPVI290,5
HAPVI299,5
HAPVI327,5
HAPVI332,5
HAPVI342,5
HAPVI377,5
HAPVI427,5
HAPVI430,5
HAPVI455,5
HAPVS2,5
HAPVS215,5
HAPVS220W2,5
HAPVS240W2,5
HAPVS260,5
HAPVS265,5
HAPVS317,5
HAPVS325W4,5
HAPVT155,5
HAPVT22,5
HAPVT255,5
HAPVT267,5
HAPVT282,5
HAPVT297,5
HAPVT310W1,5
HAPVT315W1,5
HAPVT369,5
HAPVT37,5
HAPVU200,5
HAPVU240,5
HAPVU247,5
HAPVU27,5
HAPVU33,5
HAPVU335,5
HAPVU342,5
HAPVU357,5
HBORG200,5
HBORG240,5
HBORH240,5
HBORH275,5
HBORS235,5
HBORS250,5
HBORT250,5
HETA4F,5
HRDF11,5
HYPEG23,5
HYPEG302,5
HYPEH256,5
HYPEH352,5
HYPEI227,5
HYPEI28,5
HYPEJ280,5
HYPEJ337,5
HYPES28,5
HYPES285,5
HYPES29,5
HYPET276,5
HYPEU227,5
HYPEU252,5
HYPEU261,5
HYPEU277,5
HYPEV257,5
I1QV34,5
I1RP34,5
IBOV11,5
IBOVG131,5
IBOVG134,5
IBOVG139W2,5
IBOVG140W4,5
IBOVG141W2,5
IBOVG142W4,5
IBOVG145,5
IBOVH124,5
IBOVH126,5
IBOVH127,5
IBOVH129,5
IBOVH130,5
IBOVH135W1,5
IBOVH149,5
IBOVH152,5
IBOVI130,5
IBOVI42,5
IBOVJ147,5
IBOVJ151,5
IBOVK135,5
IBOVL133,5
IBOVL180,5
IBOVS132W5,5
IBOVS133W4,5
IBOVS134W5,5
IBOVS135W5,5
IBOVS137W4,5
IBOVS138W2,5
IBOVS144,5
IBOVT123,5
IBOVT130W1,5
IBOVT145,5
IBOVT147,5
IBOVV131,5
IBOVV132,5
IBOVV137,5
IFCMB99,5
IFCMG300,5
IGTIG230,5
IGTIH20,5
IGTIH200,5
IGTIH205,5
IGTIH24,5
IGTIS218,5
IGTIS220,5
IGTIU207,5
INBRH375,5
INBRU380,5
INTBG142,5
INTBT132,5
INTBU147,5
IRBRB700,5
IRBRD600,5
IRBRG40,5
IRBRG415,5
IRBRG510,5
IRBRG550,5
IRBRH427,5
IRBRH580,5
IRBRI467,5
IRBRI475,5
IRBRI525,5
IRBRI565,5
IRBRL40,5
IRBRS365,5
IRBRT365,5
IRBRT482,5
IRBRU345,5
IRBRU465,5
IRBRU497,5
IRBRX50,5
ISAEG249,5
ISAEH216,5
ISAEK240,5
ISAEQ240,5
ISAES235,5
ISCJ11,5
ITSAE820,5
ITSAE900,5
ITSAG110,5
ITSAH126,5
ITSAH129,5
ITSAH611,5
ITSAH862,5
ITSAJ102,5
ITSAJ955,5
ITSAS115W2,5
ITSAS135,5
ITSAS143,5
ITSAS148,5
ITSAT131,5
ITSAT134,5
ITSAT139,5
ITSAT144,5
ITSAT922,5
ITSAT980W2,5
ITSAV110,5
ITSAX100,5
ITSAX945,5
ITUBG210,5
ITUBG313,5
ITUBG327,5
ITUBG329W4,5
ITUBG359W2,5
ITUBG390W2,5
ITUBG395W2,5
ITUBG422,5
ITUBH233,5
ITUBH238,5
ITUBH279,5
ITUBH286,5
ITUBH291,5
ITUBH293,5
ITUBH318,5
ITUBH330W1,5
ITUBH345,5
ITUBH345W2,5
ITUBH364W5,5
ITUBH374W5,5
ITUBH390W2,5
ITUBH400W2,5
ITUBH405W1,5
ITUBH405W2,5
ITUBI36,5
ITUBI393,5
ITUBI397,5
ITUBJ220,5
ITUBJ383,5
ITUBJ409,5
ITUBL361,5
ITUBL363,5
ITUBM331,5
ITUBP34,5
ITUBS384,5
ITUBS400W4,5
ITUBT320W2,5
ITUBT325W2,5
ITUBT340W4,5
ITUBT344,5
ITUBT347W2,5
ITUBT380W1,5
ITUBT385W1,5
ITUBT405W1,5
ITUBV34,5
ITUBX29,5
ITUBX385,5
JBSSG850,5
JBSSG852,5
JBSSG855,5
JBSSG890,5
JBSSG904,5
JBSSH950,5
JBSSH977,5
JBSSH980,5
JBSSL907,5
JBSSL910,5
JBSSS862,5
JBSSS904,5
JBSSS950,5
JCCJ11,5
JHSFG455,5
JHSFG580,5
JHSFH478,5
JHSFH583,5
JHSFH603,5
JHSFH642,5
JHSFS504,5
JHSFT563,5
JHSFU475,5
JHSFU490,5
JHSFU540,5
JHSFX538,5
JSLG3T,5
KEPLB500,5
KEPLT770,5
KEPLT790,5
KLBNG212,5
KLBNM220,5
KLBNP154,5
KLBNS207,5
KLBNS280,5
KLBNU193,5
L1NC34,5
LEVEH285,5
LEVEJ317,5
LEVEU285,5
LJQQH260,5
LJQQS250,5
LJQQT300,5
LOGG3T,5
LRENG132,5
LRENG143,5
LRENG148,5
LRENG150,5
LRENG170W4,5
LRENG210W2,5
LRENH127,5
LRENH136,5
LRENH144,5
LRENH170W1,5
LRENH170W2,5
LRENH190W2,5
LRENI143,5
LRENI205,5
LRENI240,5
LRENI260,5
LRENQ240,5
LRENS160,5
LRENS180W2,5
LRENT16,5
LRENT170W2,5
LRENT175W2,5
LRENU138,5
LRENV171,5
LRENX130,5
LWSAG355,5
LWSAH345,5
LWSAH350,5
LWSAI365,5
LWSAI370,5
LWSAI415,5
LWSAS355,5
LWSAS375,5
LWSAT330,5
LWSAT345,5
LWSAT395,5
LWSAT405,5
M1SC34,5
MDIAG253,5
MDIAH279,5
MDIAT269,5
MDTC34,5
METB34,5
MGLUG100,5
MGLUG126,5
MGLUG129,5
MGLUG610,5
MGLUH130,5
MGLUH133,5
MGLUH559,5
MGLUH589,5
MGLUH720W1,5
MGLUH780W2,5
MGLUH840W2,5
MGLUI130,5
MGLUI138,5
MGLUI150,5
MGLUI629,5
MGLUI690,5
MGLUJ2,5
MGLUJ219,5
MGLUJ460,5
MGLUJ849,5
MGLUJ879,5
MGLUJ949,5
MGLUK13,5
MGLUL10,5
MGLUN100,5
MGLUO105,5
MGLUS100W2,5
MGLUS143,5
MGLUS174,5
MGLUS199,5
MGLUS295,5
MGLUS40,5
MGLUS795,5
MGLUS980W4,5
MGLUT128,5
MGLUT160,5
MGLUT168,5
MGLUT205,5
MGLUT218,5
MGLUT499,5
MGLUT720W2,5
MGLUT780W2,5
MGLUT800W2,5
MGLUT820W2,5
MGLUT900W1,5
MGLUU35,5
MGLUV600,5
MGLUV769,5
MGLUV819,5
MILSG108,5
MILSH110,5
MOTVG125,5
MOTVS130,5
MOTVU133,5
MOVIB399,5
MOVIG438,5
MOVIG508,5
MOVIG778,5
MOVIH59,5
MOVIH780,5
MOVIH840,5
MOVIH860,5
MOVIS720,5
MRFGG270,5
MRFGH162,5
MRFGH177,5
MRFGH185,5
MRFGH187,5
MRFGH197,5
MRFGI160,5
MRFGI300,5
MRFGS190,5
MRFGS255,5
MRFGS267,5
MRFGS270,5
MRFGT142,5
MRFGU150,5
MRFGU245,5
MRVEG520,5
MRVEG740,5
MRVEG770,5
MRVEH50,5
MRVEH540,5
MRVEH710,5
MRVEI560,5
MRVEI730,5
MRVEI750,5
MRVEL10,5
MRVES10,5
MRVES117,5
MRVES50,5
MRVES510,5
MRVET105,5
MRVET110,5
MRVET450,5
MRVET510,5
MRVEU650,5
MRVEV540,5
MTREG427,5
MULTG245,5
MULTH267,5
MULTH308,5
MULTI248,5
MULTS248,5
MULTS255,5
MULTT223,5
MULTU233,5
MULTV246,5
MYPKG138,5
MYPKT130,5
N1IC34,5
N1VR34,5
NATUG860,5
NATUS105W2,5
NATUS117,5
NATUS127,5
NATUS150,5
NATUT100W1,5
NATUT122,5
NATUT160,5
NATUT900W1,5
NATUU110,5
NATUU880,5
NATUV100,5
NEOEG256,5
NEOEH232,5
NEOEH236,5
NEOEH247,5
NEOEH266,5
NEOEI266,5
NEOET236,5
NORD3,5
NVDCG132,5
ODPVG113,5
ODPVG123,5
ODPVI120,5
ORVR3T,5
P1AY34,5
P1PG34,5
PATI4,5
PCARG275,5
PCARI30,5
PCARL180,5
PCARM300,5
PCARS295,5
PCARS370,5
PCARS440,5
PCART235,5
PCART365,5
PCART435,5
PCART445,5
PCART530,5
PCART600,5
PCARU255,5
PEMA11,5
PETRA31,5
PETRG115,5
PETRG187,5
PETRG220,5
PETRG237,5
PETRG240,5
PETRG295W2,5
PETRG33,5
PETRG365W4,5
PETRG434,5
PETRH122,5
PETRH203,5
PETRH208,5
PETRH228,5
PETRH285W1,5
PETRH354W4,5
PETRH370W2,5
PETRH433,5
PETRH500,5
PETRI165,5
PETRI240,5
PETRI251,5
PETRI258,5
PETRI263,5
PETRI265,5
PETRI268,5
PETRI332,5
PETRI397,5
PETRI403,5
PETRI414,5
PETRI5,5
PETRI6,5
PETRI752,5
PETRI842,5
PETRJ240,5
PETRJ313,5
PETRJ351,5
PETRJ362,5
PETRJ363,5
PETRJ364,5
PETRJ441,5
PETRK312,5
PETRK334,5
PETRK340,5
PETRK362,5
PETRL339,5
PETRM407,5
PETRN360,5
PETRO200,5
PETRO300,5
PETRP336,5
PETRS274,5
PETRS290W2,5
PETRS355,5
PETRS380W2,5
PETRS412,5
PETRS426,5
PETRS439,5
PETRS441,5
PETRT215,5
PETRT260W2,5
PETRT309W4,5
PETRT385W1,5
PETRT390W1,5
PETRT41,5
PETRT433,5
PETRT443,5
PETRU213,5
PETRU314,5
PETRU32,5
PETRU339,5
PETRU375,5
PETRU385,5
PETRU392,5
PETRU428,5
PETRV27,5
PETRV276,5
PETRV366,5
PETRV371,5
PETRW353,5
PETRX249,5
PETRX310,5
PETRX44,5
PETZE120,5
PETZG211,5
PETZG231,5
PETZG336,5
PETZH306,5
PETZH336,5
PETZH491,5
PETZI383,5
PETZL60,5
PETZS11,5
PETZS499,5
PETZS601,5
PETZS661,5
PETZS701,5
PETZS871,5
PETZS971,5
PETZT296,5
PETZT416,5
PETZT456,5
PETZT571,5
PETZT621,5
PETZT651,5
PETZT931,5
PETZU348,5
PETZU360,5
PETZU523,5
PETZV380,5
PINE11,5
PNVLT986,5
POMOG790,5
POMOH93,5
POMOI930,5
POMOS102,5
POMOS800,5
POMOU790,5
POMOU850,5
POMOW800,5
POSIH533,5
POSII513,5
POSIS440,5
POSIS490,5
POSIU413,5
POSIU433,5
PRIOG350,5
PRIOG410W2,5
PRIOG470W4,5
PRIOG477,5
PRIOG500,5
PRIOH460W1,5
PRIOH460W2,5
PRIOH465W2,5
PRIOH492,5
PRIOH495,5
PRIOI390,5
PRIOI392,5
PRIOI477,5
PRIOI492,5
PRIOJ420,5
PRIOJ450,5
PRIOJ455,5
PRIOJ475,5
PRIOL360,5
PRIOL426,5
PRIOL600,5
PRION330,5
PRIOS345,5
PRIOS375W2,5
PRIOS395W2,5
PRIOS445W4,5
PRIOS457,5
PRIOS515,5
PRIOT337,5
PRIOT375W1,5
PRIOT435W1,5
PRIOT445W1,5
PRIOT477,5
PRIOT485,5
PRIOT490,5
PRIOT505,5
PRIOT510,5
PRIOU325,5
PRIOU357,5
PRIOU467,5
PRIOU472,5
PRIOV355,5
PRIOV375,5
PRIOX431,5
PSSAI530,5
PSSAI560,5
PSSAJ481,5
PSSAS580,5
PSSAU500,5
QUALG185,5
QUALG190,5
QUALG215,5
QUALG950,5
QUALH165,5
QUALH170,5
QUALH175,5
QUALN199,5
QUALQ20,5
QUALS190,5
QUALT149,5
QUALT199,5
QUALT300,5
QUALU165,5
QUALU170,5
QUALU175,5
R1YA34,5
RADLI188,5
RADLK21,5
RADLS181,5
RADLS200,5
RADLT253,5
RADLU103,5
RADLU223,5
RADLV143,5
RADLW128,5
RAILG182,5
RAILG202,5
RAILG215,5
RAILG220,5
RAILI210,5
RAILS165,5
RAILT179,5
RAIZB250,5
RAIZD200,5
RAIZF20,5
RAIZH120,5
RAIZH20,5
RAIZH99,5
RAIZI220,5
RAIZM200,5
RAIZS240,5
RAIZS249,5
RAIZS299,5
RAIZT220,5
RAIZT249,5
RAIZV196,5
RANIG766,5
RANIG774,5
RANII763,5
RANII773,5
RANII803,5
RAPTG910,5
RAPTG980,5
RAPTH675,5
RAPTH835,5
RAPTI695,5
RAPTI715,5
RAPTI735,5
RAPTI795,5
RAPTI815,5
RAPTT675,5
RAPTT855,5
RAPTU675,5
RDLI11,5
RDORB279,5
RDORG312,5
RDORG351,5
RDORG355,5
RDORG366,5
RDORG370,5
RDORG375,5
RDORH321,5
RDORH376,5
RDORI328,5
RDORJ336,5
RDORR280,5
RDORS332,5
RDORT301,5
RDORU320,5
RECVH132,5
RECVV127,5
RECVW160,5
RENTG353,5
RENTG360W4,5
RENTG380W4,5
RENTG400W2,5
RENTG405W2,5
RENTG415W2,5
RENTG456,5
RENTG470,5
RENTG471,5
RENTH355W1,5
RENTH385W2,5
RENTH430W1,5
RENTH493,5
RENTI311,5
RENTI319,5
RENTI346,5
RENTI349,5
RENTI410,5
RENTI418,5
RENTI43,5
RENTI454,5
RENTJ323,5
RENTR30,5
RENTS331,5
RENTS410W2,5
RENTS420W2,5
RENTS435W4,5
RENTT293,5
RENTT370W1,5
RENTT418,5
RENTT436,5
RENTT438,5
RENTT456,5
RENTU316,5
RENTU341,5
RENTU43,5
RENTU433,5
RENTV331,5
ROMIA900,5
ROMIG965,5
ROMIH900,5
ROMIS900,5
ROMIS915,5
ROMIS945,5
ROMIU900,5
SANBG268,5
SANBM250,5
SANBS309,5
SANBT241,5
SANBT311,5
SANBV250,5
SAPRG288,5
SAPRG39,5
SAPRH318,5
SAPRH328,5
SAPRH360,5
SAPRI352,5
SAPRI355,5
SAPRI392,5
SAPRL303,5
SBFGG117,5
SBFGG127,5
SBFGH142,5
SBFGS117,5
SBFGT112,5
SBFGT132,5
SBSPE125,5
SBSPG125,5
SBSPG132,5
SBSPH105,5
SBSPI114,5
SBSPK130,5
SBSPL118,5
SBSPS104,5
SBSPS119,5
SBSPS128,5
SBSPT128,5
SBSPT2,5
SBSPU101,5
SBSPU104,5
SBSPU996,5
SBSPV930,5
SEERG975,5
SEERS875,5
SIMHH458,5
SIMHH468,5
SIMHH523,5
SIMHI503,5
SIMHJ730,5
SIMHS470,5
SIMHS55,5
SIMHT413,5
SIMHT448,5
SIMHT473,5
SIMHU433,5
SLCEG197,5
SLCEG200,5
SLCEG205,5
SLCES195,5
SLCEU184,5
SLCEX180,5
SMALC130,5
SMALF146,5
SMALG100W4,5
SMALG112W4,5
SMALG114W2,5
SMALG12,5
SMALG120,5
SMALG121,5
SMALG910,5
SMALG930,5
SMALH100W2,5
SMALH102W2,5
SMALH104W2,5
SMALH130,5
SMALH985,5
SMALI118,5
SMALL140,5
SMALS930,5
SMALS995,5
SMALT104W2,5
SMALT115,5
SMALT890,5
SMALU890,5
SMALU930,5
SMALV970,5
SMFTG211,5
SMFTH229,5
SMFTS249,5
SMFTT203,5
SMTOH160,5
SMTOH165,5
SMTOI175,5
SMTOT150,5
SMTOT200,5
SMTOT210,5
SMTOU195,5
SNEL12,5
SRNA3T,5
SUZBA63,5
SUZBG500W2,5
SUZBG572,5
SUZBG577,5
SUZBG587,5
SUZBG592,5
SUZBG612,5
SUZBH495W1,5
SUZBH500W1,5
SUZBH530W2,5
SUZBS470,5
SUZBS470W4,5
SUZBS577,5
SUZBS580W4,5
SUZBS617,5
SUZBT480W1,5
SUZBT530W2,5
SUZBT530W4,5
SUZBT605,5
SUZBT610,5
SUZBT625,5
SUZBU445,5
SUZBU452,5
SUZBU465,5
SUZBU477,5
T1SS34,5
TAEEG335,5
TAEES380,5
TAEEU301,5
TAEEU306,5
TAEEU311,5
TAEEV330,5
TAEEV331,5
TAEEV336,5
TAEEX34,5
TASAH169,5
TASAH611,5
TENDH253,5
TIMS3T,5
TIMSG234,5
TIMSI213,5
TIMSU189,5
TOTSG423,5
TOTSH356,5
TOTSH406,5
TOTSH416,5
TOTSS400,5
TRISG680,5
TRISS760,5
TRISW800,5
TTENH139,5
TTENH145,5
TTENH155,5
TTENL135,5
TTENS145,5
TTENU120,5
TUPYG185,5
TUPYH170,5
TUPYS185,5
U1HS34,5
U2TH34,5
UGPAG159,5
UGPAH154,5
UGPAH209,5
UGPAI159,5
UGPAI165,5
UGPAI175,5
UGPAI210,5
UGPAM160,5
UGPAS185,5
UGPAT191,5
UGPAU175,5
UGPAW160,5
UNIPG602,5
UNIPH622,5
UNIPH632,5
UNIPI585,5
USIME900,5
USIMG390W4,5
USIMG400W4,5
USIMG460W2,5
USIMG530,5
USIMG65,5
USIMH335,5
USIMH365,5
USIMH410W2,5
USIMH470W2,5
USIMH490W4,5
USIMH570,5
USIMI382,5
USIMI602,5
USIMI622,5
USIMJ392,5
USIMK799,5
USIMS117,5
USIMS380,5
USIMS390W4,5
USIMS460W2,5
USIMS760,5
USIMT315,5
USIMT360W2,5
USIMT380W1,5
USIMT390W2,5
USIMT400W2,5
USIMT450W1,5
USIMT630,5
USIMT670,5
USIMU342,5
USIMU477,5
USIMU512,5
USIMU552,5
USIMU572,5
USIMV397,5
USIMV417,5
USIMW420,5
VALEA530,5
VALEA550,5
VALEA592,5
VALEA602,5
VALEA650,5
VALEB560,5
VALEB573,5
VALEB69,5
VALEF697,5
VALEG101,5
VALEG492W2,5
VALEG605W2,5
VALEG644,5
VALEG649,5
VALEH293,5
VALEH446,5
VALEH469,5
VALEH486,5
VALEH500W2,5
VALEH560W5,5
VALEH580W4,5
VALEH610W5,5
VALEH620W4,5
VALEH630W2,5
VALEH700,5
VALEH720,5
VALEH725,5
VALEI263,5
VALEI580W2,5
VALEJ520,5
VALEJ573,5
VALEJ624,5
VALEJ634,5
VALEJ704,5
VALEK631,5
VALEL520,5
VALEL594,5
VALEL73,5
VALEL790,5
VALEM495,5
VALEM602,5
VALEM710,5
VALEN448,5
VALEN573,5
VALES446,5
VALES610W2,5
VALES704,5
VALES714,5
VALES729,5
VALES749,5
VALES769,5
VALET380,5
VALET383,5
VALET446,5
VALET475W1,5
VALET530W4,5
VALET640W1,5
VALET660W1,5
VALET720,5
VALET730,5
VALET745,5
VALEU403,5
VALEU433,5
VALEU438,5
VALEU441,5
VALEU653,5
VALEU658,5
VALEU803,5
VALEV514,5
VALEV614,5
VALEW541,5
VALEX524,5
VALEX65,5
VAMOG390,5
VAMOG440,5
VAMOH490,5
VAMOH600,5
VAMOI430,5
VAMOI440,5
VAMOI450,5
VAMOK500,5
VAMON50,5
VAMOS50,5
VBBRG245,5
VBBRH205,5
VBBRH275,5
VBBRI203,5
VBBRI208,5
VBBRI305,5
VBBRN199,5
VBBRS235,5
VBBRT285,5
VBBRU170,5
VBBRU173,5
VIVAG218,5
VIVAG268,5
VIVAG280,5
VIVAG281,5
VIVAH276,5
VIVAH309,5
VIVAI283,5
VIVAS246,5
VIVAS256,5
VIVAS266,5
VIVAT217,5
VIVAT219,5
VIVAT222,5
VIVAT280,5
VIVAU233,5
VIVTG289,5
VIVTG320,5
VIVTH282,5
VIVTT327,5
VIVTU332,5
VLIDH260,5
VLIDS246,5
VULCH196,5
VULCU185,5
WEGED400,5
WEGEG37,5
WEGEG380W4,5
WEGEG388,5
WEGEG390,5
WEGEG393,5
WEGEG410W2,5
WEGEG470W4,5
WEGEG471,5
WEGEG483,5
WEGEG484,5
WEGEH353,5
WEGEH355W1,5
WEGEH360W2,5
WEGEH365W1,5
WEGEH370W1,5
WEGEH370W2,5
WEGEH410W1,5
WEGEH415W1,5
WEGEH435W1,5
WEGEH498,5
WEGEI468,5
WEGES37,5
WEGES400W2,5
WEGES440W2,5
WEGES483,5
WEGES530,5
WEGET308,5
WEGET335,5
WEGET355W1,5
WEGET355W2,5
WEGET360W1,5
WEGET365W1,5
WEGET496,5
WEGET501,5
WEGET511,5
WEGEU296,5
WEGEU321,5
WEGEU343,5
WEGEU456,5
WEGEV332,5
WEGEV347,5
WEGEV354,5
WEGEX304,5
WIZCI775,5
WIZCT773,5
YDUQG190,5
YDUQH116,5
YDUQH131,5
YDUQH209,5
YDUQI170,5
YDUQI175,5
YDUQI180,5
YDUQS166,5
YDUQT923,5
YDUQU115,5
YDUQU145,5
YDUQU155,5
YDUQU160,5
YDUQU923,5
YDUQU963,5
YDUQV125,5
Z2DV34,5
ZAMPT340,5
ZAMPU330,5
A1EP34,4
A1GI34,4
A1LG34,4
A2RW34,4
A2SO34,4
ABCBG210,4
ABCBH210,4
ABCBI218,4
ABCBS220,4
ABCBT240,4
ABCBU200,4
ABEVG109,4
ABEVG130W1,4
ABEVG135W1,4
ABEVG900,4
ABEVH135W4,4
ABEVH135W5,4
ABEVH140W5,4
ABEVH145W4,4
ABEVH994,4
ABEVI101,4
ABEVI128,4
ABEVI156,4
ABEVJ114,4
ABEVJ124,4
ABEVJ147,4
ABEVL18,4
ABEVS123,4
ABEVS130W1,4
ABEVS135W1,4
ABEVT108,4
ABEVT120W1,4
ABEVT120W2,4
ABEVT173,4
ABEVT200,4
ABEVU149,4
ABEVU152,4
AGROG210,4
AGROH215,4
AGROT200,4
ALOSG203,4
ALOSG242,4
ALOSH203,4
ALOSL275,4
ALOST197,4
ALOSU196,4
ALPA4T,4
ALPAB60,4
ALPAG940,4
ALPAG980,4
ALPAG991,4
ALPAH991,4
ALPAL880,4
ALPAS880,4
ALPAS891,4
ALPAT851,4
ALPAT891,4
ALPAU751,4
ALUPH295,4
ALUPS302,4
ALUPU300,4
AMBP3T,4
ANIMG475,4
ANIMH360,4
ANIMH370,4
ANIMH415,4
ANIMH480,4
ANIMI375,4
ANIMI395,4
ANIMS395,4
ANIMS415,4
ANIMT385,4
ANIMT445,4
ARMLG344,4
ARMLH434,4
ASAI3T,4
ASAIG829,4
ASAIG940,4
ASAIH140,4
ASAIH970,4
ASAII100,4
ASAII110,4
ASAIS920,4
ASAIS940,4
ASAIU123,4
AUREA110,4
AUREI119,4
AURET964,4
AUREU800,4
AUREU954,4
AUREW800,4
AZULG800,4
AZULH170,4
AZULI250,4
AZULJ130,4
AZULS265,4
AZULS275,4
AZULS405,4
AZULS415,4
AZULS580,4
AZULS70,4
AZULT125,4
AZULT149,4
AZULT205,4
AZULT305,4
AZULT340,4
AZULT415,4
AZULU499,4
AZULV800,4
AZZAG355,4
AZZAG410,4
AZZAG437,4
AZZAG440,4
AZZAG500,4
AZZAH320,4
AZZAH357,4
AZZAH505,4
AZZAI337,4
AZZAI432,4
AZZAI572,4
AZZAK425,4
AZZAQ320,4
AZZAQ400,4
AZZAS400,4
AZZAS42,4
AZZAS655,4
AZZAT265,4
AZZAT290,4
AZZAT300,4
AZZAT337,4
AZZAT362,4
AZZAT430,4
AZZAT435,4
AZZAT455,4
AZZAU17,4
AZZAU355,4
B1RF34,4
B1WA34,4
B3SAG135W1,4
B3SAG140W1,4
B3SAG145W1,4
B3SAG150,4
B3SAG150W1,4
B3SAG160W4,4
B3SAG165W4,4
B3SAG17,4
B3SAG938,4
B3SAH125W2,4
B3SAH140W5,4
B3SAH150W2,4
B3SAH950,4
B3SAH960,4
B3SAH970,4
B3SAH990,4
B3SAJ132,4
B3SAL110,4
B3SAL134,4
B3SAS145W1,4
B3SAS150W4,4
B3SAS166,4
B3SAS169,4
B3SAS181,4
B3SAT182,4
B3SAT189,4
B3SAU998,4
B3SAU999,4
B3SAV107,4
B3SAV122,4
B3SAV150,4
B3SAX111,4
BALM3,4
BBASC781,4
BBASG149,4
BBASG161,4
BBASG166,4
BBASG174,4
BBASG206W1,4
BBASG211W1,4
BBASG216W1,4
BBASG221W1,4
BBASG226W1,4
BBASG231W1,4
BBASG250W2,4
BBASG253W4,4
BBASG287,4
BBASG291,4
BBASG301,4
BBASH175W1,4
BBASH180W1,4
BBASH180W2,4
BBASH195W5,4
BBASH205W5,4
BBASH243W4,4
BBASH304,4
BBASH306,4
BBASH319,4
BBASI165,4
BBASI175,4
BBASI180,4
BBASI290,4
BBASI295,4
BBASI302,4
BBASJ165,4
BBASJ172,4
BBASJ195,4
BBASJ270,4
BBASJ290,4
BBASJ320,4
BBASJ388,4
BBASL180,4
BBASL195,4
BBASL273,4
BBASL278,4
BBASL318,4
BBASL365,4
BBASM232,4
BBASN26,4
BBASN683,4
BBASO208,4
BBASO269,4
BBASR214,4
BBASS181,4
BBASS193,4
BBASS195W4,4
BBASS216W1,4
BBASS221W1,4
BBASS226W1,4
BBASS231W1,4
BBASS236W1,4
BBASS241W1,4
BBASS246W1,4
BBASS251W1,4
BBASS256W1,4
BBASS261W1,4
BBASS264W1,4
BBASS274W4,4
BBASS275W2,4
BBASS289W1,4
BBASS314,4
BBASS431,4
BBAST139,4
BBAST185W5,4
BBAST195W5,4
BBAST227W2,4
BBAST240W2,4
BBAST304,4
BBAST306,4
BBAST314,4
BBASU124,4
BBASU129,4
BBASU145,4
BBASU287,4
BBASU302,4
BBASV23,4
BBASV279,4
BBASV320,4
BBASW242,4
BBASX190,4
BBASX258,4
BBASX263,4
BBASX273,4
BBDCB15,4
BBDCB3,4
BBDCE222,4
BBDCF164,4
BBDCF167,4
BBDCG122W4,4
BBDCG127W4,4
BBDCG140W1,4
BBDCG145W2,4
BBDCG150W1,4
BBDCG152W4,4
BBDCG155W2,4
BBDCG162W1,4
BBDCG165W1,4
BBDCG167W1,4
BBDCG170W1,4
BBDCH104,4
BBDCH134W1,4
BBDCH150W4,4
BBDCH150W5,4
BBDCH155W5,4
BBDCH175W5,4
BBDCH210,4
BBDCH441,4
BBDCH491,4
BBDCI116,4
BBDCI119,4
BBDCI120,4
BBDCI126,4
BBDCI157,4
BBDCI162,4
BBDCI20,4
BBDCI350,4
BBDCI6,4
BBDCJ141,4
BBDCJ142,4
BBDCJ180,4
BBDCJ185,4
BBDCJ186,4
BBDCJ200,4
BBDCJ209,4
BBDCK152,4
BBDCK191,4
BBDCL141,4
BBDCL2,4
BBDCN15,4
BBDCO13,4
BBDCQ15,4
BBDCS127,4
BBDCS155W2,4
BBDCS165W1,4
BBDCS167W1,4
BBDCS170W1,4
BBDCS172W1,4
BBDCS177W2,4
BBDCS182W4,4
BBDCS187W1,4
BBDCS215,4
BBDCT11,4
BBDCT122,4
BBDCT140W4,4
BBDCT145W4,4
BBDCT155W5,4
BBDCT223,4
BBDCT238,4
BBDCT253,4
BBDCT350,4
BBDCU115,4
BBDCU130,4
BBDCU150W1,4
BBDCU160,4
BBDCU18,4
BBDCU184,4
BBDCU206,4
BBDCV13,4
BBDCV171,4
BBDCV189,4
BBDCV250,4
BBDCW14,4
BBDCW152,4
BBDCX134,4
BBSEG257,4
BBSEG412,4
BBSEH259,4
BBSEH309,4
BBSEH419,4
BBSEH424,4
BBSEI423,4
BBSEL200,4
BBSEM337,4
BBSES399,4
BBSES417,4
BBSET292,4
BBSEU288,4
BBSEU38,4
BBSEV362,4
BBSEW344,4
BBSEX299,4
BBSEX359,4
BCHQ39,4
BCNY39,4
BDLL4,4
BEEFG431,4
BEEFG456,4
BEEFG470,4
BEEFG490W2,4
BEEFH466,4
BEEFH540W1,4
BEEFH651,4
BEEFI511,4
BEEFJ531,4
BEEFL650,4
BEEFS431,4
BEEFS490W2,4
BEEFS591,4
BEEFS810,4
BEEFT490W2,4
BEEFT540W1,4
BEEFT611,4
BEEFU376,4
BEEFU446,4
BEEFU451,4
BEEFU486,4
BEEFW444,4
BEMC39,4
BEWP39,4
BFDN39,4
BGRB11,4
BHIAB499,4
BHIAG245,4
BHIAG295,4
BHIAG310W4,4
BHIAG330W4,4
BHIAG410,4
BHIAG520,4
BHIAG560,4
BHIAH340W1,4
BHIAK400,4
BHIAL108,4
BHIAL13,4
BHIAL399,4
BHIAS355,4
BHIAS430,4
BHIAS45,4
BHIAS540,4
BHIAS620,4
BHIAS680,4
BHIAS700,4
BHIAT200,4
BHIAU110,4
BIAG39,4
BIEO39,4
BIJH39,4
BIOM12F,4
BMGB2,4
BMGBF17,4
BMGBJ400,4
BMGBL40,4
BMGBS382,4
BMIN4,4
BMOBG208,4
BMOBH213,4
BMOBH228,4
BOVAA137,4
BOVAA139,4
BOVAA160,4
BOVAB132,4
BOVAB163,4
BOVAD130,4
BOVAG102,4
BOVAG106,4
BOVAG109,4
BOVAG114W2,4
BOVAG114W4,4
BOVAG115W1,4
BOVAG117W1,4
BOVAG119W1,4
BOVAG120W1,4
BOVAG121W1,4
BOVAG122W1,4
BOVAG123W1,4
BOVAG124W1,4
BOVAG125W1,4
BOVAG126W1,4
BOVAG127W1,4
BOVAG128W1,4
BOVAG129W1,4
BOVAG130W1,4
BOVAG131W1,4
BOVAG132W1,4
BOVAG133W1,4
BOVAG134W1,4
BOVAG135W1,4
BOVAG136W1,4
BOVAG137W1,4
BOVAG138W1,4
BOVAG139W1,4
BOVAG140W1,4
BOVAG148W2,4
BOVAG152W4,4
BOVAG156,4
BOVAG950,4
BOVAH120W4,4
BOVAH138W5,4
BOVAH143W1,4
BOVAH143W2,4
BOVAH148W1,4
BOVAH152W1,4
BOVAH153,4
BOVAH154W1,4
BOVAH16,4
BOVAH163,4
BOVAI123W4,4
BOVAI133W4,4
BOVAI138W4,4
BOVAI200,4
BOVAJ113,4
BOVAJ125,4
BOVAJ800,4
BOVAK11,4
BOVAK12,4
BOVAK170,4
BOVAL119,4
BOVAL143,4
BOVAL6,4
BOVAL9,4
BOVAM100,4
BOVAM130,4
BOVAM131,4
BOVAN125,4
BOVAO159,4
BOVAP130,4
BOVAP140,4
BOVAS105,4
BOVAS110W4,4
BOVAS114W4,4
BOVAS123W2,4
BOVAS128W1,4
BOVAS130W1,4
BOVAS131W1,4
BOVAS132W1,4
BOVAS133W1,4
BOVAS134W1,4
BOVAS135W1,4
BOVAS136W1,4
BOVAS137W1,4
BOVAS138W1,4
BOVAS139W1,4
BOVAS140W1,4
BOVAS156W2,4
BOVAS159,4
BOVAS166W2,4
BOVAS8,4
BOVAT110W2,4
BOVAT114W2,4
BOVAT115W2,4
BOVAT116W2,4
BOVAT136W5,4
BOVAT141W1,4
BOVAT148W2,4
BOVAT150W2,4
BOVAT157,4
BOVAT189,4
BOVAT5,4
BOVAT800,4
BOVAT920,4
BOVAU130,4
BOVAU140,4
BOVAU151,4
BOVAU25,4
BOVAU26,4
BOVAU300,4
BOVAU895,4
BOVAV116,4
BOVAV125,4
BOVAV14,4
BOVAV790,4
BOVAW415,4
BOVAX129,4
BOVAX17,4
BOVVH129,4
BOVVI135,4
BOVVI145,4
BOVVV131,4
BPACG318,4
BPACG333,4
BPACG336,4
BPACG348,4
BPACG351,4
BPACG358,4
BPACG361,4
BPACG371,4
BPACG405W2,4
BPACG410W2,4
BPACG415W1,4
BPACG425W1,4
BPACG430W1,4
BPACG430W4,4
BPACG453,4
BPACG458,4
BPACG461,4
BPACG466,4
BPACH349,4
BPACH390W2,4
BPACH415W5,4
BPACH474,4
BPACI355,4
BPACI455,4
BPACK460,4
BPACL427,4
BPACM310,4
BPACN280,4
BPACS358,4
BPACS368,4
BPACS370W4,4
BPACS380W2,4
BPACS410W1,4
BPACS420W1,4
BPACS441,4
BPACT310,4
BPACT375W2,4
BPACT380W2,4
BPACT449,4
BPACT451,4
BPACT454,4
BPACU330,4
BPACU337,4
BPACU460,4
BPACX387,4
BPANG759,4
BPANG799,4
BPANG839,4
BPANG880,4
BPANH940,4
BPANI760,4
BPANS739,4
BPANW760,4
BPVE39,4
BRAPI205,4
BRAPL160,4
BRAPS187,4
BRAPS195,4
BRAPS205,4
BRAPS207,4
BRAPS220,4
BRAPS235,4
BRAPT192,4
BRAPU175,4
BRAPU180,4
BRAVG175W1,4
BRAVG175W2,4
BRAVG180W1,4
BRAVG210W4,4
BRAVG227,4
BRAVG250,4
BRAVH205W1,4
BRAVH215W2,4
BRAVL210,4
BRAVL295,4
BRAVL310,4
BRAVM190,4
BRAVS142,4
BRAVS175W1,4
BRAVS185W2,4
BRAVS195W4,4
BRAVS200W4,4
BRAVS205W4,4
BRAVS235,4
BRAVS237,4
BRAVS280,4
BRAVS300,4
BRAVS370,4
BRAVT121,4
BRAVT131,4
BRAVT180W2,4
BRAVT200W2,4
BRAVT246,4
BRAVT258,4
BRAVT271,4
BRAVU147,4
BRAVU152,4
BRAVU225,4
BRAVU242,4
BRAVU245,4
BRAVV150,4
BRAVV197,4
BRAVV210,4
BRAVW230,4
BRBI11T,4
BRFSB229,4
BRFSG186,4
BRFSG189,4
BRFSG251,4
BRFSH189,4
BRFSH192,4
BRFSH270,4
BRFSI265,4
BRFSI270,4
BRFSS171,4
BRFSS226,4
BRFSS229,4
BRFSS241,4
BRFSS244,4
BRFSS264,4
BRFSS279,4
BRFST155,4
BRFST235,4
BRFST240,4
BRFST255,4
BRKMG860,4
BRKMG890,4
BRKMH122,4
BRKMH132,4
BRKMI200,4
BRKMI800,4
BRKMK102,4
BRKMR850,4
BRKMS122,4
BRKMS250,4
BRKMS860,4
BRKMS870,4
BRKMT137,4
BRKMT152,4
BRKMT260,4
BRKMV720,4
BRKMW102,4
BRKMX800,4
BRSR5,4
BRSR6T,4
BRSRG113,4
BRSRI118,4
BRSRU107,4
C1DW34,4
CAML3T,4
CAMLH604,4
CAON34,4
CASHB900,4
CASHG130,4
CASHG500,4
CASHG560,4
CASHG940,4
CASHH580,4
CASHI940,4
CASHK900,4
CASHS760,4
CASHT970,4
CASHU680,4
CBAVG510,4
CBAVS410,4
CBAVS495,4
CEABG194,4
CEABG215,4
CEABH205,4
CEABH215,4
CEABI173,4
CEABI185,4
CEABS184,4
CEABS204,4
CEABT150,4
CEABU158,4
CMIGB2,4
CMIGF136,4
CMIGG116,4
CMIGG127,4
CMIGG990,4
CMIGH104,4
CMIGH135,4
CMIGJ113,4
CMIGK129,4
CMIGL108,4
CMIGL114,4
CMIGO11,4
CMIGS980,4
CMIGS988,4
CMIGU124,4
CMIGU992,4
CMIGW106,4
CMING640,4
CMINJ524,4
CMINQ600,4
CMINU457,4
CMINU597,4
CNES11Q,4
COGNB20,4
COGNB350,4
COGNF250,4
COGNG160,4
COGNG190,4
COGNG280W1,4
COGNG290W4,4
COGNG300W2,4
COGNG300W4,4
COGNG349,4
COGNG40,4
COGNH128,4
COGNH138,4
COGNH153,4
COGNH270W2,4
COGNH290W1,4
COGNH363,4
COGNH400,4
COGNI148,4
COGNI213,4
COGNI313,4
COGNI338,4
COGNI358,4
COGNI400,4
COGNJ318,4
COGNK358,4
COGNL100,4
COGNO25,4
COGNR250,4
COGNS250,4
COGNS318,4
COGNS460,4
COGNS480,4
COGNS490,4
COGNS510,4
COGNS520,4
COGNS65,4
COGNS690,4
COGNT140,4
COGNT260W2,4
COGNT280W1,4
COGNT368,4
COGNT740,4
COGNU288,4
COGNU313,4
COGNU333,4
COGNU368,4
COGNV233,4
COGNV238,4
COGNV258,4
COGNV273,4
COGNX349,4
CPAY34,4
CPFEG39,4
CPFEG427,4
CPFEG445,4
CPFEH437,4
CPFEI407,4
CPFES38,4
CPFES405,4
CPFEX392,4
CPLEG139,4
CPLEG99,4
CPLEH109,4
CPLEI956,4
CPLEV967,4
CRPG6,4
CSANA750,4
CSANG680W4,4
CSANG700W2,4
CSANG740W4,4
CSANG910,4
CSANH620W2,4
CSANH660W2,4
CSANI835,4
CSANJ275,4
CSANS107,4
CSANS125,4
CSANS14,4
CSANS16,4
CSANS166,4
CSANS17,4
CSANS940,4
CSANS950,4
CSANS960,4
CSANT110,4
CSANT360,4
CSANT560W2,4
CSANT560W4,4
CSANT865,4
CSANT895,4
CSANT925,4
CSANT935,4
CSANU115,4
CSANU705,4
CSANU785,4
CSANU895,4
CSANV175,4
CSANV610,4
CSANV630,4
CSANV690,4
CSANV700,4
CSANV750,4
CSANW550,4
CSANW570,4
CSANX120,4
CSANX850,4
CSMGG219,4
CSMGG234,4
CSMGG276,4
CSMGH227,4
CSMGH325,4
CSMGI262,4
CSMGI282,4
CSMGI285,4
CSMGI287,4
CSMGI292,4
CSMGS230,4
CSMGS271,4
CSMGT210,4
CSMGU257,4
CSMGU262,4
CSNAC160,4
CSNAC908,4
CSNAG690,4
CSNAG780W1,4
CSNAG880W2,4
CSNAH719,4
CSNAH800W2,4
CSNAH920W2,4
CSNAH940W1,4
CSNAI105,4
CSNAJ114,4
CSNAK929,4
CSNAL105,4
CSNAL180,4
CSNAP804,4
CSNAS112,4
CSNAS117,4
CSNAS122,4
CSNAS127,4
CSNAS150,4
CSNAS860W4,4
CSNAT135,4
CSNAT579,4
CSNAT720W2,4
CSNAT740W2,4
CSNAT800W2,4
CSNAT820W2,4
CSNAT880W1,4
CSNAU115,4
CSNAV15,4
CSNAV749,4
CSNAV819,4
CSNAX100,4
CURY3T,4
CURYH293,4
CURYS273,4
CURYS288,4
CVCBA500,4
CVCBG20,4
CVCBG210,4
CVCBG290,4
CVCBI105,4
CVCBI210,4
CVCBK349,4
CVCBT299,4
CVCBT340,4
CVCBT50,4
CVCBT60,4
CVCBU235,4
CVCBU280,4
CVCBU399,4
CVCBV330,4
CVCBX200,4
CXSEC149,4
CXSED800,4
CXSEG160,4
CXSEG162,4
CXSEH167,4
CXSEH850,4
CXSEJ14,4
CXSEJ161,4
CXSEL157,4
CXSEM139,4
CXSEU130,4
CYREG220,4
CYREH194,4
CYREH204,4
CYREH216,4
CYREH314,4
CYREI204,4
CYREI219,4
CYREI229,4
CYREI234,4
CYRET204,4
CYRET284,4
CYRET300,4
CYREU189,4
CYREU209,4
CYREU211,4
CYREU261,4
CYREU274,4
CYREV236,4
D1OM34,4
DIRR3T,4
DIRRG375,4
DIRRG425,4
DIRRH465,4
DIRRI42,4
DIRRI485,4
DIRRL270,4
DIRRS430,4
DIRRT385,4
DIRRT390,4
DIRRT430,4
DIRRT500,4
DIRRT520,4
DIRRU410,4
DXCOH609,4
DXCOH619,4
DXCOI549,4
DXCOI600,4
DXCOS574,4
DXCOS959,4
DXCOT509,4
DXCOU979,4
E2XE34,4
ECORS690,4
ECORU640,4
ECORU700,4
EGIEG410E,4
EGIEG46,4
EGIEG475,4
EGIEH382,4
EGIEJ441,4
EGIEL500,4
EGIES390,4
EGIET342,4
EGIET347,4
EGIEU346,4
EGIEU430,4
EGIEX396,4
EIRA11,4
EKTR3,4
ELETG393,4
ELETG429,4
ELETG435,4
ELETG443,4
ELETG450,4
ELETG451,4
ELETH398,4
ELETH408,4
ELETH437,4
ELETH450,4
ELETH458,4
ELETH506,4
ELETI1,4
ELETI41,4
ELETI413,4
ELETI441,4
ELETI457,4
ELETI47,4
ELETN35,4
ELETS438,4
ELETS461,4
ELETT328,4
ELETT373,4
ELETT45,4
ELETT460,4
ELETU33,4
ELETU338,4
ELETU358,4
ELETU360,4
ELETU363,4
ELETU368,4
ELETU373,4
ELETU41,4
ELETV366,4
ELETX1,4
ELETX380,4
ELETX39,4
EMBRA800,4
EMBRG570,4
EMBRG605,4
EMBRG630,4
EMBRG640W4,4
EMBRG720W2,4
EMBRG750W1,4
EMBRG760W1,4
EMBRG770W1,4
EMBRG790W1,4
EMBRG800W1,4
EMBRG820W4,4
EMBRG850W2,4
EMBRH111,4
EMBRH580,4
EMBRH620,4
EMBRH730W2,4
EMBRH760W2,4
EMBRH800W5,4
EMBRH820W2,4
EMBRH860W2,4
EMBRI10,4
EMBRI103,4
EMBRI115,4
EMBRI624,4
EMBRI854,4
EMBRI864,4
EMBRI929,4
EMBRI934,4
EMBRI974,4
EMBRI979,4
EMBRJ540,4
EMBRJ764,4
EMBRJ799,4
EMBRJ869,4
EMBRJ924,4
EMBRK610,4
EMBRL65,4
EMBRN610,4
EMBRP680,4
EMBRQ660,4
EMBRR610,4
EMBRS539,4
EMBRS670W2,4
EMBRS750W1,4
EMBRS760W1,4
EMBRS770W1,4
EMBRS790W1,4
EMBRS790W4,4
EMBRS800W1,4
EMBRS840W2,4
EMBRS879,4
EMBRT419,4
EMBRT434,4
EMBRT444,4
EMBRT454,4
EMBRT464,4
EMBRT570W2,4
EMBRT670W2,4
EMBRT690W2,4
EMBRT770W1,4
EMBRT790W2,4
EMBRT800W2,4
EMBRT824,4
EMBRU779,4
EMBRU784,4
EMBRV550,4
EMBRV619,4
EMBRV629,4
EMBRV674,4
EMBRV839,4
EMBRX800,4
EMBRX850,4
ENEVG122,4
ENEVT120,4
ENEVT122,4
ENEVT145,4
ENGIG453,4
ENGIG511,4
ENGIH458,4
ENGIH481,4
ENGII501,4
ENGIS481,4
ENGIT446,4
ENGIT481,4
ENGIU441,4
ENGIU451,4
ENMT3,4
EQTLG385,4
EQTLG392,4
EQTLG397,4
EQTLH312,4
EQTLI347,4
EQTLI383,4
EQTLI385,4
EQTLI388,4
EQTLS330,4
EQTLS375,4
EQTLT297,4
EQTLT373,4
EQTLU307,4
EQTLU312,4
EQTLU315,4
EQTLU320,4
EQTLV313,4
EVENH700,4
EVENH760,4
EVENI740,4
EVENI800,4
EZTC3T,4
EZTCG153,4
EZTCT148,4
FDES11,4
FLRYB200,4
FLRYK142,4
FLRYM14,4
FRIO3,4
FTCE11,4
GEHC34,4
GFSAG180,4
GFSAG90,4
GFSAH455,4
GGBRB184,4
GGBRB280,4
GGBRG146,4
GGBRG155W2,4
GGBRG155W4,4
GGBRG160W1,4
GGBRG163W1,4
GGBRG165W1,4
GGBRG170W1,4
GGBRG196,4
GGBRH185W1,4
GGBRI185W4,4
GGBRI206,4
GGBRK180,4
GGBRK185,4
GGBRN167,4
GGBRS136,4
GGBRS138,4
GGBRS141,4
GGBRS143,4
GGBRS150W2,4
GGBRS150W4,4
GGBRS155W2,4
GGBRS191,4
GGBRS196,4
GGBRT119,4
GGBRT145W2,4
GGBRT160W2,4
GGBRT165W2,4
GGBRT185W1,4
GGBRT198,4
GGBRU128,4
GGBRU198,4
GGBRU210,4
GGBRW157,4
GGPSI160,4
GMATG855,4
GOAUG105,4
GOAUH2,4
GOAUK927,4
GOAUS10,4
GOAUT112,4
GOAUT765,4
GOAUU103,4
GOAUU687,4
GOAUV10,4
GOLL54T,4
GRND3T,4
GRNDH650,4
GRNDI600,4
GRNDT470,4
GRNDU495,4
GRNDU530,4
GUARG780,4
GUARH820,4
GUARH920,4
H1RL34,4
HAPVG30,4
HAPVG330W4,4
HAPVG365W2,4
HAPVG370,4
HAPVG380,4
HAPVH300,4
HAPVH302,4
HAPVH31,4
HAPVH325W1,4
HAPVH335W1,4
HAPVH417,4
HAPVH422,4
HAPVH450,4
HAPVI200,4
HAPVI250,4
HAPVI260,4
HAPVI305,4
HAPVI312,4
HAPVI35,4
HAPVI367,4
HAPVI395,4
HAPVI437,4
HAPVI442,4
HAPVI445,4
HAPVI460,4
HAPVK280,4
HAPVL249,4
HAPVS315,4
HAPVS320W4,4
HAPVS33,4
HAPVS335W4,4
HAPVS365W2,4
HAPVS36W4,4
HAPVT302,4
HAPVT305W1,4
HAPVT320W1,4
HAPVT320W2,4
HAPVT375W1,4
HAPVU242,4
HAPVU325,4
HAPVU345,4
HAPVU355,4
HAPVU362,4
HAPVV300,4
HBORG250,4
HBORH195,4
HBORT190,4
HBORT195,4
HBORT200,4
HOFC11Q,4
HYPEG205,4
HYPEG225,4
HYPEG250,4
HYPEG270,4
HYPEG307,4
HYPEH207,4
HYPEH237,4
HYPEH26,4
HYPEI237,4
HYPEI252,4
HYPEJ297,4
HYPES260,4
HYPET222,4
HYPEU22,4
HYPEU237,4
IBOVC160,4
IBOVG121,4
IBOVG123,4
IBOVG125,4
IBOVG126,4
IBOVG127,4
IBOVG128,4
IBOVG129,4
IBOVG132,4
IBOVG133W5,4
IBOVG139W4,4
IBOVH110,4
IBOVH123,4
IBOVH125,4
IBOVI151,4
IBOVI40,4
IBOVI41,4
IBOVJ141,4
IBOVJ148,4
IBOVK136,4
IBOVK139,4
IBOVK140,4
IBOVL147,4
IBOVL50,4
IBOVL8,4
IBOVS131W5,4
IBOVS137W2,4
IBOVS139W4,4
IBOVU115,4
IBOVU120,4
IBOVU125,4
IBOVV127,4
IBOVV133,4
IBOVV141,4
IBOVV145,4
IBOVW123,4
IGTIG213,4
IGTIG238,4
IGTIG243,4
IGTIH230,4
IGTII202,4
IGTIS213,4
IGTIU227,4
IGTIU232,4
INBRG365,4
INTBG152,4
INTBG157,4
INTBG162,4
INTBH140,4
INTBH142,4
INTBS142,4
INTBT140,4
INTBT162,4
INTBU140,4
INTBU142,4
IRBRG435,4
IRBRG487,4
IRBRG497,4
IRBRG575,4
IRBRH575,4
IRBRI425,4
IRBRI432,4
IRBRI455,4
IRBRI465,4
IRBRI477,4
IRBRI482,4
IRBRI605,4
IRBRM490,4
IRBRN50,4
IRBRS482,4
IRBRS505,4
IRBRS510,4
IRBRS560,4
IRBRT350,4
IRBRT370,4
IRBRT550,4
IRBRT560,4
IRBRU427,4
IRBRU467,4
IRBRU475,4
IRBRU485,4
IRBRU492,4
IRBRU510,4
IRBRU525,4
IRBRV380,4
ISAEB400,4
ISAEG224,4
ISAEH201,4
ISAEH256,4
ISAEI223,4
ISAEN239,4
ISAES250,4
ISAEU24,4
ISAEV221,4
ITSAA160,4
ITSAB106,4
ITSAG105W1,4
ITSAG115W2,4
ITSAG123,4
ITSAG600,4
ITSAG691,4
ITSAH100W2,4
ITSAH110W5,4
ITSAH381,4
ITSAH711,4
ITSAI129,4
ITSAI882,4
ITSAI972,4
ITSAJ107,4
ITSAJ117,4
ITSAL100,4
ITSAS11,4
ITSAS123,4
ITSAS125,4
ITSAS138,4
ITSAS900,4
ITSAS991,4
ITSAT141,4
ITSAT980W1,4
ITSAU110,4
ITSAU922,4
ITSAV107,4
ITSAW900,4
ITUBE407,4
ITUBG246,4
ITUBG266,4
ITUBG29,4
ITUBG30,4
ITUBG334W4,4
ITUBG340W4,4
ITUBG345W4,4
ITUBG364W1,4
ITUBG365W1,4
ITUBG369W1,4
ITUBG370W1,4
ITUBG374W1,4
ITUBG375W1,4
ITUBG380W1,4
ITUBG385W1,4
ITUBH311,4
ITUBH340W1,4
ITUBH347W2,4
ITUBH35,4
ITUBH359,4
ITUBH360W4,4
ITUBH367W2,4
ITUBH385W2,4
ITUBH395W2,4
ITUBI284,4
ITUBI346,4
ITUBI349,4
ITUBI352,4
ITUBI398,4
ITUBJ33,4
ITUBJ34,4
ITUBJ358,4
ITUBK366,4
ITUBL331,4
ITUBL383,4
ITUBL413,4
ITUBS343,4
ITUBS360W1,4
ITUBS363,4
ITUBS366,4
ITUBS379W2,4
ITUBT337W1,4
ITUBT395W1,4
ITUBU331,4
ITUBU339,4
ITUBU392,4
ITUBU421,4
ITUBV324,4
ITUBV329,4
ITUBV344,4
ITUBW355,4
ITUBX378,4
ITUBX380,4
IVVB11T,4
JBSSE930,4
JBSSG817,4
JBSSG825,4
JBSSG927,4
JBSSG932,4
JBSSH737,4
JBSSH94,4
JBSSL940,4
JBSSS817,4
JBSSS954,4
JBSSS955,4
JBSSS992,4
JBSST110,4
JBSST752,4
JBSST932,4
JCIN11,4
JHSFG296,4
JHSFH413,4
JHSFH423,4
JHSFH453,4
JHSFH460,4
JHSFH490,4
JHSFI600,4
JHSFS490,4
JHSFS495,4
JHSFS604,4
JHSFS680,4
JHSFU480,4
K1IM34,4
K2RC34,4
KEPLG830,4
KEPLG890,4
KEPLH890,4
KEPLI150,4
KEPLS790,4
KEPLW770,4
KLBNG175,4
KLBNG210,4
KLBNH222,4
KLBNJ199,4
KLBNQ170,4
KLBNS165,4
KLBNS205,4
KLBNS222,4
KLBNT223,4
KLBNT297,4
KLBNU199,4
KLBNV177,4
KLBNV189,4
KLBNV199,4
KLBNX220,4
L1HX34,4
LEVEG320,4
LEVEG330,4
LEVEH280,4
LEVEH295,4
LEVEI300,4
LEVET269,4
LJQQG260,4
LJQQH280,4
LJQQI260,4
LJQQI300,4
LJQQS230,4
LJQQS320,4
LJQQT260,4
LJQQU230,4
LRENA220,4
LRENB180,4
LRENF190,4
LRENG117,4
LRENG160,4
LRENG190W1,4
LRENG195W1,4
LRENG200W1,4
LRENG205W2,4
LRENG205W4,4
LRENG215W2,4
LRENJ24,4
LRENK210,4
LRENL190,4
LRENS145,4
LRENS148,4
LRENS160W4,4
LRENS175W2,4
LRENS180W1,4
LRENS185W1,4
LRENS190W1,4
LRENS195W1,4
LRENS195W4,4
LRENS248,4
LRENT150W1,4
LRENT150W2,4
LRENT155W2,4
LRENT223,4
LRENU133,4
LRENU136,4
LRENU193,4
LRENV145,4
LRENW160,4
LWSAG440,4
LWSAI345,4
LWSAI440,4
LWSAI460,4
LWSAS405,4
LWSAS425,4
M1PC34,4
MAPT3F,4
MDIAG259,4
MDIAG269,4
MDIAH240,4
MDIAH250,4
MDIAH252,4
MDIAI261,4
MDIAT247,4
MDIAT250,4
MDIAU236,4
MELK3T,4
MGLUA80,4
MGLUC105,4
MGLUC250,4
MGLUE200,4
MGLUG100W4,4
MGLUG134,4
MGLUG689,4
MGLUG780W1,4
MGLUG820W2,4
MGLUG90,4
MGLUG920W1,4
MGLUG940W1,4
MGLUG980W4,4
MGLUH100W4,4
MGLUH140,4
MGLUH449,4
MGLUH599,4
MGLUH740W2,4
MGLUH900W4,4
MGLUH940W1,4
MGLUH940W4,4
MGLUJ106,4
MGLUJ244,4
MGLUJ639,4
MGLUJ779,4
MGLUJ829,4
MGLUJ839,4
MGLUK1,4
MGLUK764,4
MGLUL120,4
MGLUS164,4
MGLUS204,4
MGLUS209,4
MGLUS680,4
MGLUS690,4
MGLUS740W4,4
MGLUS880W1,4
MGLUS900W1,4
MGLUS920W1,4
MGLUS940W1,4
MGLUS960W1,4
MGLUT138,4
MGLUT143,4
MGLUT170,4
MGLUT188,4
MGLUT494,4
MGLUT509,4
MGLUT660W1,4
MGLUT66W2,4
MGLUT680W1,4
MGLUT700W1,4
MGLUT700W2,4
MGLUT710,4
MGLUT795,4
MGLUT920W1,4
MGLUT940W1,4
MGLUU108,4
MGLUU175,4
MGLUU25,4
MGLUU30,4
MGLUU454,4
MGLUU529,4
MGLUU559,4
MGLUU939,4
MGLUU979,4
MGLUV101,4
MGLUV589,4
MGLUV649,4
MGLUV749,4
MGLUV879,4
MGLUV889,4
MGLUV959,4
MGLUW664,4
MGLUX10,4
MILSG107,4
MILSG118,4
MILST108,4
MOTVG130,4
MOTVI143,4
MOTVU113,4
MOTVU118,4
MOTVU130,4
MOVIH820,4
MOVII680,4
MOVII765,4
MOVIS878,4
MOVIT760,4
MOVIU500,4
MOVIU620,4
MOVIU660,4
MRFGG195,4
MRFGG277,4
MRFGH137,4
MRFGH142,4
MRFGH192,4
MRFGI290,4
MRFGI315,4
MRFGS257,4
MRFGS265,4
MRVEA14,4
MRVEA500,4
MRVEE77,4
MRVEH730,4
MRVEH980,4
MRVEJ680,4
MRVEK600,4
MRVES810,4
MRVET770,4
MRVET980,4
MRVEU690,4
MRVEU710,4
MRVEV480,4
MRVEW500,4
MRVEX10,4
MTREI433,4
MULTG248,4
MULTG253,4
MULTG280,4
MULTI283,4
MULTI288,4
MULTS245,4
MULTS265,4
MULTS270,4
MULTT267,4
MULTU228,4
MULTU248,4
MWET3F,4
MYPKI138,4
MYPKT132,4
N2TN34,4
NATUG117,4
NATUG125,4
NATUG930,4
NATUH820,4
NATUH840,4
NATUH960W1,4
NATUJ112,4
NATUJ130,4
NATUS122,4
NATUS132,4
NATUS160,4
NATUS180,4
NATUS930,4
NATUT152,4
NATUT170,4
NATUT340,4
NATUT720,4
NATUT920W1,4
NATUT940W1,4
NATUU105,4
NATUV856,4
NATUV966,4
NEOE3T,4
NEOEG246,4
NEOEG264,4
NEOEH241,4
NEOET241,4
NEOEU226,4
NVDC34T,4
NVDCH170,4
NVDCH175,4
NVRP11,4
ODPVH109,4
ODPVH135,4
ODPVS113,4
OULG11Q,4
P1HM34,4
PCARA300,4
PCARG235,4
PCARG410,4
PCARH235,4
PCARH245,4
PCARL500,4
PCARS45,4
PCARS780,4
PCART375,4
PCART385,4
PCART800,4
PCART90,4
PCART940,4
PCART990,4
PCARU60,4
PCARV323,4
PCARW300,4
PCARX50,4
PETRA256,4
PETRA371,4
PETRA388,4
PETRB400,4
PETRC480,4
PETRD301,4
PETRD336,4
PETRD360,4
PETRD50,4
PETRG125,4
PETRG147,4
PETRG160,4
PETRG170,4
PETRG185,4
PETRG195,4
PETRG207,4
PETRG217,4
PETRG227,4
PETRG300W1,4
PETRG305W1,4
PETRG310,4
PETRG310W1,4
PETRG315W1,4
PETRG320W1,4
PETRG325,4
PETRG325W1,4
PETRG330W1,4
PETRG335W1,4
PETRG350W1,4
PETRG395,4
PETRG407,4
PETRG440,4
PETRG450,4
PETRH138,4
PETRH175,4
PETRH185,4
PETRH195,4
PETRH210,4
PETRH218,4
PETRH225,4
PETRH270W1,4
PETRH303,4
PETRH312W4,4
PETRH319W4,4
PETRH320W5,4
PETRH326,4
PETRH344W4,4
PETRH349W4,4
PETRH355W5,4
PETRH365W2,4
PETRH370W1,4
PETRH375W1,4
PETRH375W2,4
PETRH439,4
PETRH829,4
PETRI158,4
PETRI160,4
PETRI170,4
PETRI201,4
PETRI243,4
PETRI253,4
PETRI355,4
PETRI405,4
PETRI417,4
PETRJ316,4
PETRJ352,4
PETRJ382,4
PETRJ406,4
PETRJ492,4
PETRK30,4
PETRK307,4
PETRK327,4
PETRK347,4
PETRL306,4
PETRL364,4
PETRL465,4
PETRM296,4
PETRM308,4
PETRO480,4
PETRP360,4
PETRP48,4
PETRQ24,4
PETRR430,4
PETRR440,4
PETRS260,4
PETRS262,4
PETRS270,4
PETRS285W4,4
PETRS295W2,4
PETRS315W1,4
PETRS320W1,4
PETRS325W1,4
PETRS330W1,4
PETRS335,4
PETRS335W1,4
PETRS340W1,4
PETRS341,4
PETRS345W1,4
PETRS350W1,4
PETRS355W1,4
PETRS360,4
PETRS360W1,4
PETRS365W1,4
PETRS370W1,4
PETRS375W1,4
PETRS431,4
PETRS435,4
PETRS464,4
PETRT193,4
PETRT218,4
PETRT270W2,4
PETRT275W1,4
PETRT29,4
PETRT307W4,4
PETRT312W4,4
PETRT345W5,4
PETRT360W2,4
PETRT370W2,4
PETRT382,4
PETRT395W1,4
PETRT473,4
PETRT574,4
PETRT600,4
PETRU203,4
PETRU210,4
PETRU255,4
PETRU265,4
PETRU289,4
PETRU309,4
PETRU360,4
PETRU393,4
PETRU403,4
PETRV201,4
PETRV245,4
PETRV248,4
PETRV34,4
PETRV376,4
PETRV416,4
PETRW231,4
PETRW287,4
PETRW334,4
PETRX259,4
PETRX31,4
PETRX323,4
PETZA600,4
PETZB500,4
PETZG221,4
PETZG331,4
PETZG35,4
PETZH561,4
PETZH571,4
PETZH601,4
PETZI378,4
PETZI643,4
PETZJ420,4
PETZK390,4
PETZS115,4
PETZS331,4
PETZS346,4
PETZS370,4
PETZS681,4
PETZS691,4
PETZS711,4
PETZS721,4
PETZS741,4
PETZS851,4
PETZS861,4
PETZS991,4
PETZT316,4
PETZT446,4
PETZT591,4
PETZT601,4
PETZT611,4
PETZT711,4
PETZT751,4
PETZT771,4
PETZT781,4
PETZT821,4
PETZT831,4
PETZT90,4
PETZT901,4
PETZT951,4
PETZT961,4
PETZT971,4
PETZU463,4
PETZU543,4
PETZW120,4
PETZX431,4
PETZX50,4
PLPL3T,4
PNVLG946,4
PNVLH966,4
PNVLI109,4
POMOA800,4
POMOG717,4
POMOI840,4
POMOI910,4
POMOS830,4
POMOT720,4
POMOT870,4
POMOT910,4
POMOT930,4
POMOU107,4
POSIG500,4
POSII423,4
POSIL60,4
POSIL70,4
POSIS50,4
POSIT40,4
POSIT460,4
POSIU393,4
PRIOA422,4
PRIOB300,4
PRIOF54,4
PRIOG357,4
PRIOG365,4
PRIOG380W2,4
PRIOG405W2,4
PRIOG405W4,4
PRIOG410,4
PRIOG410W1,4
PRIOG415W1,4
PRIOG420W1,4
PRIOG425W1,4
PRIOG430W1,4
PRIOG435W1,4
PRIOG445W2,4
PRIOG450W2,4
PRIOG455W2,4
PRIOG465W4,4
PRIOG485,4
PRIOG490,4
PRIOH345,4
PRIOH357,4
PRIOH365,4
PRIOH372,4
PRIOH382,4
PRIOH395W1,4
PRIOH400W1,4
PRIOH405W1,4
PRIOH430W4,4
PRIOH480W5,4
PRIOH535,4
PRIOH555,4
PRIOI495,4
PRIOI557,4
PRIOJ440,4
PRIOJ445,4
PRIOJ490,4
PRIOL436,4
PRIOL500,4
PRIOL590,4
PRIOM372,4
PRIOS332,4
PRIOS355,4
PRIOS365W2,4
PRIOS385W2,4
PRIOS390W1,4
PRIOS400W1,4
PRIOS405W1,4
PRIOS410W1,4
PRIOS415W1,4
PRIOS420W1,4
PRIOS430W1,4
PRIOS440W1,4
PRIOS445W2,4
PRIOS450W4,4
PRIOS467,4
PRIOS480,4
PRIOS490,4
PRIOS500,4
PRIOS525,4
PRIOT317,4
PRIOT342,4
PRIOT390W4,4
PRIOT465W5,4
PRIOT472,4
PRIOT475,4
PRIOT480,4
PRIOT495,4
PRIOU345,4
PRIOU350,4
PRIOU485,4
PRIOU487,4
PRIOW394,4
PRIOX445,4
PSSAJ571,4
PSSAS570,4
PSSAT495,4
PSSAT580,4
PSVM11,4
QUALA500,4
QUALG210,4
QUALH105,4
QUALH250,4
QUALH260,4
QUALI170,4
QUALI185,4
QUALI210,4
QUALM200,4
QUALN20,4
QUALS195,4
QUALU140,4
QUALU20,4
QUALV200,4
QUALW200,4
R1DY34,4
R1MD34,4
RADLG171,4
RADLI180,4
RADLJ173,4
RADLS118,4
RADLS194,4
RADLS216,4
RADLS244,4
RADLS254,4
RADLS274,4
RADLT108,4
RADLT166,4
RADLT173,4
RADLT178,4
RADLU178,4
RAILG175,4
RAILG177,4
RAILH159,4
RAILI177,4
RAILI207,4
RAILI230,4
RAILI250,4
RAILK17,4
RAILT205,4
RAILT210,4
RAILU150,4
RAIZB460,4
RAIZG140,4
RAIZG145,4
RAIZH240,4
RAIZI210,4
RAIZJ176,4
RAIZL20,4
RAIZN460,4
RAIZS199,4
RAIZS220,4
RAIZS270,4
RAIZS290,4
RAIZT780,4
RAIZU310,4
RAIZU780,4
RAIZW150,4
RANIG794,4
RANII823,4
RANIU723,4
RANIX773,4
RAPTH900,4
RAPTH915,4
RAPTH995,4
RAPTI755,4
RAPTL100,4
RAPTS900,4
RAPTU795,4
RBLG11,4
RDORG350,4
RDORG361,4
RDORH326,4
RDORH341,4
RDORH371,4
RDORH400,4
RDORH410,4
RDORI358,4
RDORS370,4
RDORT306,4
RDORT365,4
RDORV280,4
RECVG150,4
RECVG157,4
RECVI132,4
RECVS157,4
RECVT122,4
RENTG355W4,4
RENTG358,4
RENTG365W4,4
RENTG375W4,4
RENTG420W2,4
RENTG496,4
RENTG506,4
RENTH336,4
RENTH338,4
RENTH375W1,4
RENTH516,4
RENTH521,4
RENTI339,4
RENTI425,4
RENTI440,4
RENTJ376,4
RENTJ378,4
RENTO300,4
RENTS323,4
RENTS350W4,4
RENTS375W4,4
RENTS390W1,4
RENTS400W1,4
RENTS405W1,4
RENTS405W4,4
RENTS430W2,4
RENTS478,4
RENTT288,4
RENTT350W2,4
RENTT365W2,4
RENTT443,4
RENTT448,4
RENTU300,4
RENTU321,4
RENTU326,4
RENTU331,4
RENTU376,4
RENTU403,4
RENTV321,4
RENTV353,4
RENTX426,4
ROMIG985,4
ROMII100,4
ROMIS865,4
ROMIU845,4
RPAD6F,4
S1YM34,4
SANBS259,4
SANBU226,4
SANBX293,4
SAPR4T,4
SAPRG320,4
SAPRG375,4
SAPRH313,4
SAPRH320,4
SAPRH323,4
SAPRH338,4
SAPRI382,4
SAPRS360,4
SAPRT380,4
SAPRU314,4
SAPRU335,4
SAPRU352,4
SAPRU355,4
SARE11Q,4
SBFGI124,4
SBSPG106,4
SBSPG107,4
SBSPI105,4
SBSPI116,4
SBSPI119,4
SBSPJ105,4
SBSPJ112,4
SBSPL116,4
SBSPU115,4
SBSPU116,4
SBSPU126,4
SBSPU946,4
SEERG905,4
SEQL3T,4
SIMHG485,4
SIMHG513,4
SIMHG573,4
SIMHG590,4
SIMHG610,4
SIMHH413,4
SIMHH438,4
SIMHH448,4
SIMHH473,4
SIMHI433,4
SIMHI453,4
SIMHI70,4
SIMHJ643,4
SIMHS448,4
SIMHS570,4
SIMHS650,4
SIMHT130,4
SIMHT458,4
SIMHT493,4
SIMHT663,4
SLCEH210,4
SLCET159,4
SLCET199,4
SMALF157,4
SMALG101W4,4
SMALG106W1,4
SMALG108W1,4
SMALG110W1,4
SMALG905,4
SMALG915,4
SMALG995,4
SMALH106W4,4
SMALH910,4
SMALH960,4
SMALH980W5,4
SMALI930,4
SMALI970,4
SMALL110,4
SMALL117,4
SMALO950,4
SMALS106W1,4
SMALS108W1,4
SMALS110W1,4
SMALS110W4,4
SMALS935,4
SMALS940,4
SMALS970W4,4
SMALT106W2,4
SMALT970W1,4
SMALU107,4
SMALU109,4
SMALU850,4
SMALU880,4
SMALX114,4
SMFTH219,4
SMFTT200,4
SMFTT208,4
SMTOH210,4
SMTOI210,4
SMTOI215,4
SMTOS210,4
SMTOU150,4
SOJAG115,4
SUZBA600,4
SUZBF540,4
SUZBG510W1,4
SUZBG520W1,4
SUZBG530W1,4
SUZBG540W2,4
SUZBG550W2,4
SUZBG630,4
SUZBH540W2,4
SUZBH550W2,4
SUZBJ530,4
SUZBK525,4
SUZBK608,4
SUZBL522,4
SUZBR540,4
SUZBS452,4
SUZBS510W1,4
SUZBS520W1,4
SUZBS530W1,4
SUZBS587,4
SUZBS597,4
SUZBT465W2,4
SUZBT495W2,4
SUZBT520W2,4
SUZBT630,4
SUZBT650,4
SUZBU457,4
SUZBU462,4
SUZBU472,4
SUZBU567,4
SUZBU582,4
SUZBV455,4
SUZBV500,4
SUZBW770,4
T1CH34,4
T2YL34,4
TAEEB32,4
TAEEG395,4
TAEEH317,4
TAEEH336,4
TAEEI391,4
TAEEJ351,4
TAEES375,4
TAEET312,4
TAEET316,4
TAEET367,4
TAEET386,4
TAEEX360,4
TASAB80,4
TASAI519,4
TASAS800,4
TENDH100,4
TENDH223,4
TENDH248,4
TENDH268,4
TENDS220,4
TENDS230,4
TENDS240,4
TENDT193,4
TENDT213,4
TIMSG190,4
TIMSG194,4
TIMSH249,4
TIMSI199,4
TIMSI203,4
TIMSS22,4
TKNO3,4
TOTSH396,4
TOTSH408,4
TOTSI401,4
TOTSS393,4
TOTSS418,4
TOTST441,4
TRISH630,4
TRIST600,4
TRIST620,4
TTENH143,4
TTENI155,4
TUPYG195,4
TUPYS195,4
TUPYT150,4
TUPYT190,4
TUPYU150,4
UGPAI145,4
UGPAO16,4
UGPAS195,4
UGPAS200,4
UGPAT134,4
UGPAT171,4
UGPAU135,4
UNIPH552,4
UNIPH582,4
UNIPH642,4
UNIPI615,4
USIM3T,4
USIMD600,4
USIME700,4
USIMG410W1,4
USIMG420W1,4
USIMG430W1,4
USIMG440W1,4
USIMG570,4
USIMG600,4
USIMH340,4
USIMH355,4
USIMH375,4
USIMH390W1,4
USIMH420W4,4
USIMH430W4,4
USIMH600,4
USIMH610,4
USIMI372,4
USIMI532,4
USIMJ10,4
USIMJ402,4
USIMJ800,4
USIMK700,4
USIMQ90,4
USIMS110,4
USIMS205,4
USIMS400W2,4
USIMS420W1,4
USIMS450W2,4
USIMS600W4,4
USIMS65,4
USIMS780,4
USIMS800,4
USIMS940,4
USIMT310,4
USIMT320,4
USIMT410W2,4
USIMT63,4
USIMT650,4
USIMT760,4
USIMT80,4
USIMT940,4
USIMU297,4
USIMU452,4
USIMU710,4
USIMV387,4
USIMV482,4
USIMV502,4
USIMV602,4
USIMX800,4
VALEA572,4
VALEA577,4
VALEA637,4
VALEA750,4
VALEF647,4
VALEG301,4
VALEG436,4
VALEG480W1,4
VALEG490W1,4
VALEG490W4,4
VALEG495W1,4
VALEG500W1,4
VALEG510W1,4
VALEG520W1,4
VALEG530W1,4
VALEG540W1,4
VALEG550W1,4
VALEG560W1,4
VALEG610W2,4
VALEG620W4,4
VALEH464,4
VALEH470W1,4
VALEH510W2,4
VALEH540W4,4
VALEH590W4,4
VALEH640W2,4
VALEH650W1,4
VALEH650W2,4
VALEI296,4
VALEI431,4
VALEI486,4
VALEI491,4
VALEI493,4
VALEJ490,4
VALEJ644,4
VALEJ720,4
VALEJ770,4
VALEK526,4
VALEK626,4
VALEK661,4
VALEL530,4
VALEL550,4
VALEL669,4
VALEL78,4
VALEM587,4
VALEM680,4
VALEN548,4
VALES431,4
VALES457W2,4
VALES470W4,4
VALES472W2,4
VALES477W2,4
VALES500W1,4
VALES520W1,4
VALES530W1,4
VALES540W1,4
VALES550W1,4
VALES560W1,4
VALES580W1,4
VALES605W2,4
VALES615W2,4
VALES625W2,4
VALES635W2,4
VALES645W2,4
VALES650W4,4
VALES734,4
VALES759,4
VALES764,4
VALES774,4
VALES775,4
VALES804,4
VALES824,4
VALES830,4
VALES879,4
VALES909,4
VALET114,4
VALET475W2,4
VALET510W5,4
VALET620W2,4
VALET650W1,4
VALET740,4
VALET750,4
VALET76,4
VALET765,4
VALET785,4
VALET820,4
VALET845,4
VALET896,4
VALET900,4
VALET995,4
VALEU421,4
VALEU446,4
VALEU530,4
VALEU668,4
VALEU708,4
VALEU728,4
VALEV460,4
VALEV504,4
VALEV585,4
VALEV594,4
VALEV650,4
VALEW506,4
VALEW530,4
VALEW566,4
VALEW576,4
VALEW611,4
VAMOA50,4
VAMOG480,4
VAMOG490,4
VAMOG495,4
VAMOG510,4
VAMOI400,4
VAMOI470,4
VAMOI520,4
VAMOS330,4
VAMOS440,4
VAMOS480,4
VAMOS500,4
VAMOT600,4
VAMOU410,4
VAMOU640,4
VBBRG182,4
VBBRG190,4
VBBRG192,4
VBBRH195,4
VBBRT168,4
VBBRT250,4
VBBRU165,4
VHFA11,4
VIVAG246,4
VIVAG265,4
VIVAH232,4
VIVAH247,4
VIVAH294,4
VIVAI273,4
VIVAS248,4
VIVAT227,4
VIVAT251,4
VIVAT257,4
VIVAT276,4
VIVAU212,4
VIVTG274,4
VIVTG294,4
VIVTI272,4
VIVTI302,4
VIVTI335,4
VIVTJ274,4
VIVTJ527,4
VIVTS274,4
VIVTS289,4
VIVTT277,4
VIVTU282,4
VIVTU292,4
VIVTU312,4
VLIDH23,4
VLIDH240,4
VLIDH270,4
VLIDI231,4
VLIDS231,4
VLIDT250,4
VULCG176,4
VULCH201,4
VULCI195,4
VULCI200,4
VULCT176,4
VULCT181,4
VULCT196,4
VULCT205,4
VULCT206,4
VULCU180,4
W1HR34,4
WEGEA685,4
WEGEB475,4
WEGED46,4
WEGED580,4
WEGEE450,4
WEGEG373,4
WEGEG385W4,4
WEGEG395W2,4
WEGEG415W2,4
WEGEG425W1,4
WEGEG430W1,4
WEGEG435W1,4
WEGEG455W2,4
WEGEH343,4
WEGEH360W1,4
WEGEH365W2,4
WEGEH375W2,4
WEGEH390W2,4
WEGEH400W2,4
WEGEH405W1,4
WEGEH425W4,4
WEGEH440W2,4
WEGEH445W2,4
WEGEH450W1,4
WEGEH465W1,4
WEGEH470W1,4
WEGEH470W2,4
WEGEI351,4
WEGEI492,4
WEGEI498,4
WEGEI512,4
WEGEI58,4
WEGEJ362,4
WEGEJ365,4
WEGEJ387,4
WEGEJ444,4
WEGEL553,4
WEGES399,4
WEGES415W1,4
WEGES425W1,4
WEGES430W1,4
WEGES435W2,4
WEGES488,4
WEGET320,4
WEGET330,4
WEGET360W2,4
WEGET365W2,4
WEGET370W1,4
WEGET370W2,4
WEGET375W2,4
WEGET390W2,4
WEGET400W2,4
WEGET415W4,4
WEGET440W1,4
WEGET486,4
WEGET491,4
WEGEU303,4
WEGEU307,4
WEGEU318,4
WEGEU326,4
WEGEU446,4
WEGEU461,4
WEGEU476,4
WEGEU512,4
WEGEV329,4
WEGEV359,4
WEGEV394,4
WEGEW450,4
WEGEX344,4
WEGEX433,4
WIZCG750,4
WIZCH653,4
XPBRG110,4
XPBRH102,4
XPBRH106,4
XPBRH108,4
XPBRH110,4
XPBRH115,4
YDUQG120,4
YDUQH121,4
YDUQH136,4
YDUQH214,4
YDUQI115,4
YDUQI147,4
YDUQS135,4
YDUQT121,4
YDUQU105,4
YDUQU120,4
YDUQU147,4
YDUQV110,4
YDUQV130,4
YDUQV140,4
YDUQX11,4
Z1BR34,4
Z1TO34,4
Z2IT34,4
Z2LL34,4
ZAMP3T,4
A1DI34,3
A1FL34,3
A1ON34,3
A2ZT34,3
ABCBG217,3
ABCBG235,3
ABCBI225,3
ABCBS210,3
ABCBS225,3
ABCBS230,3
ABCBU205,3
ABCBU210,3
ABCBU215,3
ABCBV250,3
ABEVC224,3
ABEVG104,3
ABEVG156,3
ABEVG990,3
ABEVH140W4,3
ABEVH857,3
ABEVH957,3
ABEVH977,3
ABEVI159,3
ABEVJ104,3
ABEVJ134,3
ABEVK124,3
ABEVL129,3
ABEVS118,3
ABEVS125W2,3
ABEVS125W4,3
ABEVS140W1,3
ABEVS159,3
ABEVS161,3
ABEVT130W4,3
ABEVT168,3
ABEVT19,3
ABEVU101,3
ABEVU106,3
ABEVU114,3
ABEVU116,3
ABEVV110,3
ABEVV124,3
ABEVW120,3
ABEVW122,3
ABEVW124,3
ABEVW139,3
AGRO3T,3
AGROS200,3
AGROT195,3
ALOSG238,3
ALOSH197,3
ALOSI208,3
ALOSS234,3
ALOST19,3
ALOST193,3
ALOSU192,3
ALOSU232,3
ALPAG105,3
ALPAG791,3
ALPAG880,3
ALPAG960,3
ALPAH821,3
ALPAH921,3
ALPAI102,3
ALPAI891,3
ALPAT791,3
ALPAT811,3
ALPAT920,3
ALPAT921,3
ALPAU791,3
ALPAU851,3
ALUPG302,3
ALUPT290,3
ALUPU285,3
AMARK20,3
AMBPT103,3
ANIMG210,3
ANIMG290,3
ANIMG375,3
ANIMG395,3
ANIMH200,3
ANIMH36,3
ANIMH385,3
ANIMH395,3
ANIMH450,3
ANIMS365,3
ANIMS405,3
ANIMS445,3
ANIMT320,3
ANIMT360,3
ANIMU345,3
ANIMU365,3
ANIMU385,3
APXM11Q,3
APXR11,3
ARMLG434,3
ARMLH500,3
ARMLS494,3
ARMLU444,3
ASAIG130,3
ASAIG749,3
ASAIH760,3
ASAIH910,3
ASAII123,3
ASAII959,3
ASAIS125,3
ASAIS127,3
ASAIS140,3
ASAIT120,3
ASAIT125,3
ASAIT130,3
ASAIU100,3
AURA33T,3
AUREH864,3
AUREH894,3
AUREI109,3
AUREL243,3
AUREU104,3
AUREU894,3
AUREU974,3
AZULA100,3
AZULA400,3
AZULB90,3
AZULC500,3
AZULG100,3
AZULG130,3
AZULG150,3
AZULH160,3
AZULJ120,3
AZULJ50,3
AZULJ900,3
AZULS255,3
AZULS305,3
AZULS860,3
AZULT155,3
AZULT255,3
AZULT265,3
AZULT30,3
AZULT315,3
AZULT400,3
AZULT425,3
AZULT450,3
AZULT465,3
AZULT499,3
AZULU130,3
AZULU190,3
AZULU415,3
AZULU490,3
AZULU570,3
AZULV110,3
AZULV149,3
AZULW100,3
AZZAG267,3
AZZAG480,3
AZZAG510,3
AZZAH337,3
AZZAH342,3
AZZAH377,3
AZZAI380,3
AZZAJ385,3
AZZAS430,3
AZZAS44,3
AZZAS470,3
AZZAS510,3
AZZAT312,3
AZZAT372,3
AZZAT530,3
AZZAU345,3
AZZAU365,3
AZZAU412,3
AZZAV350,3
AZZAX320,3
B3SAG130W2,3
B3SAG155W4,3
B3SAG903,3
B3SAH145W2,3
B3SAH177,3
B3SAH199,3
B3SAH940,3
B3SAH999,3
B3SAI939,3
B3SAJ104,3
B3SAJ107,3
B3SAJ117,3
B3SAJ129,3
B3SAJ139,3
B3SAJ149,3
B3SAJ159,3
B3SAK160,3
B3SAK979,3
B3SAL132,3
B3SAL145,3
B3SAL149,3
B3SAN111,3
B3SAN150,3
B3SAO930,3
B3SAP120,3
B3SAQ140,3
B3SAR115,3
B3SAR14,3
B3SAS10,3
B3SAS125W2,3
B3SAS130W2,3
B3SAS140W1,3
B3SAS150W1,3
B3SAS171,3
B3SAT102,3
B3SAT120W5,3
B3SAT140W2,3
B3SAT164,3
B3SAT174,3
B3SAT179,3
B3SAU159,3
B3SAU166,3
B3SAU959,3
B3SAU989,3
B3SAV102,3
B3SAV132,3
B3SAW132,3
B3SAW138,3
B3SAX104,3
B3SAX112,3
B3SAX124,3
BBAS3Q,3
BBASA25,3
BBASC183,3
BBASC208,3
BBASC810,3
BBASE213,3
BBASE253,3
BBASE274,3
BBASG121,3
BBASG154,3
BBASG195W2,3
BBASG200W1,3
BBASG200W2,3
BBASG236W1,3
BBASG241W1,3
BBASG296,3
BBASG311,3
BBASH124,3
BBASH146,3
BBASH170W1,3
BBASH200W4,3
BBASH203W4,3
BBASH210W5,3
BBASH230W5,3
BBASH247W2,3
BBASH260W2,3
BBASH321,3
BBASH329,3
BBASH364,3
BBASH694,3
BBASI167,3
BBASI277,3
BBASI287,3
BBASI300,3
BBASI315,3
BBASJ183,3
BBASJ208,3
BBASJ260,3
BBASJ264,3
BBASJ271,3
BBASJ286,3
BBASK209,3
BBASK214,3
BBASK270,3
BBASL28,3
BBASL336,3
BBASM218,3
BBASM281,3
BBASO188,3
BBASO210,3
BBASP213,3
BBASP226,3
BBASQ228,3
BBASS169,3
BBASS183,3
BBASS195W2,3
BBASS206W1,3
BBASS211W1,3
BBASS266W1,3
BBASS269W1,3
BBASS284W1,3
BBASS284W4,3
BBASS294W1,3
BBASS315,3
BBASS331,3
BBASS339,3
BBAST121,3
BBAST124,3
BBAST126,3
BBAST131,3
BBAST180W4,3
BBAST210W5,3
BBAST215W5,3
BBAST225W4,3
BBAST233W4,3
BBAST255W2,3
BBAST309,3
BBAST316,3
BBAST326,3
BBAST444,3
BBASU121,3
BBASU130,3
BBASU282,3
BBASV100,3
BBASV20,3
BBASV225,3
BBASV264,3
BBASV269,3
BBASV290,3
BBASV35,3
BBASV660,3
BBASW186,3
BBASW199,3
BBASW257,3
BBASX248,3
BBASX30,3
BBASX306,3
BBDCA121,3
BBDCA723,3
BBDCB11,3
BBDCB119,3
BBDCB13,3
BBDCD130,3
BBDCD140,3
BBDCF670,3
BBDCG103,3
BBDCG110,3
BBDCG127W2,3
BBDCG132W2,3
BBDCG135W2,3
BBDCG140W2,3
BBDCG142W1,3
BBDCG142W2,3
BBDCG145W1,3
BBDCG147W2,3
BBDCG152W1,3
BBDCG157W1,3
BBDCG160W1,3
BBDCG162,3
BBDCG172W1,3
BBDCG187W4,3
BBDCG192,3
BBDCG20,3
BBDCG219,3
BBDCG482,3
BBDCG959,3
BBDCH10,3
BBDCH105,3
BBDCH11,3
BBDCH117,3
BBDCH132W1,3
BBDCH135W2,3
BBDCH145W2,3
BBDCH170W5,3
BBDCH180W4,3
BBDCH228,3
BBDCI165W1,3
BBDCI165W4,3
BBDCI167W4,3
BBDCI170,3
BBDCI200,3
BBDCI21,3
BBDCI217,3
BBDCJ1,3
BBDCJ133,3
BBDCJ147,3
BBDCJ159,3
BBDCJ679,3
BBDCK136,3
BBDCK149,3
BBDCK164,3
BBDCL124,3
BBDCL142,3
BBDCL154,3
BBDCL156,3
BBDCL159,3
BBDCL160,3
BBDCL188,3
BBDCL220,3
BBDCL263,3
BBDCN11,3
BBDCN167,3
BBDCR11,3
BBDCS110,3
BBDCS115,3
BBDCS130,3
BBDCS160W1,3
BBDCS162W1,3
BBDCS175W2,3
BBDCS175W4,3
BBDCS177W4,3
BBDCS187W2,3
BBDCS202,3
BBDCS202W4,3
BBDCS205,3
BBDCS207,3
BBDCS22,3
BBDCS240,3
BBDCS305,3
BBDCS325,3
BBDCT114,3
BBDCT117,3
BBDCT118,3
BBDCT132W1,3
BBDCT140W5,3
BBDCT158,3
BBDCT174W1,3
BBDCT175W2,3
BBDCT185W5,3
BBDCT189W1,3
BBDCT210,3
BBDCT213,3
BBDCT215,3
BBDCT240,3
BBDCU111,3
BBDCU116,3
BBDCU117,3
BBDCU145W1,3
BBDCU151,3
BBDCU165W1,3
BBDCU170W1,3
BBDCU5,3
BBDCV137,3
BBDCV14,3
BBDCV198,3
BBDCV3,3
BBDCW127,3
BBDCW149,3
BBDCX124,3
BBDCX142,3
BBDCX173,3
BBSEA36,3
BBSEB380,3
BBSEC379,3
BBSEG227,3
BBSEG292,3
BBSEG297,3
BBSEG309,3
BBSEG327,3
BBSEG399,3
BBSEG422,3
BBSEH28,3
BBSEH299,3
BBSEH314,3
BBSEH422,3
BBSEH439,3
BBSEI230,3
BBSEI303,3
BBSEI308,3
BBSEI318,3
BBSEI418,3
BBSEI420,3
BBSEJ369,3
BBSEJ382,3
BBSEL307,3
BBSEL359,3
BBSEM34,3
BBSEM380,3
BBSES322,3
BBSES397,3
BBSES412,3
BBSES414,3
BBSET299,3
BBSET380,3
BBSET434,3
BBSEU278,3
BBSEU293,3
BBSEU295,3
BBSEU388,3
BBSEU410,3
BBSEV377,3
BBSEX380,3
BEEFG446,3
BEEFG451,3
BEEFG480W4,3
BEEFG525,3
BEEFG560W2,3
BEEFG600,3
BEEFG750,3
BEEFH391,3
BEEFH411,3
BEEFH500W2,3
BEEFH520W2,3
BEEFH641,3
BEEFH691,3
BEEFI486,3
BEEFI491,3
BEEFJ511,3
BEEFL680,3
BEEFL701,3
BEEFS171,3
BEEFS470,3
BEEFS731,3
BEEFS871,3
BEEFS900,3
BEEFT252,3
BEEFT436,3
BEEFT446,3
BEEFT451,3
BEEFT470W2,3
BEEFT801,3
BEEFT961,3
BEEFU401,3
BEEFU571,3
BEEFU581,3
BEEFU661,3
BEEFV486,3
BFAV39,3
BFDL39,3
BFXH39,3
BHIAF50,3
BHIAF60,3
BHIAG305,3
BHIAG430,3
BHIAG460,3
BHIAG470,3
BHIAG620,3
BHIAH20,3
BHIAH330W1,3
BHIAH800,3
BHIAI980,3
BHIAJ370,3
BHIAS105,3
BHIAS125,3
BHIAS145,3
BHIAS25,3
BHIAS320W2,3
BHIAS40,3
BHIAS410,3
BHIAS445,3
BHIAS640,3
BHIAS940,3
BHIAS960,3
BHIAT310W2,3
BHIAU780,3
BHIAU880,3
BHIAU980,3
BHIAW400,3
BIHA39,3
BIOM12,3
BIOM9F,3
BIYK39,3
BMGBH422,3
BMGBI395,3
BMGBI405,3
BMGBJ40,3
BMGBQ510,3
BMGBS352,3
BMGBS402,3
BMGBV342,3
BMOBT193,3
BMOBT198,3
BMOBT203,3
BOVAA131,3
BOVAB120,3
BOVAB131,3
BOVAC130,3
BOVAC800,3
BOVAD140,3
BOVAG110W2,3
BOVAG116W1,3
BOVAG118W1,3
BOVAG141W1,3
BOVAG142W1,3
BOVAG144W1,3
BOVAG145,3
BOVAG148W4,3
BOVAG152W2,3
BOVAG158,3
BOVAG18,3
BOVAG600,3
BOVAG980,3
BOVAH112W1,3
BOVAH114W2,3
BOVAH115W1,3
BOVAH117W1,3
BOVAH119W2,3
BOVAH129W4,3
BOVAH144W4,3
BOVAH147W2,3
BOVAH148W2,3
BOVAH150W1,3
BOVAH150W2,3
BOVAH152W4,3
BOVAH164,3
BOVAH166,3
BOVAH169,3
BOVAH680,3
BOVAH760,3
BOVAH8,3
BOVAI125W4,3
BOVAI129,3
BOVAI133W1,3
BOVAI136W4,3
BOVAI137W1,3
BOVAI139W2,3
BOVAI139W4,3
BOVAI145W1,3
BOVAI165,3
BOVAI175,3
BOVAI750,3
BOVAI850,3
BOVAI870,3
BOVAI880,3
BOVAI950,3
BOVAI990,3
BOVAJ11,3
BOVAJ111,3
BOVAJ130,3
BOVAJ156,3
BOVAJ17,3
BOVAJ170,3
BOVAJ18,3
BOVAK130,3
BOVAK160,3
BOVAK17,3
BOVAK9,3
BOVAL145,3
BOVAL18,3
BOVAL21,3
BOVAM137,3
BOVAN135,3
BOVAO130,3
BOVAO135,3
BOVAO16,3
BOVAS107,3
BOVAS108W4,3
BOVAS109,3
BOVAS11,3
BOVAS122W2,3
BOVAS125,3
BOVAS126W1,3
BOVAS129W1,3
BOVAS141W1,3
BOVAS144W1,3
BOVAS146W1,3
BOVAS148W1,3
BOVAS152W1,3
BOVAS152W2,3
BOVAS152W4,3
BOVAS154W2,3
BOVAS18,3
BOVAS180,3
BOVAS9,3
BOVAT108W2,3
BOVAT111W2,3
BOVAT113W2,3
BOVAT114W4,3
BOVAT117W2,3
BOVAT118W4,3
BOVAT124W5,3
BOVAT139W2,3
BOVAT147W2,3
BOVAT148W1,3
BOVAT152W1,3
BOVAT156,3
BOVAT20,3
BOVAT23,3
BOVAT4,3
BOVAT965,3
BOVAU121W1,3
BOVAU123W1,3
BOVAU125W4,3
BOVAU128,3
BOVAU700,3
BOVAU870,3
BOVAV15,3
BOVAV180,3
BOVAW114,3
BOVAW119,3
BOVAW170,3
BOVAW8,3
BOVAW9,3
BOVAX115,3
BOVAX175,3
BOVVG130W4,3
BOVVH147,3
BOVVH149,3
BOVVI133,3
BOVVI137,3
BOVVL143,3
BOVVT129,3
BOVVT133,3
BPACF340,3
BPACG282,3
BPACG316,3
BPACG400W2,3
BPACG435W1,3
BPACG435W2,3
BPACG440W1,3
BPACG455W2,3
BPACG456,3
BPACG463,3
BPACH415W2,3
BPACH420W2,3
BPACH420W5,3
BPACH435W2,3
BPACH445W2,3
BPACH479,3
BPACH481,3
BPACI350,3
BPACI362,3
BPACI462,3
BPACI465,3
BPACI475,3
BPACK317,3
BPACS361,3
BPACS363,3
BPACS365W2,3
BPACS366,3
BPACS375W4,3
BPACS395W2,3
BPACS415W1,3
BPACS425W1,3
BPACS438,3
BPACS443,3
BPACT32,3
BPACT329,3
BPACT331,3
BPACT370W5,3
BPACT410W1,3
BPACT415W1,3
BPACT456,3
BPACT464,3
BPACU302,3
BPACU440,3
BPACU442,3
BPACV367,3
BPACW352,3
BPANG100,3
BPANG820,3
BPANG829,3
BPANG859,3
BPANG90,3
BPANI830,3
BPANI840,3
BPANI920,3
BPANR70,3
BPANS719,3
BPANS820,3
BPANT680,3
BPANU720,3
BPANU740,3
BPANU760,3
BPANU900,3
BPFR39,3
BQCL39,3
BQLT39,3
BRAPI165,3
BRAPJ170,3
BRAPJ180,3
BRAPK180,3
BRAPO16,3
BRAPP160,3
BRAPT185,3
BRAPT200,3
BRAPT205,3
BRAPT215,3
BRAPT220,3
BRAPU130,3
BRAPU135,3
BRAPU178,3
BRAPU190,3
BRAPU200,3
BRAPX250,3
BRAVE200,3
BRAVG170W2,3
BRAVG185W1,3
BRAVG190,3
BRAVG200W2,3
BRAVG237,3
BRAVG240,3
BRAVG900,3
BRAVH138,3
BRAVH220W2,3
BRAVI165,3
BRAVI252,3
BRAVJ217,3
BRAVL28,3
BRAVL300,3
BRAVM180,3
BRAVM200,3
BRAVS140,3
BRAVS160W2,3
BRAVS165W1,3
BRAVS170W1,3
BRAVS247,3
BRAVS252,3
BRAVS257,3
BRAVS275,3
BRAVS277,3
BRAVS305,3
BRAVS487,3
BRAVT136,3
BRAVT170W4,3
BRAVT200,3
BRAVT241,3
BRAVT253,3
BRAVT281,3
BRAVT288,3
BRAVT318,3
BRAVT423,3
BRAVU237,3
BRAVU250,3
BRAVX190,3
BRAVX290,3
BRFSG100,3
BRFSG180E,3
BRFSG249,3
BRFSI215,3
BRFSI405,3
BRFSS234,3
BRFSS256,3
BRFST152,3
BRFST170,3
BRFST250,3
BRFST280,3
BRFSU222,3
BRFSV195,3
BRFSX18,3
BRKME140,3
BRKMF850,3
BRKMG140,3
BRKMG150,3
BRKMH152,3
BRKMI102,3
BRKMI150,3
BRKMI680,3
BRKMJ990,3
BRKML110,3
BRKMR900,3
BRKMS117,3
BRKMS210,3
BRKMS230,3
BRKMT157,3
BRKMT240,3
BRKMT320,3
BRKMT54,3
BRKMU260,3
BRKMU580,3
BRKMV105,3
BRKMW840,3
BRKMX110,3
BRKMX122,3
BRSRG114,3
BRSRH78,3
BRSRH780,3
BRSRJ993,3
BRSRS123,3
BRSRU102,3
BRSRU108,3
BRSRV993,3
BSTI39,3
C1AH34,3
C1FI34,3
C2PR34,3
C2ZR34,3
CASHG110,3
CASHG920,3
CASHI115,3
CASHI580,3
CASHI660,3
CASHJ500,3
CASHK740,3
CASHS620,3
CASHS640,3
CASHS840,3
CASHS860,3
CASHU450,3
CASHU620,3
CASHV600,3
CBAVG465,3
CBAVG530,3
CBAVI470,3
CEABG162,3
CEABG169,3
CEABG174,3
CEABH135,3
CEABH150,3
CEABH155,3
CEABH200,3
CEABH225,3
CEABI163,3
CEABI193,3
CEABI203,3
CEABS169,3
CEABS174,3
CEABS179,3
CEABT145,3
CEABU153,3
CEABU163,3
CEABU168,3
CEEB5,3
CEED4F,3
CGRA3T,3
CMIGC11,3
CMIGG834,3
CMIGH828,3
CMIGH984,3
CMIGI134,3
CMIGI136,3
CMIGJ128,3
CMIGM105,3
CMIGM112,3
CMIGS100,3
CMIGS102,3
CMIGS105,3
CMIGT130,3
CMIGT964,3
CMIGT974,3
CMIGT998,3
CMIGU896,3
CMIGU936,3
CMIGV100,3
CMIGW104,3
CMIGW116,3
CMINF500,3
CMING480,3
CMINI637,3
CMINJ564,3
CMINK522,3
CMINL500,3
CMINM697,3
CMINN700,3
CMINS660,3
COCE1,3
COGNC45,3
COGNG130,3
COGNG135,3
COGNG165,3
COGNG199,3
COGNG240W4,3
COGNG250W4,3
COGNG270W2,3
COGNG360,3
COGNH218,3
COGNH250W1,3
COGNI138,3
COGNI183,3
COGNI348,3
COGNI368,3
COGNI450,3
COGNJ273,3
COGNJ303,3
COGNJ308,3
COGNK298,3
COGNN1,3
COGNS250W4,3
COGNS270W2,3
COGNS290W4,3
COGNS380,3
COGNS430,3
COGNS500,3
COGNS590,3
COGNT105,3
COGNT250W2,3
COGNT270W2,3
COGNT280,3
COGNT290W1,3
COGNT348,3
COGNT388,3
COGNT403,3
COGNT488,3
COGNT493,3
COGNT498,3
COGNT663,3
COGNU338,3
COGNU348,3
COGNU350,3
COGNU373,3
COGNU383,3
COGNU403,3
COGNU500,3
COGNV248,3
COGNV263,3
COGNV268,3
COGNV593,3
CPFEG38,3
CPFEI390,3
CPFEI437,3
CPFEJ409,3
CPFET380,3
CPFET407,3
CPLE3T,3
CPLEH931,3
CPLEH971,3
CPLEI93,3
CPLEJ123,3
CPLEJ967,3
CPLEJ997,3
CPLEL119,3
CPLES139,3
CPLET110,3
CPLET138,3
CPLET149,3
CPOF11,3
CRPG3,3
CSANE800,3
CSANF800,3
CSANG560W4,3
CSANG610,3
CSANG660W2,3
CSANG700W1,3
CSANG700W4,3
CSANG720W1,3
CSANG760W2,3
CSANH640W2,3
CSANH660W1,3
CSANH660W4,3
CSANH680W1,3
CSANH700W5,3
CSANH825,3
CSANH875,3
CSANH895,3
CSANH955,3
CSANI545,3
CSANI785,3
CSANI795,3
CSANI805,3
CSANJ670,3
CSANJ700,3
CSANK740,3
CSANL10,3
CSANL125,3
CSANM800,3
CSANP60,3
CSANP70,3
CSANQ800,3
CSANS120,3
CSANS122,3
CSANS127,3
CSANS164,3
CSANS197,3
CSANS300,3
CSANS640W2,3
CSANS680W1,3
CSANS700W1,3
CSANT103,3
CSANT108,3
CSANT113,3
CSANT118,3
CSANT133,3
CSANT148,3
CSANT155,3
CSANT160,3
CSANT165,3
CSANT198,3
CSANT200,3
CSANT490,3
CSANT600W2,3
CSANT640W1,3
CSANT700W1,3
CSANT740W1,3
CSANT915,3
CSANT955,3
CSANU130,3
CSANU460,3
CSANU725,3
CSANU795,3
CSANV495,3
CSANV600,3
CSANV80,3
CSANV820,3
CSANV850,3
CSANW172,3
CSANW700,3
CSMG3T,3
CSMGG229,3
CSMGG231,3
CSMGH250,3
CSMGI260,3
CSMGI272,3
CSMGI280,3
CSMGI300,3
CSMGS24,3
CSMGU232,3
CSMGU252,3
CSNAA681,3
CSNAG650,3
CSNAG740W1,3
CSNAG760W1,3
CSNAG800W1,3
CSNAG820W1,3
CSNAG900W4,3
CSNAG970,3
CSNAH123,3
CSNAH639,3
CSNAH762,3
CSNAH820W2,3
CSNAH840W4,3
CSNAH920W5,3
CSNAJ949,3
CSNAK132,3
CSNAQ850,3
CSNAS137,3
CSNAS142,3
CSNAS155,3
CSNAS157,3
CSNAS740W1,3
CSNAS740W2,3
CSNAS760W1,3
CSNAS780W1,3
CSNAS840W1,3
CSNAS860W1,3
CSNAS860W2,3
CSNAS880W4,3
CSNAT123,3
CSNAT144,3
CSNAT154,3
CSNAT162,3
CSNAT179,3
CSNAT499,3
CSNAT680W1,3
CSNAT700W1,3
CSNAU104,3
CSNAU110,3
CSNAU939,3
CSNAV619,3
CSNAV709,3
CSNAV769,3
CSNAV999,3
CTSH34,3
CURYH288,3
CURYH303,3
CURYH318,3
CURYI306,3
CURYT283,3
CURYT298,3
CURYU281,3
CVCBG300,3
CVCBH185,3
CVCBJ290,3
CVCBL200,3
CVCBS20,3
CVCBS270,3
CVCBS290,3
CVCBS310,3
CVCBS340,3
CVCBS35,3
CVCBS440,3
CVCBT330,3
CVCBT399,3
CVCBT480,3
CVCBU620,3
CVCBV199,3
CVCBV205,3
CVCBV230,3
CXSEP148,3
CXSER140,3
CXSES140,3
CXSES160,3
CXSEU151,3
CXSEU152,3
CXSEV146,3
CXSEX132,3
CXSEX140,3
CYREG210,3
CYREG240,3
CYREG295,3
CYREH324,3
CYREH329,3
CYREJ264,3
CYRES300,3
CYRET201,3
CYRET216,3
D1XC34,3
D2OX34,3
DIRRG332,3
DIRRG382,3
DIRRG410,3
DIRRH380,3
DIRRH400,3
DIRRI405,3
DIRRI495,3
DIRRS395,3
DIRRS410,3
DIRRT360,3
DIRRU390,3
DXCOG534,3
DXCOG584,3
DXCOG619,3
DXCOH519,3
DXCOI519,3
DXCON599,3
DXCOS115,3
DXCOS554,3
DXCOS600,3
DXCOT105,3
DXCOT115,3
DXCOT499,3
DXCOT600,3
DXCOT759,3
E1CL34,3
E1SS34,3
ECORG600,3
ECORG640,3
ECORG660,3
ECORG850,3
ECORH600,3
ECORH640,3
ECORI630,3
ECORI750,3
ECORS100,3
ECORS820,3
ECORS850,3
ECORU630,3
ECORU680,3
ECORV660,3
EGIEG382,3
EGIEG383,3
EGIEG390,3
EGIEG404E,3
EGIEG415E,3
EGIEG485,3
EGIEH352,3
EGIEH367,3
EGIEH495,3
EGIEP380,3
EGIEQ40,3
EGIES383,3
EGIES385,3
EGIES46,3
EGIES481,3
EGIET462,3
EGIET467,3
EGIEU350,3
EGIEU446,3
EGIEV350,3
EGIEW416,3
ELETG440,3
ELETH377,3
ELETH380,3
ELETH41,3
ELETH456,3
ELETH463,3
ELETI377,3
ELETI385,3
ELETI475,3
ELETJ411,3
ELETK477,3
ELETL39,3
ELETL400,3
ELETL421,3
ELETM350,3
ELETS42,3
ELETS433,3
ELETS464,3
ELETT360,3
ELETT362,3
ELETT465,3
ELETU301,3
ELETU306,3
ELETU311,3
ELETU316,3
ELETU321,3
ELETU326,3
ELETU352,3
ELETU353,3
ELETU355,3
ELETU357,3
ELETU416,3
ELETU421,3
ELETU443,3
ELETV368,3
ELETV373,3
EMBRC61,3
EMBRE780,3
EMBRG279,3
EMBRG499,3
EMBRG630W4,3
EMBRG810W1,3
EMBRG820W1,3
EMBRG830W1,3
EMBRG860W2,3
EMBRH276,3
EMBRH499,3
EMBRH539,3
EMBRH600,3
EMBRH644,3
EMBRH660W2,3
EMBRH780W2,3
EMBRH780W4,3
EMBRH870W2,3
EMBRH890W4,3
EMBRH920W4,3
EMBRH930W4,3
EMBRI105,3
EMBRI108,3
EMBRI110,3
EMBRI610,3
EMBRI794,3
EMBRI819,3
EMBRI829,3
EMBRI839,3
EMBRI869,3
EMBRI874,3
EMBRI879,3
EMBRI909,3
EMBRI914,3
EMBRI939,3
EMBRI959,3
EMBRI989,3
EMBRJ649,3
EMBRJ714,3
EMBRJ809,3
EMBRJ849,3
EMBRJ859,3
EMBRL655,3
EMBRP61,3
EMBRP730,3
EMBRS10,3
EMBRS100,3
EMBRS106,3
EMBRS143,3
EMBRS590W4,3
EMBRS634,3
EMBRS680W1,3
EMBRS690W2,3
EMBRS694,3
EMBRS730W1,3
EMBRS740W1,3
EMBRS780W1,3
EMBRS810W1,3
EMBRS830W4,3
EMBRT560W2,3
EMBRT620W2,3
EMBRT630W2,3
EMBRT720W2,3
EMBRT740W2,3
EMBRT760W2,3
EMBRU550,3
EMBRU824,3
EMBRU950,3
EMBRV560,3
EMBRV594,3
EMBRV604,3
EMBRV649,3
EMBRV734,3
ENEVG120,3
ENEVG147,3
ENEVG155,3
ENEVU127,3
ENGIG411,3
ENGIG431,3
ENGIG495,3
ENGIG521,3
ENGIH388,3
ENGII451,3
ENGII455,3
ENGIS441,3
ENGIS461,3
ENGIU421,3
ENGIU445,3
ENGIU455,3
ENGIU471,3
ENJUG120,3
EQTLG285,3
EQTLG291,3
EQTLH335,3
EQTLH342,3
EQTLH408,3
EQTLT36,3
EQTLT380,3
EQTLU310,3
EQTLU317,3
EQTLU337,3
EQTLU352,3
EQTLU358,3
EQTLV303,3
EQTLV338,3
EQTLV340,3
EVENG740,3
EVENG800,3
EVENH720,3
EVENH740,3
EVENI700,3
EXPB31,3
EZTCC110,3
EZTCG13,3
EZTCG130,3
EZTCI157,3
EZTCU128,3
EZTCU147,3
F1EC34,3
F1TV34,3
F2IV34,3
FFTD34,3
FLRYC190,3
FLRYG119,3
FLRYH170,3
FLRYI123,3
FLRYI128,3
FLRYI136,3
FLRYI168,3
FLRYS140,3
FLRYU113,3
FLRYU116,3
FLRYU136,3
FSPE11,3
G1AR34,3
G2DD34,3
GFSAE200,3
GFSAH190,3
GFSAI130,3
GFSAI800,3
GFSAL35,3
GFSAV100,3
GGBRB199,3
GGBRE220,3
GGBRG148,3
GGBRG150W4,3
GGBRH155W1,3
GGBRH165W2,3
GGBRH185W2,3
GGBRH190W1,3
GGBRH300,3
GGBRH32,3
GGBRI142,3
GGBRI143,3
GGBRI148,3
GGBRI156,3
GGBRI170W1,3
GGBRI215,3
GGBRJ168,3
GGBRJ170,3
GGBRJ175,3
GGBRJ182,3
GGBRJ185,3
GGBRJ194,3
GGBRK17,3
GGBRK18,3
GGBRK187,3
GGBRL175,3
GGBRL197,3
GGBRL20,3
GGBRL240,3
GGBRS160W1,3
GGBRS165W1,3
GGBRS188,3
GGBRS206,3
GGBRS211,3
GGBRS213,3
GGBRS216,3
GGBRS255,3
GGBRT145W1,3
GGBRT211,3
GGBRT255,3
GGBRT32,3
GGBRU125,3
GGBRU131,3
GGBRU196,3
GGBRU206,3
GGBRU212,3
GGBRW17,3
GGBRX172,3
GMATG835,3
GMATH775,3
GMATH855,3
GMATT715,3
GMATT735,3
GOAUH110,3
GOAUI120,3
GOAUI887,3
GOAUJ10,3
GOAUL10,3
GOAUL160,3
GOAUN99,3
GOAUS105,3
GOAUS109,3
GOAUS99,3
GOAUT727,3
GOAUU767,3
GOAUW887,3
GOGL34T,3
GOLLG500,3
GOLLL124,3
GRNDG576,3
GRNDH610,3
GRNDU475,3
GRNDV490,3
GRNDV630,3
GUARG800,3
GUARG820,3
GUARH880,3
GUARS880,3
GUART740,3
GUART780,3
GUART800,3
H1BA34,3
HAPVG215,3
HAPVG230W2,3
HAPVG240W2,3
HAPVG250W2,3
HAPVG255,3
HAPVG314,3
HAPVG344,3
HAPVG355W1,3
HAPVG355W4,3
HAPVG359,3
HAPVH21,3
HAPVH285,3
HAPVH295,3
HAPVH297,3
HAPVH310,3
HAPVH345W1,3
HAPVH462,3
HAPVI270,3
HAPVI302,3
HAPVI347,3
HAPVI372,3
HAPVI410,3
HAPVI447,3
HAPVN350,3
HAPVS195,3
HAPVS210W2,3
HAPVS325,3
HAPVS34W2,3
HAPVS350W4,3
HAPVS359,3
HAPVS375W4,3
HAPVS380,3
HAPVS450,3
HAPVS720,3
HAPVT163,3
HAPVT222,3
HAPVT257,3
HAPVT345,3
HAPVT355,3
HAPVT38,3
HAPVT380,3
HAPVT39,3
HAPVT450,3
HAPVU140,3
HAPVU199,3
HAPVU235,3
HAPVU245,3
HAPVU26,3
HAPVU275,3
HAPVU277,3
HAPVU28,3
HAPVU285,3
HAPVU292,3
HAPVU297,3
HAPVU305,3
HAPVU312,3
HAPVU332,3
HAPVU337,3
HAPVU367,3
HBCR11,3
HBORG220,3
HBORG270,3
HBORG310,3
HBORH330,3
HBORI250,3
HBORI270,3
HBORI290,3
HBORI340,3
HBORS220,3
HBORS230,3
HBORS240,3
HBORS260,3
HBORT220,3
HBORT260,3
HBORT280,3
HGLG11T,3
HYPEG200,3
HYPEG210,3
HYPEG22,3
HYPEG222,3
HYPEG245,3
HYPEG255,3
HYPEH216,3
HYPEH227,3
HYPEH230,3
HYPEH335,3
HYPEI261,3
HYPES25,3
HYPES295,3
HYPES342,3
HYPET292,3
HYPET327,3
HYPEU192,3
HYPEU246,3
HYPEU282,3
HYPEU337,3
HYPEV227,3
HYPEV277,3
I1PG34,3
I2NV34,3
IBOVA1,3
IBOVA137,3
IBOVG110,3
IBOVG119,3
IBOVG120,3
IBOVG130,3
IBOVG138W4,3
IBOVG138W5,3
IBOVG142W2,3
IBOVG147,3
IBOVH100,3
IBOVH113,3
IBOVH121,3
IBOVH151,3
IBOVI125,3
IBOVI152,3
IBOVJ150,3
IBOVL136,3
IBOVL137,3
IBOVL139,3
IBOVL142,3
IBOVL55,3
IBOVS132W4,3
IBOVS138W4,3
IBOVS140W4,3
IBOVS141W2,3
IBOVS141W4,3
IBOVS142W4,3
IBOVS143,3
IBOVT1,3
IBOVT100,3
IBOVT110,3
IBOVT12,3
IBOVT146,3
IBOVU122,3
IBOVU145,3
IBOVV140,3
IBOVW124,3
IBOVW139,3
IBOVW141,3
IBOVX145,3
IGTIG220,3
IGTIG24,3
IGTIH193,3
IGTIH25,3
IGTIH258,3
INBRI437,3
INBRJ452,3
INBRS435,3
INBRT365,3
INBRU337,3
INBRV387,3
INDE11,3
INEP4T,3
INTBG137,3
INTBG145,3
INTBG147,3
INTBG180,3
INTBI142,3
INTBI162,3
INTBS147,3
INTBT139,3
INTBU132,3
IRBRB499,3
IRBRD50,3
IRBRF500,3
IRBRG395,3
IRBRG410,3
IRBRG420,3
IRBRG585,3
IRBRH397,3
IRBRH417,3
IRBRH422,3
IRBRI415,3
IRBRI545,3
IRBRI625,3
IRBRJ480,3
IRBRJ520,3
IRBRP50,3
IRBRR500,3
IRBRS151,3
IRBRS395,3
IRBRS497,3
IRBRS580,3
IRBRS700,3
IRBRT399,3
IRBRT487,3
IRBRT500,3
IRBRT520,3
IRBRT570,3
IRBRT575,3
IRBRU477,3
IRBRU535,3
IRBRU565,3
IRBRU705,3
IRBRV405,3
IRBRV440,3
IRBRW430,3
IRBRW490,3
ISAEJ246,3
ISAEL24,3
ISAEV240,3
ISAEW216,3
ISAEW240,3
ITSAG115W1,3
ITSAG611,3
ITSAG771,3
ITSAG831,3
ITSAH131,3
ITSAH134,3
ITSAH691,3
ITSAH837,3
ITSAH898,3
ITSAI870,3
ITSAI902,3
ITSAI930,3
ITSAJ110,3
ITSAJ825,3
ITSAJ985,3
ITSAK102,3
ITSAL112,3
ITSAL126,3
ITSAL898,3
ITSAL99,3
ITSAN100,3
ITSAO108,3
ITSAS110W1,3
ITSAS145,3
ITSAS168,3
ITSAS981,3
ITSAT115W2,3
ITSAT126,3
ITSAT149,3
ITSAT169,3
ITSAT912,3
ITSAT960W2,3
ITSAU119,3
ITSAU121,3
ITSAU124,3
ITSAU862,3
ITSAU890,3
ITSAU930,3
ITSAV885,3
ITSAV905,3
ITSAV975,3
ITSAX102,3
ITSAX129,3
ITSAX898,3
ITSAX99,3
ITUBE550,3
ITUBF472,3
ITUBG258,3
ITUBG27,3
ITUBG270,3
ITUBG278,3
ITUBG281,3
ITUBG283,3
ITUBG303,3
ITUBG308,3
ITUBG330W1,3
ITUBG340W1,3
ITUBG345W1,3
ITUBG360W1,3
ITUBG379W2,3
ITUBG400W2,3
ITUBH195,3
ITUBH210,3
ITUBH212W5,3
ITUBH241,3
ITUBH243,3
ITUBH253,3
ITUBH266,3
ITUBH276,3
ITUBH283,3
ITUBH301,3
ITUBH308,3
ITUBH313,3
ITUBH335W1,3
ITUBH335W2,3
ITUBH337W1,3
ITUBH354W5,3
ITUBH355W4,3
ITUBH365W4,3
ITUBH369W5,3
ITUBH370W4,3
ITUBH384W5,3
ITUBH390W4,3
ITUBH400W4,3
ITUBH415W1,3
ITUBI133,3
ITUBI251,3
ITUBI281,3
ITUBI294,3
ITUBI331,3
ITUBI341,3
ITUBJ313,3
ITUBJ350,3
ITUBJ359,3
ITUBK361,3
ITUBL239,3
ITUBL353,3
ITUBL368,3
ITUBL403,3
ITUBL418,3
ITUBM328,3
ITUBN375,3
ITUBR472,3
ITUBS334W4,3
ITUBS348,3
ITUBS355W1,3
ITUBS358,3
ITUBS359W1,3
ITUBS364W1,3
ITUBS365W1,3
ITUBS369W1,3
ITUBS370W1,3
ITUBS374W1,3
ITUBS375W1,3
ITUBS380W1,3
ITUBS385W2,3
ITUBS395W2,3
ITUBS405W4,3
ITUBS825,3
ITUBT335W4,3
ITUBT364,3
ITUBT370W2,3
ITUBT415,3
ITUBU321,3
ITUBU34,3
ITUBU402,3
ITUBU410,3
ITUBV32,3
ITUBV326,3
ITUBV356,3
ITUBV400,3
ITUBX300,3
ITUBX319,3
ITUBX322,3
ITUBX350,3
ITUBX352,3
ITUBX364,3
ITUBX375,3
IVVBG300,3
JALLB499,3
JALLS390,3
JASC11,3
JBSSG790,3
JBSSG905,3
JBSSG910,3
JBSSG957,3
JBSSG980,3
JBSSG985,3
JBSSG992,3
JBSSH652,3
JBSSH967,3
JBSSI922,3
JBSSI930,3
JBSSJ630,3
JBSSL900,3
JBSSS827,3
JBSSS840,3
JBSSS890,3
JBSSS892,3
JBSSS932,3
JBSSS937,3
JBSSS939,3
JBSST470,3
JBSST652,3
JBSST700W4,3
JBSST917,3
JBSST922,3
JBSSU760,3
JBSSU830,3
JHSFG310,3
JHSFG410,3
JHSFH613,3
JHSFI500,3
JHSFS550,3
JHSFS700,3
JHSFS720,3
JHSFT458,3
JHSFT562,3
JHSFT573,3
JHSFT642,3
JOPA4F,3
KEPLH770,3
KEPLH850,3
KEPLK770,3
KEPLT130,3
KLBN3T,3
KLBN4T,3
KLBNA220,3
KLBNE265,3
KLBNH168,3
KLBNH172,3
KLBNH173,3
KLBNH202,3
KLBNI174,3
KLBNI177,3
KLBNI221,3
KLBNJ189,3
KLBNS210,3
KLBNS225,3
KLBNT218,3
KLBNT222,3
KLBNV182,3
KLBNV192,3
L1KQ34,3
LAVV3T,3
LEVEI295,3
LEVEI310,3
LEVES310,3
LJQQG265,3
LJQQG290,3
LJQQG300,3
LJQQG305,3
LJQQH220,3
LJQQI240,3
LJQQJ299,3
LJQQN20,3
LJQQT220,3
LJQQT270,3
LJQQT449,3
LJQQU240,3
LJQQV200,3
LPSB3T,3
LRENC155,3
LRENG125,3
LRENG160W4,3
LRENG165W4,3
LRENG175W2,3
LRENG180W2,3
LRENG185W1,3
LRENG204,3
LRENG220,3
LRENG233,3
LRENH139,3
LRENH160W1,3
LRENH165W2,3
LRENH200W2,3
LRENH213,3
LRENH706,3
LRENI126,3
LRENI138,3
LRENI148,3
LRENI280,3
LRENK198,3
LRENN260,3
LRENO191,3
LRENS150,3
LRENS155W4,3
LRENS170W2,3
LRENS210,3
LRENS213,3
LRENS215,3
LRENT185W2,3
LRENT207,3
LRENU200,3
LRENU207,3
LRENU222,3
LRENU260,3
LRENV181,3
LRENW165,3
LWSAG335,3
LWSAI335,3
LWSAI430,3
LWSAI540,3
LWSAM375,3
LWSAS415,3
LWSAT325,3
LWSAT415,3
LWSAT435,3
LWSAT440,3
LWSAU365,3
LWSAU540,3
M1GM34,3
M2AS34,3
MDIAG236,3
MDIAG246,3
MDIAG256,3
MDIAG271,3
MDIAH289,3
MDIAI241,3
MDIAS236,3
MDIAS246,3
MDIAS269,3
MDIAT270,3
MDIAT319,3
MDNE3T,3
MEALV170,3
MGLUB1,3
MGLUC10,3
MGLUC11,3
MGLUC899,3
MGLUE10,3
MGLUG100W1,3
MGLUG139,3
MGLUG800,3
MGLUG900W1,3
MGLUG960W1,3
MGLUG980W1,3
MGLUH143,3
MGLUH30,3
MGLUH484,3
MGLUH509,3
MGLUH549,3
MGLUH569,3
MGLUH579,3
MGLUH619,3
MGLUH649,3
MGLUH680W1,3
MGLUH700W1,3
MGLUH700W2,3
MGLUH720W2,3
MGLUH900W2,3
MGLUI128,3
MGLUI670,3
MGLUJ489,3
MGLUJ709,3
MGLUJ729,3
MGLUJ749,3
MGLUJ769,3
MGLUJ809,3
MGLUJ979,3
MGLUL110,3
MGLUL130,3
MGLUL150,3
MGLUO100,3
MGLUO110,3
MGLUO12,3
MGLUS110W4,3
MGLUS130,3
MGLUS168,3
MGLUS45,3
MGLUS67,3
MGLUS670,3
MGLUS720W4,3
MGLUS840W1,3
MGLUS860W1,3
MGLUS969,3
MGLUS980W1,3
MGLUT175,3
MGLUT223,3
MGLUT505,3
MGLUT519,3
MGLUT68W2,3
MGLUT740W2,3
MGLUT740W4,3
MGLUT840W2,3
MGLUT840W4,3
MGLUT880W1,3
MGLUT960W1,3
MGLUU123,3
MGLUU135,3
MGLUU446,3
MGLUU459,3
MGLUU499,3
MGLUV106,3
MGLUV639,3
MGLUV739,3
MGLUW26,3
MGLUW764,3
MILST110,3
MOTVG12,3
MOTVG145,3
MOTVH145,3
MOTVI130,3
MOVIG680,3
MOVIG938,3
MOVIH520,3
MOVII700,3
MOVII720,3
MOVIS58,3
MOVIS60,3
MOVIS798,3
MOVIT100,3
MOVIU680,3
MOVIV800,3
MRFGG175,3
MRFGG180,3
MRFGG182,3
MRFGG210,3
MRFGH182,3
MRFGI210,3
MRFGI215,3
MRFGI285,3
MRFGI310,3
MRFGJ238,3
MRFGJ293,3
MRFGS180,3
MRFGV173,3
MRFGV198,3
MRFGV203,3
MRFGV208,3
MRFGX160,3
MRSA5B,3
MRSA5BF,3
MRSA6BF,3
MRVEG800,3
MRVEH510,3
MRVEH890,3
MRVEI800,3
MRVEL130,3
MRVEM500,3
MRVEQ500,3
MRVEQ77,3
MRVES11,3
MRVES140,3
MRVES495,3
MRVES700,3
MRVES750,3
MRVET140,3
MRVET460,3
MRVEU115,3
MRVEU272,3
MRVEU430,3
MRVEV450,3
MRVEV580,3
MRVEV77,3
MTREG437,3
MULTG265,3
MULTG285,3
MULTH228,3
MULTH298,3
MULTI278,3
MULTS250,3
MULTS273,3
MULTT26,3
MULTT283,3
MULTU223,3
MYPKH127,3
MYPKT122,3
MYPKT127,3
N1TR34,3
NATUG105W1,3
NATUG780,3
NATUH130,3
NATUH800,3
NATUH940W1,3
NATUH980W1,3
NATUI140,3
NATUI880,3
NATUK170,3
NATUM12,3
NATUS900,3
NATUS980W2,3
NATUT820W5,3
NATUT840W1,3
NATUT880W1,3
NATUU112,3
NATUU115,3
NATUU120,3
NATUV796,3
NATUV876,3
NATUV896,3
NATUX950,3
NEOEB18,3
NEOEG216,3
NEOEG219,3
NEOEG251,3
NEOEG254,3
NEOEH252,3
NEOEI247,3
NEOES236,3
NEOET227,3
ODPVC210,3
ODPVH130,3
ODPVS110,3
ODPVT100,3
ONCOH540,3
ONCOH630,3
P1KG34,3
P2EN34,3
P2OD34,3
PCARC230,3
PCARG135,3
PCARG145,3
PCARG185,3
PCARG230,3
PCARG25,3
PCARG280,3
PCARG365,3
PCARH255,3
PCARH275,3
PCARJ353,3
PCARJ373,3
PCARK375,3
PCARS11,3
PCARS280,3
PCARS420,3
PCARS430,3
PCARS445,3
PCART105,3
PCART200,3
PCART395,3
PCART405,3
PCART455,3
PCART810,3
PCART820,3
PCART830,3
PCART840,3
PCART890,3
PCART910,3
PCART950,3
PCART960,3
PCART970,3
PCART980,3
PCARU305,3
PCARU500,3
PCARV60,3
PEAB3,3
PETRA326,3
PETRA341,3
PETRA348,3
PETRA351,3
PETRA364,3
PETRA391,3
PETRA419,3
PETRB500,3
PETRG130,3
PETRG142,3
PETRG182,3
PETRG20,3
PETRG280W1,3
PETRG290W1,3
PETRG295W1,3
PETRG299,3
PETRG305,3
PETRG315,3
PETRG321,3
PETRG340W1,3
PETRG345W1,3
PETRG365W2,3
PETRG41,3
PETRG415,3
PETRG42,3
PETRG79,3
PETRH125,3
PETRH143,3
PETRH158,3
PETRH178,3
PETRH18,3
PETRH275W1,3
PETRH285W2,3
PETRH290W2,3
PETRH345W5,3
PETRH350W5,3
PETRH360W1,3
PETRH423,3
PETRH425,3
PETRH438,3
PETRH598,3
PETRI107,3
PETRI133,3
PETRI138,3
PETRI163,3
PETRI183,3
PETRI211,3
PETRI24,3
PETRI25,3
PETRI255,3
PETRI325,3
PETRI325W1,3
PETRI329,3
PETRI409,3
PETRI792,3
PETRI992,3
PETRJ230,3
PETRJ303,3
PETRJ329,3
PETRJ411,3
PETRJ426,3
PETRK352,3
PETRL249,3
PETRL271,3
PETRL31,3
PETRL449,3
PETRL57,3
PETRM316,3
PETRN341,3
PETRO350,3
PETRR840,3
PETRS25,3
PETRS275W4,3
PETRS280W2,3
PETRS310W1,3
PETRS320,3
PETRS340,3
PETRS380W1,3
PETRS385W1,3
PETRS390W1,3
PETRS451,3
PETRS454,3
PETRS535,3
PETRT228,3
PETRT250W2,3
PETRT270W1,3
PETRT282,3
PETRT292,3
PETRT322,3
PETRT375W2,3
PETRT402,3
PETRT439,3
PETRT529,3
PETRT594,3
PETRU200,3
PETRU243,3
PETRU248,3
PETRU252,3
PETRU304,3
PETRU324,3
PETRU335,3
PETRU398,3
PETRU404,3
PETRU413,3
PETRU418,3
PETRU44,3
PETRU6,3
PETRV263,3
PETRV315,3
PETRV352,3
PETRV373,3
PETRV428,3
PETRX1,3
PETRX364,3
PETRX56,3
PETZG141,3
PETZG151,3
PETZG316,3
PETZG481,3
PETZG501,3
PETZH211,3
PETZH296,3
PETZH581,3
PETZH641,3
PETZI368,3
PETZI523,3
PETZJ400,3
PETZL600,3
PETZL80,3
PETZO500,3
PETZS100,3
PETZS336,3
PETZS571,3
PETZS600,3
PETZS621,3
PETZS731,3
PETZS751,3
PETZS781,3
PETZS791,3
PETZS841,3
PETZS911,3
PETZT102,3
PETZT105,3
PETZT109,3
PETZT110,3
PETZT114,3
PETZT117,3
PETZT122,3
PETZT124,3
PETZT132,3
PETZT137,3
PETZT246,3
PETZT631,3
PETZT641,3
PETZT661,3
PETZT681,3
PETZT691,3
PETZT70,3
PETZT721,3
PETZT741,3
PETZT761,3
PETZT811,3
PETZT851,3
PETZT891,3
PETZT911,3
PETZT921,3
PETZT981,3
PETZT991,3
PETZU433,3
PETZU443,3
PETZV500,3
PGMN3T,3
PMAM3T,3
PNVLG986,3
PNVLH946,3
PNVLS966,3
PNVLT916,3
POMOH780,3
POMOI890,3
POMOI950,3
POMOS717,3
POMOS910,3
POMOT630,3
POMOT650,3
POMOU927,3
POSIG1,3
POSIG44,3
POSIH553,3
POSIH600,3
POSII473,3
POSII483,3
POSIL699,3
POSIS429,3
POSIS44,3
POSIS458,3
POSIS488,3
POSIS520,3
POSIS540,3
POSIT400,3
POSIT503,3
POSIT593,3
POSIU383,3
POSIV425,3
POSIW363,3
PRIOA480,3
PRIOE43,3
PRIOF57,3
PRIOG340,3
PRIOG362,3
PRIOG395W4,3
PRIOG440W1,3
PRIOH347,3
PRIOH362,3
PRIOH370,3
PRIOH377,3
PRIOH400W2,3
PRIOH465W4,3
PRIOH470W1,3
PRIOH470W5,3
PRIOH475W2,3
PRIOH480W2,3
PRIOH525,3
PRIOH560,3
PRIOI377,3
PRIOI382,3
PRIOI385,3
PRIOI552,3
PRIOI562,3
PRIOJ422,3
PRIOJ460,3
PRIOJ595,3
PRIOK431,3
PRIOK481,3
PRIOL48,3
PRIOL49,3
PRIOM30,3
PRIOM387,3
PRION400,3
PRIOO410,3
PRIOR487,3
PRIOS310,3
PRIOS327,3
PRIOS352,3
PRIOS365W4,3
PRIOS370W4,3
PRIOS395W1,3
PRIOS425W1,3
PRIOS472,3
PRIOS520,3
PRIOS620,3
PRIOT300,3
PRIOT327,3
PRIOT400W4,3
PRIOT420W4,3
PRIOT435W2,3
PRIOT440W2,3
PRIOT482,3
PRIOT497,3
PRIOT525,3
PRIOU327,3
PRIOU332,3
PRIOU337,3
PRIOU340,3
PRIOU355,3
PRIOU470,3
PRIOU497,3
PRIOU567,3
PRIOV350,3
PRIOV390,3
PRIOV455,3
PRIOW424,3
PRIOX406,3
PSSA3T,3
PSSAG377,3
PSSAG410,3
PSSAG440,3
PSSAG452,3
PSSAG530,3
PSSAH490,3
PSSAH500,3
PSSAH590,3
PSSAH600,3
PSSAI480,3
PSSAI610,3
PSSAS500,3
PSSAU495,3
PSSAU540,3
PTBL3T,3
QUALG175,3
QUALH115,3
QUALH15,3
QUALH850,3
QUALH950,3
QUALO200,3
QUALS175,3
QUALS205,3
QUALS260,3
QUALT13,3
QUALT14,3
QUALT155,3
QUALT195,3
QUALU200,3
QUALU210,3
QUALU290,3
QUALV164,3
QUALV174,3
QUALX20,3
R1EL34,3
R1OK34,3
R2AR34,3
R2NG34,3
R2PD34,3
RADLH203,3
RADLI193,3
RADLS201,3
RADLS210,3
RADLS224,3
RADLS234,3
RADLS249,3
RADLT181,3
RADLT193,3
RADLT201,3
RADLT214,3
RADLT224,3
RADLU113,3
RADLU155,3
RADLU163,3
RADLU218,3
RADLU928,3
RADLV148,3
RADLV153,3
RADLV188,3
RADLV223,3
RAILB210,3
RAILG212,3
RAILH170,3
RAILH235,3
RAILH240,3
RAILH245,3
RAILH255,3
RAILI235,3
RAILI240,3
RAILI245,3
RAILJ211,3
RAILO17,3
RAILQ185,3
RAILS205,3
RAILS220,3
RAILT140,3
RAILT150,3
RAILT240,3
RAILU135,3
RAILU195,3
RAIZG110,3
RAIZG20,3
RAIZG230,3
RAIZI230,3
RAIZI280,3
RAIZJ206,3
RAIZJ960,3
RAIZK150,3
RAIZO200,3
RAIZS140,3
RAIZS260,3
RAIZS285,3
RAIZS780,3
RAIZT120,3
RAIZT240,3
RAIZT270,3
RAIZT580,3
RAIZT680,3
RAIZU130,3
RAIZW165,3
RANIB699,3
RANIH703,3
RANII743,3
RANIJ763,3
RANIS796,3
RANIT763,3
RANIT783,3
RANIU763,3
RAPTF900,3
RAPTG920,3
RAPTG940,3
RAPTH875,3
RAPTI900,3
RAPTL15,3
RAPTL900,3
RAPTS820,3
RAPTT905,3
RAPTU655,3
RDORG342,3
RDORG346,3
RDORG365,3
RDORG391,3
RDORH288,3
RDORH305,3
RDORI320,3
RDORS328,3
RDORT288,3
RDORT336,3
RDORT360,3
RDORU300,3
RDORU301,3
RDORV283,3
RDORX330,3
RECVG155,3
RECVG165,3
RECVG180,3
RECVH167,3
RECVI157,3
RECVI167,3
RECVS160,3
RECVU142,3
RECVU147,3
RECVX250,3
RENTF30,3
RENTG331,3
RENTG351,3
RENTG380W2,3
RENTG390W2,3
RENTG400W1,3
RENTG405W1,3
RENTG410W2,3
RENTG420W4,3
RENTG461,3
RENTG468,3
RENTG483,3
RENTG485,3
RENTG498,3
RENTG501,3
RENTG511,3
RENTG520,3
RENTH316,3
RENTH355W2,3
RENTH360W2,3
RENTH365W1,3
RENTH380W1,3
RENTH390W1,3
RENTH395W2,3
RENTI341,3
RENTI405,3
RENTI435,3
RENTI441,3
RENTI459,3
RENTI464,3
RENTI474,3
RENTI509,3
RENTJ306,3
RENTJ368,3
RENTJ386,3
RENTM300,3
RENTP300,3
RENTS338,3
RENTS375W1,3
RENTS380W1,3
RENTS380W2,3
RENTS385W1,3
RENTS395W1,3
RENTS405W2,3
RENTS410W1,3
RENTS410W4,3
RENTS435W1,3
RENTS440W2,3
RENTS451,3
RENTS456,3
RENTS486,3
RENTT276,3
RENTT278,3
RENTT345W2,3
RENTT355W2,3
RENTT385W1,3
RENTT410W1,3
RENTT420W1,3
RENTT451,3
RENTT458,3
RENTT461,3
RENTU250,3
RENTU252,3
RENTU285,3
RENTU291,3
RENTU296,3
RENTU311,3
RENTU319,3
RENTU405,3
RENTU413,3
RENTU428,3
RENTV366,3
RENTV378,3
RENTV383,3
RENTW300,3
ROMIG100,3
ROMIG905,3
ROMIH105,3
ROMII899,3
ROMII925,3
ROMIS925,3
ROMIT925,3
ROMIU925,3
ROXOH125,3
SANBG239,3
SANBG329,3
SANBH241,3
SANBH326,3
SANBK250,3
SANBL312,3
SANBS329,3
SANBT316,3
SANBT321,3
SANBU301,3
SAPR11T,3
SAPRB249,3
SAPRG293,3
SAPRG308,3
SAPRG365,3
SAPRG370,3
SAPRG384,3
SAPRH290,3
SAPRH308,3
SAPRH34,3
SAPRI380,3
SAPRP268,3
SAPRS308,3
SAPRS32,3
SAPRS340,3
SAPRS380,3
SAPRT390,3
SAPRT403,3
SBFGH112,3
SBFGH114,3
SBFGI134,3
SBFGS120,3
SBFGS127,3
SBFGT107,3
SBSPG112,3
SBSPH101,3
SBSPH131,3
SBSPH138,3
SBSPH150,3
SBSPH900,3
SBSPI110,3
SBSPI126,3
SBSPI137,3
SBSPI930,3
SBSPK955,3
SBSPO935,3
SBSPS102,3
SBSPU114,3
SBSPU118,3
SBSPU120,3
SBSPU122,3
SBSPU131,3
SBSPU921,3
SBSPU926,3
SBSPU930,3
SBSPU931,3
SBSPU936,3
SBSPU956,3
SBSPU966,3
SBSPU976,3
SBSPU986,3
SBSPV951,3
SBSPV996,3
SBSPW930,3
SEERH900,3
SEERT790,3
SEQLG199,3
SIMHG433,3
SIMHG448,3
SIMHG470,3
SIMHG53,3
SIMHG600,3
SIMHG630,3
SIMHH318,3
SIMHH418,3
SIMHH633,3
SIMHI398,3
SIMHI423,3
SIMHI443,3
SIMHJ510,3
SIMHS408,3
SIMHS433,3
SIMHS610,3
SIMHT117,3
SIMHT383,3
SIMHT393,3
SIMHT403,3
SIMHT418,3
SIMHT438,3
SIMHT498,3
SIMHT523,3
SIMHT543,3
SIMHT873,3
SIMHT943,3
SIMHU403,3
SIMHU633,3
SLCEI179,3
SLCES175,3
SLCES200,3
SLCEV16,3
SMALB127,3
SMALF145,3
SMALF148,3
SMALF156,3
SMALG104W1,3
SMALG104W2,3
SMALG112W1,3
SMALG114W4,3
SMALG118,3
SMALG900,3
SMALH104W4,3
SMALH950W1,3
SMALI101W4,3
SMALI122,3
SMALI124,3
SMALI940,3
SMALL114,3
SMALM10,3
SMALS102W1,3
SMALS104W1,3
SMALS114,3
SMALS965,3
SMALS98W4,3
SMALT106W4,3
SMALT114,3
SMALU910,3
SMFTG234,3
SMFTH208,3
SMFTH224,3
SMFTL234,3
SMFTS224,3
SMFTS234,3
SMFTT229,3
SMFTU214,3
SMTOB22,3
SMTOG219,3
SMTOK190,3
SMTOT152,3
SMTOU155,3
SMTOU200,3
SOJA3T,3
SOJAI120,3
SOJAO100,3
SOND6,3
SUZBC55,3
SUZBF580,3
SUZBG300,3
SUZBG465,3
SUZBG490W2,3
SUZBG495W2,3
SUZBG500W1,3
SUZBG560W4,3
SUZBG597,3
SUZBG602,3
SUZBG607,3
SUZBH487,3
SUZBH492,3
SUZBH510W2,3
SUZBH550W4,3
SUZBH560W1,3
SUZBH560W5,3
SUZBH605,3
SUZBH615,3
SUZBI550W4,3
SUZBI597,3
SUZBI602,3
SUZBI612,3
SUZBJ555,3
SUZBL572,3
SUZBS300,3
SUZBS467,3
SUZBS475W2,3
SUZBS480W4,3
SUZBS500W1,3
SUZBS540W1,3
SUZBS550W2,3
SUZBS622,3
SUZBS842,3
SUZBT470W1,3
SUZBT490W1,3
SUZBT495W1,3
SUZBT500W2,3
SUZBT550W1,3
SUZBT570W1,3
SUZBT665,3
SUZBU432,3
SUZBU455,3
SUZBU470,3
SUZBU577,3
SUZBU597,3
SUZBU602,3
SUZBV470,3
SUZBV505,3
T2RE34,3
TAEEA384,3
TAEEG330,3
TAEEG390,3
TAEEI326,3
TAEEI396,3
TAEES385,3
TAEES390,3
TAEEU362,3
TAEEV326,3
TAEEX350,3
TAEEX355,3
TBIL39,3
TCSA3T,3
TCSAG180,3
TENDG220,3
TENDG240,3
TENDH218,3
TENDH228,3
TIMSG154,3
TIMSG204,3
TIMSH239,3
TIMSI193,3
TIMSN149,3
TIMST184,3
TOTSG440,3
TOTSG450,3
TOTSG453,3
TOTSG463,3
TOTSH376,3
TOTSH431,3
TOTSI423,3
TOTSI433,3
TOTSS410,3
TOTST381,3
TOTST400,3
TOTST430,3
TOTST440,3
TOTST451,3
TOTSX401,3
TRISG700,3
TRISG740,3
TRISG750,3
TRISH660,3
TRISH680,3
TRISH700,3
TRISH720,3
TRISH760,3
TRISH850,3
TRISS700,3
TRIST630,3
TRIST680,3
TSLAH650,3
TSNC11,3
TTENH170,3
TTENI143,3
TTENS139,3
TTENT143,3
TTENU150,3
TTENV12,3
TUPYB22,3
TUPYG175,3
TUPYG180,3
TUPYH165,3
TUPYI170,3
TUPYI195,3
TUPYS170,3
TUPYT210,3
TUPYT220,3
TUPYU155,3
TUPYU175,3
TUPYU180,3
TUPYV145,3
UGPAG190,3
UGPAH214,3
UGPAI160,3
UGPAI205,3
UGPAJ180,3
UGPAS225,3
UGPAT194,3
UGPAT196,3
UGPAT201,3
UGPAT209,3
UGPAT219,3
UGPAT224,3
UGPAT239,3
UGPAU125,3
UGPAU130,3
UGPAV135,3
UGPAV159,3
UNIPG592,3
UNIPH562,3
UNIPH572,3
UNIPJ642,3
UNIPT572,3
UNIPX502,3
USIME99,3
USIMG380,3
USIMG385,3
USIMG400W1,3
USIMG400W2,3
USIMG450W1,3
USIMG470W2,3
USIMG490W4,3
USIMG520W4,3
USIMG70,3
USIMH370W2,3
USIMH380W1,3
USIMH420W5,3
USIMI242,3
USIMI582,3
USIMI612,3
USIMI70,3
USIMI700,3
USIMJ367,3
USIMJ452,3
USIMJ462,3
USIMJ602,3
USIMJ900,3
USIMK320,3
USIMK420,3
USIML559,3
USIMN500,3
USIMN675,3
USIMP500,3
USIMS130,3
USIMS365,3
USIMS440W1,3
USIMS450W1,3
USIMS640,3
USIMS740,3
USIMS880,3
USIMS920,3
USIMT147,3
USIMT300,3
USIMT335,3
USIMT390W4,3
USIMT440W2,3
USIMT470W1,3
USIMT470W5,3
USIMT480W5,3
USIMT680,3
USIMT720,3
USIMT740,3
USIMT780,3
USIMU115,3
USIMU207,3
USIMU317,3
USIMV342,3
USIMV367,3
USIMV552,3
USIMV582,3
USIMW320,3
USIMX679,3
USIMX799,3
V1MC34,3
VALEG419,3
VALEG446,3
VALEG449,3
VALEG457W2,3
VALEG470W1,3
VALEG475W1,3
VALEG482W2,3
VALEG485W1,3
VALEG487W2,3
VALEG570W1,3
VALEG580W1,3
VALEG625W2,3
VALEG664,3
VALEH393,3
VALEH398,3
VALEH444,3
VALEH466,3
VALEH475W2,3
VALEH485W1,3
VALEH495W1,3
VALEH550W4,3
VALEH570W5,3
VALEH600W4,3
VALEH610W4,3
VALEH630W1,3
VALEH715,3
VALEH726,3
VALEI396,3
VALEI401,3
VALEI481,3
VALEI488,3
VALEI565W2,3
VALEI570W4,3
VALEI600W4,3
VALEI620W4,3
VALEJ465,3
VALEJ902,3
VALEK541,3
VALEK546,3
VALEK581,3
VALEK611,3
VALEK696,3
VALEL639,3
VALEL689,3
VALEL75,3
VALEM436,3
VALEM530,3
VALEM592,3
VALER110,3
VALES389,3
VALES421,3
VALES429,3
VALES434,3
VALES455W4,3
VALES465W4,3
VALES475W4,3
VALES490W1,3
VALES495W1,3
VALES510W1,3
VALES570W1,3
VALES590W1,3
VALES630W1,3
VALES640W4,3
VALES779,3
VALES799,3
VALES821,3
VALES859,3
VALES904,3
VALET340,3
VALET385,3
VALET390,3
VALET393,3
VALET455W2,3
VALET470W1,3
VALET470W2,3
VALET490W2,3
VALET540W4,3
VALET550W4,3
VALET700,3
VALET726,3
VALET770,3
VALET851,3
VALEU300,3
VALEU411,3
VALEU423,3
VALEU435,3
VALEU436,3
VALEU580W2,3
VALEU673,3
VALEU698,3
VALEU793,3
VALEU813,3
VALEU863,3
VALEV445,3
VALEV480,3
VALEV544,3
VALEV574,3
VALEV584,3
VALEV620,3
VALEV630,3
VALEV640,3
VALEW501,3
VALEW521,3
VALEX297,3
VALEX349,3
VALEX459,3
VAMOB500,3
VAMOG380,3
VAMOG580,3
VAMOG600,3
VAMOI380,3
VAMOI460,3
VAMOQ50,3
VAMOR50,3
VAMOS350,3
VAMOS490,3
VAMOU300,3
VAMOU420,3
VAMOV370,3
VAMOV380,3
VAMOW500,3
VANG11,3
VBBRG17,3
VBBRG187,3
VBBRG202,3
VBBRG24,3
VBBRG247,3
VBBRH173,3
VBBRH178,3
VBBRH198,3
VBBRH200,3
VBBRJ179,3
VBBRJ222,3
VBBRJ232,3
VBBRJ234,3
VBBRJ242,3
VBBRJ262,3
VBBRK224,3
VBBRK229,3
VBBRS179,3
VBBRS237,3
VBBRS240,3
VBBRS247,3
VBBRS250,3
VBBRT233,3
VBBRT243,3
VBBRT245,3
VBBRU160,3
VBBRU218,3
VBBRU230,3
VBBRU250,3
VBBRV180,3
VBBRV197,3
VBBRV214,3
VIVAE200,3
VIVAG211,3
VIVAG236,3
VIVAG241,3
VIVAG256,3
VIVAG271,3
VIVAG275,3
VIVAH246,3
VIVAH261,3
VIVAH285,3
VIVAH304,3
VIVAI288,3
VIVAI303,3
VIVAS241,3
VIVAS251,3
VIVAS261,3
VIVAS265,3
VIVAS268,3
VIVAS276,3
VIVAS281,3
VIVAT214,3
VIVAT216,3
VIVAT267,3
VIVAT272,3
VIVAU228,3
VIVAX248,3
VIVTA275,3
VIVTG545,3
VIVTH277,3
VIVTH287,3
VIVTI296,3
VIVTL301,3
VIVTL720,3
VIVTT337,3
VIVTU302,3
VLID3T,3
VLIDG256,3
VLIDG261,3
VLIDG271,3
VLIDG280,3
VLIDH232,3
VLIDH275,3
VLIDI236,3
VLIDI246,3
VLIDT22,3
VLIDU231,3
VTRU3T,3
VULC3T,3
VULCH181,3
VULCH186,3
VULCH206,3
VULCH226,3
VULCH236,3
VULCI190,3
VULCS196,3
VULCS216,3
VULCT221,3
VULCU190,3
W1EC34,3
W1RB34,3
WEGEG385,3
WEGEG390W4,3
WEGEG400W2,3
WEGEG405W2,3
WEGEG415W1,3
WEGEG420W1,3
WEGEH208,3
WEGEH380W2,3
WEGEH400W5,3
WEGEH405W2,3
WEGEH410W4,3
WEGEH415W4,3
WEGEH425W2,3
WEGEH440W4,3
WEGEH455W2,3
WEGEH475W1,3
WEGEH551,3
WEGEI311,3
WEGEI321,3
WEGEI326,3
WEGEI471,3
WEGEI476,3
WEGEI494,3
WEGEI557,3
WEGEJ359,3
WEGEJ379,3
WEGEK439,3
WEGEK542,3
WEGEM545,3
WEGEN400,3
WEGES373,3
WEGES38,3
WEGES420W1,3
WEGES440W1,3
WEGES445W2,3
WEGES493,3
WEGES510,3
WEGES535,3
WEGES575,3
WEGET303,3
WEGET313,3
WEGET328,3
WEGET360W5,3
WEGET380W2,3
WEGET385W4,3
WEGET410W2,3
WEGET415W2,3
WEGET420W4,3
WEGET435W1,3
WEGET483,3
WEGET530,3
WEGET531,3
WEGET546,3
WEGET556,3
WEGET611,3
WEGEU288,3
WEGEU298,3
WEGEU301,3
WEGEU311,3
WEGEU316,3
WEGEU331,3
WEGEU441,3
WEGEU466,3
WEGEU481,3
WEGEU484,3
WEGEU497,3
WEGEU580,3
WEGEV322,3
WEGEV324,3
WEGEV342,3
WEGEV422,3
WEGEV430,3
WEGEV434,3
WEGEV449,3
WEGEW317,3
WEGEW404,3
WEGEX314,3
WEGEX334,3
WEGEX429,3
WEGEX503,3
WEGEX600,3
WIZCG625,3
WIZCG635,3
WIZCH633,3
WIZCI735,3
WIZCI855,3
WIZCT793,3
WIZCU735,3
XPBRT950,3
YDUQG125,3
YDUQH125,3
YDUQH219,3
YDUQI185,3
YDUQI190,3
YDUQI205,3
YDUQJ145,3
YDUQS125,3
YDUQS171,3
YDUQT131,3
YDUQT185,3
YDUQT195,3
ZAMPG340,3
ZAMPH340,3
ZAMPH360,3
A1EN34,2
A1PO34,2
A1RC34,2
A1TM34,2
A2LC34,2
AAPLH599,2
ABCBI220,2
ABCBI233,2
ABCBS200,2
ABCBS245,2
ABCBT200,2
ABEVA124,2
ABEVB109,2
ABEVG125W4,2
ABEVG140W1,2
ABEVG165W4,2
ABEVG185W2,2
ABEVG993,2
ABEVH125W2,2
ABEVH171,2
ABEVH854,2
ABEVH874,2
ABEVH877,2
ABEVH894,2
ABEVH897,2
ABEVH914,2
ABEVH917,2
ABEVH934,2
ABEVH937,2
ABEVH967,2
ABEVH987,2
ABEVI111,2
ABEVI140W1,2
ABEVI164,2
ABEVI169,2
ABEVI171,2
ABEVJ129,2
ABEVJ132,2
ABEVJ144,2
ABEVJ154,2
ABEVK132,2
ABEVK147,2
ABEVK149,2
ABEVK158,2
ABEVL137,2
ABEVL17,2
ABEVP11,2
ABEVS115,2
ABEVS155W2,2
ABEVS155W4,2
ABEVS175W4,2
ABEVS179,2
ABEVS19,2
ABEVS236,2
ABEVT120,2
ABEVT120W4,2
ABEVT120W5,2
ABEVT125W4,2
ABEVT130W5,2
ABEVT155W1,2
ABEVT181,2
ABEVT183,2
ABEVT192,2
ABEVT202,2
ABEVT206,2
ABEVU161,2
ABEVU29,2
ABEVU304,2
ABEVV129,2
ABEVV134,2
ABEVW12,2
ABEVX141,2
ABEVX161,2
ABEVX185,2
ABEVX200,2
AERI3T,2
AGROH205,2
AGROS205,2
AHEB3,2
ALOSH180,2
ALOSH202,2
ALOSH207,2
ALOSH257,2
ALOSI242,2
ALOSS193,2
ALOSS239,2
ALOSS242,2
ALOST237,2
ALOSU236,2
ALOSU242,2
ALPAG811,2
ALPAG920,2
ALPAH811,2
ALPAI851,2
ALPAI911,2
ALPAI971,2
ALPAJ811,2
ALPAJ831,2
ALPAS851,2
ALPAS940,2
ALPAS991,2
ALUPG287,2
ALUPI285,2
ALUPJ310,2
ALUPT315,2
AMARB30,2
AMBPG220,2
AMBPH200,2
AMBPI180,2
AMOB3T,2
AMZO34T,2
ANIMB450,2
ANIMG190,2
ANIMG200,2
ANIMG200E,2
ANIMG290E,2
ANIMG365,2
ANIMG455,2
ANIMH275,2
ANIMH300,2
ANIMH37,2
ANIMI405,2
ANIMI445,2
ANIMJ375,2
ANIMS425,2
ANIMS475,2
ANIMS600,2
ANIMT340,2
ANIMT35,2
ANIMT350,2
ANIMT395,2
ANIMT400,2
ANIMT415,2
ARMLS434,2
ARMLS774,2
ARMLT434,2
ARMLT500,2
ASAIG122,2
ASAIG135,2
ASAIG700,2
ASAIG880,2
ASAIG900,2
ASAIG920,2
ASAIG980,2
ASAIH820,2
ASAIH840,2
ASAIH860,2
ASAIH900,2
ASAIH920,2
ASAIH930,2
ASAII659,2
ASAII789,2
ASAII919,2
ASAIJ108,2
ASAIJ600,2
ASAIS900,2
ASAIT107,2
ASAIT150,2
ASAIT840,2
AURAG499,2
AUREB799,2
AUREH904,2
AUREI114,2
AUREI934,2
AUREJ994,2
AUREK800,2
AURES880,2
AUREX243,2
AZEV3T,2
AZULB499,2
AZULD500,2
AZULG70,2
AZULH155,2
AZULI315,2
AZULI50,2
AZULJ500,2
AZULJ99,2
AZULL220,2
AZULL40,2
AZULS13,2
AZULS295,2
AZULS320,2
AZULS330,2
AZULS355,2
AZULS435,2
AZULT165,2
AZULT190,2
AZULT195,2
AZULT199,2
AZULT285,2
AZULT310,2
AZULT320,2
AZULT435,2
AZULU150,2
AZULU180,2
AZULU465,2
AZULU540,2
AZULV140,2
AZULV900,2
AZULW500,2
AZULX700,2
AZZAG287,2
AZZAG305,2
AZZAG415,2
AZZAG419,2
AZZAG449,2
AZZAH275,2
AZZAH290,2
AZZAH300,2
AZZAH305,2
AZZAH330,2
AZZAH397,2
AZZAI350,2
AZZAI365,2
AZZAI385,2
AZZAJ440,2
AZZAK382,2
AZZAL320,2
AZZAL40,2
AZZAS267,2
AZZAS320,2
AZZAS437,2
AZZAS445,2
AZZAS570,2
AZZAT240,2
AZZAT295,2
AZZAT307,2
AZZAT375,2
AZZAT392,2
AZZAT425,2
AZZAT475,2
AZZAT510,2
AZZAU482,2
B1BT34,2
B3SAA100,2
B3SAA12,2
B3SAB150,2
B3SAB160,2
B3SAC130,2
B3SAC157,2
B3SAE140,2
B3SAF15,2
B3SAF159,2
B3SAG115W2,2
B3SAG130W1,2
B3SAG155W1,2
B3SAG160,2
B3SAG166,2
B3SAG171,2
B3SAG918,2
B3SAG948,2
B3SAG968,2
B3SAG998,2
B3SAH115W1,2
B3SAH125W1,2
B3SAH135W5,2
B3SAH145W4,2
B3SAH155W1,2
B3SAH165W1,2
B3SAH170W1,2
B3SAH180,2
B3SAH192,2
B3SAH835,2
B3SAH845,2
B3SAH855,2
B3SAH900,2
B3SAH910,2
B3SAH920,2
B3SAH930,2
B3SAI100,2
B3SAI179,2
B3SAI181,2
B3SAJ114,2
B3SAJ147,2
B3SAJ152,2
B3SAJ160,2
B3SAJ167,2
B3SAJ945,2
B3SAL140,2
B3SAM580,2
B3SAP128,2
B3SAP936,2
B3SAP959,2
B3SAR13,2
B3SAS112,2
B3SAS12,2
B3SAS120W2,2
B3SAS135W1,2
B3SAS155W2,2
B3SAS184,2
B3SAS189,2
B3SAT100,2
B3SAT115W2,2
B3SAT125W5,2
B3SAT184,2
B3SAT187,2
B3SAT960,2
B3SAT999,2
B3SAU156,2
B3SAU864,2
B3SAV142,2
B3SAV147,2
B3SAV16,2
B3SAV945,2
B3SAW108,2
B3SAW112,2
B3SAW979,2
B3SAX110,2
B3SAX13,2
B3SAX134,2
BAOK39,2
BAOR39,2
BAUH4F,2
BBASA349,2
BBASB310,2
BBASC205,2
BBASC213,2
BBASF214,2
BBASG119,2
BBASG14,2
BBASG146,2
BBASG16,2
BBASG169,2
BBASG181,2
BBASG195W4,2
BBASG248W4,2
BBASG286,2
BBASG294,2
BBASG310,2
BBASH119,2
BBASH129,2
BBASH131,2
BBASH144,2
BBASH185W2,2
BBASH238W4,2
BBASH243,2
BBASH250W1,2
BBASH255W2,2
BBASH27,2
BBASH283,2
BBASH287,2
BBASI200W1,2
BBASI205W1,2
BBASI220W1,2
BBASI260,2
BBASI312,2
BBASI339,2
BBASJ160,2
BBASJ190,2
BBASJ20,2
BBASJ211,2
BBASJ22,2
BBASJ23,2
BBASJ251,2
BBASJ273,2
BBASJ274,2
BBASJ284,2
BBASJ289,2
BBASJ291,2
BBASJ301,2
BBASJ335,2
BBASJ358,2
BBASK224,2
BBASK26,2
BBASK297,2
BBASL207,2
BBASL303,2
BBASL353,2
BBASL356,2
BBASM286,2
BBASO272,2
BBASQ213,2
BBASS190W2,2
BBASS271W1,2
BBASS274W1,2
BBASS276W1,2
BBASS279W4,2
BBASS281W1,2
BBASS286W4,2
BBASS321,2
BBASS324,2
BBAST129,2
BBAST134,2
BBAST160W5,2
BBAST165W5,2
BBAST175W5,2
BBAST205W5,2
BBAST223W4,2
BBAST235W2,2
BBAST245W2,2
BBAST247W2,2
BBAST270W4,2
BBAST287,2
BBAST311,2
BBAST324,2
BBAST336,2
BBAST341,2
BBAST426,2
BBAST890,2
BBASU134,2
BBASU135,2
BBASU144,2
BBASU297,2
BBASU312,2
BBASU339,2
BBASV165,2
BBASV168,2
BBASV249,2
BBASV260,2
BBASV261,2
BBASV266,2
BBASV270,2
BBASV281,2
BBASV284,2
BBASW169,2
BBASX195,2
BBASX253,2
BBASX268,2
BBASX278,2
BBASX323,2
BBASX365,2
BBDCA161,2
BBDCB109,2
BBDCB167,2
BBDCB188,2
BBDCC13,2
BBDCC134,2
BBDCC165,2
BBDCD145,2
BBDCD155,2
BBDCF11,2
BBDCF180,2
BBDCG112,2
BBDCG117W4,2
BBDCG130W4,2
BBDCG135W4,2
BBDCG147W1,2
BBDCG155W1,2
BBDCG158,2
BBDCG166,2
BBDCG175W1,2
BBDCG182W2,2
BBDCG192W4,2
BBDCG199,2
BBDCG220,2
BBDCG524,2
BBDCG744,2
BBDCH103,2
BBDCH107,2
BBDCH124W1,2
BBDCH140W4,2
BBDCH150W2,2
BBDCH155W4,2
BBDCH176,2
BBDCH206,2
BBDCH544,2
BBDCH756,2
BBDCH89,2
BBDCH986,2
BBDCH987,2
BBDCH997,2
BBDCI155W1,2
BBDCI160W1,2
BBDCI170W1,2
BBDCI175W1,2
BBDCI180W1,2
BBDCI185W1,2
BBDCI190W1,2
BBDCI192,2
BBDCI212,2
BBDCI653,2
BBDCI9,2
BBDCI968,2
BBDCJ119,2
BBDCJ127,2
BBDCJ128,2
BBDCJ15,2
BBDCJ150,2
BBDCJ162W1,2
BBDCJ171,2
BBDCJ194,2
BBDCK157,2
BBDCK174,2
BBDCK186,2
BBDCK201,2
BBDCK211,2
BBDCL191,2
BBDCL213,2
BBDCM278,2
BBDCN109,2
BBDCO164,2
BBDCP130,2
BBDCP342,2
BBDCR1,2
BBDCR160,2
BBDCR200,2
BBDCS109,2
BBDCS11,2
BBDCS112,2
BBDCS122,2
BBDCS132,2
BBDCS134,2
BBDCS142W4,2
BBDCS152W2,2
BBDCS158,2
BBDCS192W2,2
BBDCS202W2,2
BBDCS210,2
BBDCS222,2
BBDCS225,2
BBDCS227,2
BBDCS232,2
BBDCS237,2
BBDCS250,2
BBDCS3,2
BBDCT113,2
BBDCT130W2,2
BBDCT155W4,2
BBDCT160W4,2
BBDCT170W4,2
BBDCT180W5,2
BBDCT184W1,2
BBDCT195W5,2
BBDCT208,2
BBDCT218,2
BBDCT245,2
BBDCT248,2
BBDCT268,2
BBDCT278,2
BBDCT400,2
BBDCT998,2
BBDCU142W4,2
BBDCU185W1,2
BBDCU196,2
BBDCU227,2
BBDCU237,2
BBDCU247,2
BBDCU257,2
BBDCU908,2
BBDCV142,2
BBDCV150,2
BBDCV159,2
BBDCV160,2
BBDCV186,2
BBDCV2,2
BBDCV208,2
BBDCW12,2
BBDCW171,2
BBDCX156,2
BBDCX161,2
BBDCX170,2
BBDCX180,2
BBJP39,2
BBSEA347,2
BBSEA370,2
BBSEC380,2
BBSEG339,2
BBSEG407,2
BBSEH229,2
BBSEH294,2
BBSEH432,2
BBSEI413,2
BBSEJ259,2
BBSEJ264,2
BBSEJ387,2
BBSEK299,2
BBSEK349,2
BBSEL299,2
BBSEM335,2
BBSEM342,2
BBSER431,2
BBSER440,2
BBSES422,2
BBSES424,2
BBSES432,2
BBSET289,2
BBSET414,2
BBSET417,2
BBSET419,2
BBSET422,2
BBSEU393,2
BBSEU440,2
BBSEV352,2
BBSEV382,2
BBSEV412,2
BBSEW364,2
BBSEX402,2
BBSEX427,2
BCLO39,2
BDLL3,2
BDRI39,2
BECH39,2
BEEFA400,2
BEEFG110,2
BEEFG341,2
BEEFG341E,2
BEEFG406,2
BEEFG490W4,2
BEEFG500W1,2
BEEFG510,2
BEEFG560W4,2
BEEFG580,2
BEEFG600W2,2
BEEFG760,2
BEEFG800,2
BEEFH441,2
BEEFH461,2
BEEFH500W1,2
BEEFH520W4,2
BEEFH640W5,2
BEEFI456,2
BEEFI461,2
BEEFI476,2
BEEFJ641,2
BEEFL501,2
BEEFL90,2
BEEFM400,2
BEEFQ510,2
BEEFS160,2
BEEFS260,2
BEEFS451,2
BEEFS510,2
BEEFS520W1,2
BEEFS560W2,2
BEEFS580W4,2
BEEFS651,2
BEEFS681,2
BEEFS711,2
BEEFS751,2
BEEFS791,2
BEEFS800,2
BEEFS801,2
BEEFS811,2
BEEFS880,2
BEEFS920,2
BEEFS921,2
BEEFT10,2
BEEFT232,2
BEEFT322,2
BEEFT421,2
BEEFT431,2
BEEFT480W2,2
BEEFT500W2,2
BEEFT520W2,2
BEEFT711,2
BEEFT811,2
BEEFU170,2
BEEFU561,2
BEEFU591,2
BEEFU611,2
BEEFU711,2
BEEFV436,2
BEEFV461,2
BEEFV466,2
BEEFW511,2
BEEFX750,2
BEEFX831,2
BEEFX901,2
BFBI39,2
BGIP3,2
BHIAG299,2
BHIAG320W4,2
BHIAG360W4,2
BHIAG420,2
BHIAG480,2
BHIAG490,2
BHIAG580,2
BHIAG660,2
BHIAG700,2
BHIAG720,2
BHIAG880,2
BHIAH320W2,2
BHIAH350W1,2
BHIAH390W1,2
BHIAH70,2
BHIAI10,2
BHIAI190,2
BHIAK300,2
BHIAN179,2
BHIAR40,2
BHIAS130,2
BHIAS150,2
BHIAS300,2
BHIAS490,2
BHIAS900,2
BHIAS920,2
BHIAT220W2,2
BHIAT280W4,2
BHIAT300,2
BHIAT310W1,2
BHIAT320W2,2
BHIAT350,2
BHIAU200,2
BHIAV880,2
BIDR39,2
BIDV39,2
BIJS39,2
BIOM1,2
BIOM1F,2
BIPC39,2
BKSA39,2
BKXI39,2
BMGBA40,2
BMGBG402,2
BMGBI290,2
BMGBL400,2
BMGBN530,2
BMGBS400,2
BMGBU290,2
BMGBU385,2
BMGBU395,2
BMGBV352,2
BMGBW400,2
BMKS3T,2
BMOBG180,2
BMOBH173,2
BMOBH208,2
BMOBH233,2
BMOBI223,2
BOVAA119,2
BOVAA129,2
BOVAA138,2
BOVAA200,2
BOVAA300,2
BOVAA800,2
BOVAB129,2
BOVAC110,2
BOVAC118,2
BOVAC120,2
BOVAC128,2
BOVAC129,2
BOVAC145,2
BOVAC159,2
BOVAD150,2
BOVAD8,2
BOVAE17,2
BOVAF170,2
BOVAF400,2
BOVAG101,2
BOVAG103,2
BOVAG108W2,2
BOVAG110W1,2
BOVAG114W1,2
BOVAG125,2
BOVAG142,2
BOVAG146W1,2
BOVAG164W4,2
BOVAG307,2
BOVAG650,2
BOVAG850,2
BOVAG880,2
BOVAH106W1,2
BOVAH110W2,2
BOVAH111W1,2
BOVAH111W2,2
BOVAH112W2,2
BOVAH115W2,2
BOVAH124W4,2
BOVAH128W5,2
BOVAH132W5,2
BOVAH133W5,2
BOVAH140W5,2
BOVAH145W2,2
BOVAH148,2
BOVAH148W4,2
BOVAH168,2
BOVAH171,2
BOVAH650,2
BOVAH750,2
BOVAH905,2
BOVAH970,2
BOVAH99,2
BOVAI120W4,2
BOVAI121W4,2
BOVAI127W2,2
BOVAI128W1,2
BOVAI129W1,2
BOVAI130W4,2
BOVAI131W2,2
BOVAI132W2,2
BOVAI133W2,2
BOVAI134W2,2
BOVAI140W2,2
BOVAI140W4,2
BOVAI144W4,2
BOVAI145W4,2
BOVAI149W1,2
BOVAI150W4,2
BOVAI163,2
BOVAI164,2
BOVAI166,2
BOVAI167,2
BOVAI487,2
BOVAI700,2
BOVAI910,2
BOVAI920,2
BOVAI930,2
BOVAI980,2
BOVAI995,2
BOVAJ15,2
BOVAJ190,2
BOVAJ28,2
BOVAJ760,2
BOVAJ900,2
BOVAJ950,2
BOVAK118,2
BOVAK134,2
BOVAK140,2
BOVAK145,2
BOVAK187,2
BOVAK20,2
BOVAK600,2
BOVAK700,2
BOVAL159,2
BOVAL19,2
BOVAL300,2
BOVAM119,2
BOVAM134,2
BOVAN124,2
BOVAN132,2
BOVAO110,2
BOVAO129,2
BOVAO150,2
BOVAO180,2
BOVAP14,2
BOVAP149,2
BOVAP158,2
BOVAQ134,2
BOVAQ135,2
BOVAR170,2
BOVAS10,2
BOVAS108,2
BOVAS116W4,2
BOVAS121W2,2
BOVAS127W1,2
BOVAS142,2
BOVAS154W4,2
BOVAS160W2,2
BOVAS162W2,2
BOVAS164W4,2
BOVAS165,2
BOVAS17,2
BOVAS955,2
BOVAS970,2
BOVAS975,2
BOVAS990,2
BOVAT102W1,2
BOVAT105W2,2
BOVAT106W2,2
BOVAT112W4,2
BOVAT122W5,2
BOVAT130W5,2
BOVAT141W2,2
BOVAT144W1,2
BOVAT145W2,2
BOVAT152W2,2
BOVAT155W1,2
BOVAT169,2
BOVAT186,2
BOVAT210,2
BOVAT300,2
BOVAT8,2
BOVAT840,2
BOVAT860,2
BOVAT870,2
BOVAT880,2
BOVAT905,2
BOVAT910,2
BOVAT925,2
BOVAT955,2
BOVAU115W4,2
BOVAU122W4,2
BOVAU129,2
BOVAU130W4,2
BOVAU131W4,2
BOVAU132W2,2
BOVAU153,2
BOVAU154,2
BOVAU155,2
BOVAU160,2
BOVAU165,2
BOVAU20,2
BOVAU220,2
BOVAU820,2
BOVAU830,2
BOVAU840,2
BOVAU885,2
BOVAU915,2
BOVAV10,2
BOVAV139,2
BOVAV140,2
BOVAV19,2
BOVAV41,2
BOVAV6,2
BOVAV750,2
BOVAV810,2
BOVAV850,2
BOVAV870,2
BOVAV880,2
BOVAV890,2
BOVAV910,2
BOVAV920,2
BOVAV930,2
BOVAW113,2
BOVAW115,2
BOVAW138,2
BOVAW139,2
BOVAW300,2
BOVAW7,2
BOVAX109,2
BOVAX121,2
BOVAX125,2
BOVAX4,2
BOVVH126W5,2
BOVVH134W5,2
BOVVH146W5,2
BOVVI139,2
BOVVU129,2
BOVVU133,2
BPACG313,2
BPACG321,2
BPACG331,2
BPACG338,2
BPACG368,2
BPACG375W4,2
BPACG390W2,2
BPACG415W2,2
BPACG420W1,2
BPACG445W2,2
BPACG468,2
BPACG481,2
BPACH316,2
BPACH346,2
BPACH354,2
BPACH359,2
BPACH361,2
BPACH380W1,2
BPACH380W2,2
BPACH405W5,2
BPACH410W2,2
BPACH430W1,2
BPACH491,2
BPACI352,2
BPACI357,2
BPACI360,2
BPACI472,2
BPACI485,2
BPACI495,2
BPACI497,2
BPACI505,2
BPACJ412,2
BPACL405,2
BPACS343,2
BPACS355W4,2
BPACS356,2
BPACS357,2
BPACS370W2,2
BPACS375W2,2
BPACS390W2,2
BPACS400W1,2
BPACS405W1,2
BPACS415W4,2
BPACS446,2
BPACT326,2
BPACT400W2,2
BPACT400W4,2
BPACT410W2,2
BPACT420W1,2
BPACT459,2
BPACT461,2
BPACU315,2
BPACU320,2
BPACU450,2
BPACU452,2
BPACV365,2
BPACV370,2
BPACX427,2
BPANG950,2
BPANH102,2
BPANI860,2
BPANS699,2
BPANT790,2
BPANT830,2
BPANU700,2
BRAPA16,2
BRAPG157,2
BRAPG197,2
BRAPG200,2
BRAPH157,2
BRAPH222,2
BRAPI147,2
BRAPI157,2
BRAPI200,2
BRAPI208,2
BRAPI220,2
BRAPJ159,2
BRAPJ190,2
BRAPK168,2
BRAPK175,2
BRAPL182,2
BRAPL226,2
BRAPR195,2
BRAPS137,2
BRAPU125,2
BRAPU195,2
BRAPU198,2
BRAPV159,2
BRAPX160,2
BRAVA180,2
BRAVA230,2
BRAVB320,2
BRAVE270,2
BRAVG160W4,2
BRAVG165,2
BRAVG170W1,2
BRAVG170W4,2
BRAVH163,2
BRAVH170W1,2
BRAVH180W2,2
BRAVH185W2,2
BRAVH195W5,2
BRAVH200,2
BRAVH210W4,2
BRAVH210W5,2
BRAVH225W2,2
BRAVH281,2
BRAVH300,2
BRAVH806,2
BRAVI200W1,2
BRAVJ17,2
BRAVJ185,2
BRAVJ197,2
BRAVJ220,2
BRAVJ260,2
BRAVL190,2
BRAVL192,2
BRAVL260,2
BRAVL320,2
BRAVM210,2
BRAVO230,2
BRAVS130,2
BRAVS132,2
BRAVS135,2
BRAVS147,2
BRAVS180W1,2
BRAVS200,2
BRAVS215W4,2
BRAVS245,2
BRAVS255,2
BRAVS265,2
BRAVS282,2
BRAVS297,2
BRAVS302,2
BRAVS312,2
BRAVS315,2
BRAVS327,2
BRAVS337,2
BRAVS347,2
BRAVS382,2
BRAVS510,2
BRAVT160W5,2
BRAVT165W5,2
BRAVT175W2,2
BRAVT205W1,2
BRAVT205W5,2
BRAVT210W5,2
BRAVT215W1,2
BRAVT263,2
BRAVT283,2
BRAVT293,2
BRAVT303,2
BRAVT360,2
BRAVT363,2
BRAVT368,2
BRAVT371,2
BRAVT43,2
BRAVU120,2
BRAVU142,2
BRAVU240,2
BRAVU260,2
BRAVU272,2
BRAVU427,2
BRAVU510,2
BRAVV160,2
BRAVV170,2
BRAVV175,2
BRAVV180,2
BRAVV195,2
BRAVV205,2
BRFS3Q,2
BRFSB25,2
BRFSG171,2
BRFSG17E,2
BRFSG184,2
BRFSG189E,2
BRFSG194E,2
BRFSG199E,2
BRFSG204E,2
BRFSG271,2
BRFSH272,2
BRFSI205,2
BRFSI260,2
BRFSL224,2
BRFSS156,2
BRFSS166,2
BRFSS169,2
BRFSS239,2
BRFSS246,2
BRFSS259,2
BRFST165,2
BRFST227,2
BRFST232,2
BRFST242,2
BRFST245,2
BRFST262,2
BRFST277,2
BRFSU155,2
BRFSU230,2
BRFSX179,2
BRKMA140,2
BRKMH830,2
BRKMI170,2
BRKMI190,2
BRKMJ130,2
BRKMJ920,2
BRKML900,2
BRKMO14,2
BRKMS170,2
BRKMS260,2
BRKMS38,2
BRKMT380,2
BRKMT480,2
BRKMU190,2
BRKMU210,2
BRKMU320,2
BRKMV115,2
BRKMV180,2
BRKMV190,2
BRKMV280,2
BRKMV620,2
BRKMX310,2
BRSRB99,2
BRSRF5,2
BRSRG103,2
BRSRG133,2
BRSRI107,2
BRSRI123,2
BRSRJ100,2
BRSRJ112,2
BRSRL191,2
BRSRS128,2
BRSRU100,2
BRSRU113,2
BZRO39,2
C1CO34,2
C2EM34,2
CAMB3T,2
CAMLB50,2
CAMLJ500,2
CAPH34,2
CASHD150,2
CASHG120,2
CASHG960,2
CASHK660,2
CASHL300,2
CASHL900,2
CASHS100,2
CASHS120,2
CASHS900,2
CASHT122,2
CASHT880,2
CASHU570,2
CASHU800,2
CASHU940,2
CBAVG400E,2
CBAVG460,2
CBAVI550,2
CBAVS390,2
CBAVS450,2
CBAVS530,2
CBAVS660,2
CBAVT460,2
CBAVT480,2
CBAVT540,2
CBAVU390,2
CBAVV520,2
CBAVX700,2
CEABG110,2
CEABG135,2
CEABG140,2
CEABG145,2
CEABG220,2
CEABH110,2
CEABH160,2
CEABI170,2
CEABS150,2
CEABS162,2
CEABS164,2
CEABS182,2
CEABS199,2
CEABS215,2
CEABT140,2
CEABT180,2
CEABT183,2
CEABT185,2
CEABT195,2
CEABU113,2
CEABU170,2
CEABV143,2
CFHI11,2
CMIGF122,2
CMIGG11,2
CMIGG125,2
CMIGG130,2
CMIGG884,2
CMIGH149,2
CMIGH160,2
CMIGH698,2
CMIGH754,2
CMIGH874,2
CMIGH898,2
CMIGH994,2
CMIGI106,2
CMIGI936,2
CMIGJ130,2
CMIGK100,2
CMIGK109,2
CMIGL118,2
CMIGL833,2
CMIGL963,2
CMIGM100,2
CMIGM110,2
CMIGM115,2
CMIGN107,2
CMIGN112,2
CMIGP105,2
CMIGP120,2
CMIGT145,2
CMIGU129,2
CMIGU214,2
CMIGU796,2
CMIGU902,2
CMIGU922,2
CMIGV102,2
CMIGV105,2
CMIGW125,2
CMIGX100,2
CMIGX11,2
CMIGX114,2
CMIGX99,2
CMINA50,2
CMINA600,2
CMINE700,2
CMING50,2
CMING500E,2
CMING520E,2
CMING610,2
CMING620,2
CMINH470,2
CMINI487,2
CMINI507,2
CMINI657,2
CMINL700,2
CMINO500,2
CMINP500,2
CMINS620,2
CMINS700,2
CMINT637,2
CMINT657,2
CMINT900,2
CMINU437,2
CMINU472,2
CMINU507,2
CMINU737,2
CMINV479,2
CMINV524,2
CMINV699,2
COGNG125,2
COGNG140,2
COGNG155,2
COGNG170,2
COGNG185,2
COGNG260W2,2
COGNG290W1,2
COGNG300,2
COGNH100,2
COGNH150,2
COGNH300W2,2
COGNH373,2
COGNH383,2
COGNH423,2
COGNH480,2
COGNI100,2
COGNI173,2
COGNI178,2
COGNI188,2
COGNI193,2
COGNI203,2
COGNI223,2
COGNI318,2
COGNI373,2
COGNJ130,2
COGNJ233,2
COGNJ268,2
COGNJ338,2
COGNJ343,2
COGNJ388,2
COGNJ393,2
COGNJ593,2
COGNK273,2
COGNK5,2
COGNM10,2
COGNN30,2
COGNN4,2
COGNO349,2
COGNR20,2
COGNS1,2
COGNS114,2
COGNS200,2
COGNS235,2
COGNS240W4,2
COGNS270W4,2
COGNS280W1,2
COGNS290W1,2
COGNS300W1,2
COGNS310W2,2
COGNS45,2
COGNS570,2
COGNS670,2
COGNS680,2
COGNS853,2
COGNT115,2
COGNT178,2
COGNT183,2
COGNT193,2
COGNT203,2
COGNT208,2
COGNT250W1,2
COGNT378,2
COGNT423,2
COGNT503,2
COGNT513,2
COGNT613,2
COGNT653,2
COGNT673,2
COGNU178,2
COGNU183,2
COGNU213,2
COGNU328,2
COGNV170,2
COGNV253,2
COGNV293,2
COGNV373,2
COGNV393,2
COGNV493,2
COGNW273,2
COGNW358,2
CPFEH367,2
CPFEH377,2
CPFEI377,2
CPFEI380,2
CPFEJ382,2
CPFEJ389,2
CPFES39,2
CPFES410,2
CPFET357,2
CPFET440,2
CPFEU370,2
CPLEG145,2
CPLEG866,2
CPLEG960,2
CPLEG98,2
CPLEH100,2
CPLEH148,2
CPLEH170,2
CPLEH846,2
CPLEH911,2
CPLEI103,2
CPLEI104,2
CPLEI128,2
CPLEI154,2
CPLEI996,2
CPLEJ900,2
CPLEL121,2
CPLES133,2
CPLES135,2
CPLES149,2
CPLES155,2
CPLEU130,2
CPLEU996,2
CSANA160,2
CSANB80,2
CSANG640W2,2
CSANG680W1,2
CSANG680W2,2
CSANG780W2,2
CSANG920,2
CSANG930,2
CSANG940,2
CSANG950,2
CSANH113,2
CSANH19,2
CSANH545,2
CSANH640W4,2
CSANH915,2
CSANI14,2
CSANI825,2
CSANI865,2
CSANI955,2
CSANJ640,2
CSANK13,2
CSANK282,2
CSANK500,2
CSANK580,2
CSANK800,2
CSANL160,2
CSANM100,2
CSANM120,2
CSANM135,2
CSANN80,2
CSANR750,2
CSANS136,2
CSANS146,2
CSANS15,2
CSANS156,2
CSANS550,2
CSANS590,2
CSANS620W2,2
CSANS920,2
CSANS980,2
CSANS990,2
CSANT143,2
CSANT168,2
CSANT520W2,2
CSANT580W5,2
CSANT600W4,2
CSANT640W2,2
CSANT800,2
CSANT860W1,2
CSANT965,2
CSANT975,2
CSANT995,2
CSANU112,2
CSANU18,2
CSANU455,2
CSANU855,2
CSANV120,2
CSANV530,2
CSANV580,2
CSANV650,2
CSANV670,2
CSANV740,2
CSANW102,2
CSANW13,2
CSANW160,2
CSANW300,2
CSANX115,2
CSANX590,2
CSMGB21,2
CSMGG211,2
CSMGG224,2
CSMGG261,2
CSMGG266,2
CSMGG301,2
CSMGG344,2
CSMGH215,2
CSMGH245,2
CSMGI257,2
CSMGI305,2
CSMGL197,2
CSMGS231,2
CSMGS234,2
CSMGS238,2
CSMGS261,2
CSMGS291,2
CSMGT232,2
CSMGT300,2
CSMGT310,2
CSMGU260,2
CSMGV285,2
CSMGW270,2
CSMGX225,2
CSMGX265,2
CSNAA14,2
CSNAA800,2
CSNAE950,2
CSNAF140,2
CSNAF18,2
CSNAG700W1,2
CSNAG720W1,2
CSNAG740W2,2
CSNAG990,2
CSNAH100W1,2
CSNAH113,2
CSNAH115,2
CSNAH118,2
CSNAH160,2
CSNAH599,2
CSNAH659,2
CSNAH679,2
CSNAH740W2,2
CSNAH860W4,2
CSNAH860W5,2
CSNAH880W4,2
CSNAH900W4,2
CSNAH900W5,2
CSNAH940W2,2
CSNAH940W4,2
CSNAI115,2
CSNAI659,2
CSNAI679,2
CSNAI699,2
CSNAI909,2
CSNAJ10,2
CSNAJ17,2
CSNAJ889,2
CSNAJ919,2
CSNAJ969,2
CSNAO18,2
CSNAR10,2
CSNAS107,2
CSNAS160,2
CSNAS162,2
CSNAS175,2
CSNAS650,2
CSNAS680W4,2
CSNAS700W2,2
CSNAS700W4,2
CSNAS800W1,2
CSNAS820W1,2
CSNAS940,2
CSNAT100W5,2
CSNAT115,2
CSNAT120,2
CSNAT149,2
CSNAT660W1,2
CSNAT740W4,2
CSNAT762,2
CSNAT800W4,2
CSNAT840W2,2
CSNAT880W2,2
CSNAT900W1,2
CSNAT960W1,2
CSNAU539,2
CSNAU789,2
CSNAV159,2
CSNAV719,2
CSNAX105,2
CSNAX120,2
CTEM11,2
CURYB200,2
CURYG231,2
CURYG293,2
CURYG298,2
CURYG331,2
CURYH278,2
CURYH306,2
CURYH313,2
CURYH363,2
CURYI318,2
CURYS283,2
CURYS298,2
CURYS303,2
CURYT233,2
CVCBF299,2
CVCBG105,2
CVCBG125,2
CVCBG150,2
CVCBG950,2
CVCBH400,2
CVCBH430,2
CVCBH550,2
CVCBH850,2
CVCBI205,2
CVCBI399,2
CVCBJ235,2
CVCBJ260,2
CVCBJ270,2
CVCBJ299,2
CVCBJ330,2
CVCBL499,2
CVCBM200,2
CVCBS1,2
CVCBS100,2
CVCBS190,2
CVCBS215,2
CVCBS320,2
CVCBS360,2
CVCBS400,2
CVCBS410,2
CVCBS420,2
CVCBS490,2
CVCBS680,2
CVCBS740,2
CVCBT190,2
CVCBT255,2
CVCBT270,2
CVCBT430,2
CVCBT760,2
CVCBU270,2
CVCBU430,2
CVCBV195,2
CVCBV220,2
CVCBV240,2
CVCBV299,2
CXSEA137,2
CXSEE152,2
CXSEG125,2
CXSEG130,2
CXSEJ146,2
CXSEJ149,2
CXSEL147,2
CXSEL150,2
CXSEL152,2
CXSEL23,2
CXSEO150,2
CXSEP133,2
CXSEP210,2
CXSES170,2
CXSET182,2
CXSEU123,2
CXSEU157,2
CXSEW135,2
CXSEW147,2
CXSEX130,2
CXSEX135,2
CYREG190,2
CYREG242,2
CYREH181,2
CYREH200,2
CYREI209,2
CYREI214,2
CYREJ224,2
CYREJ244,2
CYREJ259,2
CYREN270,2
CYREO19,2
CYRET200,2
CYREU199,2
CYREU281,2
CYREV249,2
CYREX192,2
CYREX257,2
D2NL34,2
DASAS150,2
DASAT180,2
DIRRA270,2
DIRRG237,2
DIRRG390,2
DIRRG450,2
DIRRH242,2
DIRRH385,2
DIRRH390,2
DIRRH395,2
DIRRH470,2
DIRRH475,2
DIRRI365,2
DIRRI375,2
DIRRI40,2
DIRRI410,2
DIRRI430,2
DIRRJ400,2
DIRRS370,2
DIRRS450,2
DIRRT440,2
DIRRU367,2
DIRRU400,2
DIVO11T,2
DMVF3T,2
DXCOA60,2
DXCOB599,2
DXCOG554,2
DXCOH509,2
DXCOH639,2
DXCOI539,2
DXCOI569,2
DXCOI589,2
DXCOJ600,2
DXCOS100,2
DXCOS105,2
DXCOS514,2
DXCOS609,2
DXCOS759,2
DXCOT120,2
DXCOT489,2
DXCOU539,2
DXCOU579,2
DXCOU619,2
DXCOX549,2
E2NT34,2
E2XA34,2
E2XP34,2
ECORG610,2
ECORH495,2
ECORH840,2
ECORH910,2
ECORI840,2
ECORJ740,2
ECORL80,2
ECORL90,2
ECORS140,2
ECORS910,2
ECORT110,2
ECORT740,2
ECORT840,2
ECORT860,2
ECORU570,2
ECORU610,2
EGIEA413,2
EGIEG375,2
EGIEG380E,2
EGIEG385E,2
EGIEG404,2
EGIEG405E,2
EGIEG420E,2
EGIEG425E,2
EGIEH380,2
EGIEH386,2
EGIEH392,2
EGIEH396E,2
EGIEI386,2
EGIEI393,2
EGIEI396,2
EGIEJ433,2
EGIEL440,2
EGIEL470,2
EGIET327,2
EGIET472,2
EGIEU443,2
EGIEU456,2
EGIEV406,2
EGIEW390,2
ELETB540,2
ELETB560,2
ELETG358,2
ELETG382,2
ELETG396,2
ELETG419,2
ELETG424,2
ELETG431,2
ELETG446,2
ELETG448,2
ELETG456,2
ELETG489,2
ELETG496,2
ELETH362,2
ELETH363,2
ELETH375,2
ELETH394,2
ELETH510,2
ELETH511,2
ELETH520,2
ELETI372,2
ELETI380,2
ELETI448,2
ELETI525,2
ELETJ356,2
ELETJ373,2
ELETJ378,2
ELETJ416,2
ELETJ418,2
ELETJ471,2
ELETK403,2
ELETL340,2
ELETQ35,2
ELETS350,2
ELETS381,2
ELETS424,2
ELETS436,2
ELETS446,2
ELETS453,2
ELETS458,2
ELETS46,2
ELETS474,2
ELETS516,2
ELETT29,2
ELETT323,2
ELETT333,2
ELETT336,2
ELETT348,2
ELETT368,2
ELETT436,2
ELETT450,2
ELETT461,2
ELETU343,2
ELETU348,2
ELETU426,2
ELETV356,2
ELETV392,2
ELETV403,2
ELETV427,2
ELETW390,2
ELETX360,2
ELETX390,2
ELETX393,2
ELETX396,2
ELETX413,2
EMBRG106,2
EMBRG266,2
EMBRG610,2
EMBRG620,2
EMBRG650W1,2
EMBRG650W2,2
EMBRG660W2,2
EMBRG680W2,2
EMBRG694,2
EMBRG700W1,2
EMBRG720W1,2
EMBRG730W1,2
EMBRG730W2,2
EMBRG740W1,2
EMBRG780W1,2
EMBRG850W4,2
EMBRH104,2
EMBRH549,2
EMBRH580W2,2
EMBRH600W1,2
EMBRH600W2,2
EMBRH630,2
EMBRH640W1,2
EMBRH710W5,2
EMBRH750W4,2
EMBRH770W5,2
EMBRH790W2,2
EMBRH810W2,2
EMBRH840W2,2
EMBRH840W5,2
EMBRH850W4,2
EMBRH880W2,2
EMBRI107,2
EMBRI109,2
EMBRI111,2
EMBRI112,2
EMBRI113,2
EMBRI629,2
EMBRI634,2
EMBRJ550,2
EMBRJ694,2
EMBRJ779,2
EMBRJ819,2
EMBRJ879,2
EMBRJ934,2
EMBRJ944,2
EMBRL610,2
EMBRM850,2
EMBRN61,2
EMBRO61,2
EMBRP690,2
EMBRQ59,2
EMBRQ680,2
EMBRS117,2
EMBRS279,2
EMBRS640W2,2
EMBRS670W1,2
EMBRS720W1,2
EMBRS800W4,2
EMBRS810W4,2
EMBRS820W1,2
EMBRS830W1,2
EMBRS850W2,2
EMBRS850W4,2
EMBRT409,2
EMBRT424,2
EMBRT580W2,2
EMBRT750W2,2
EMBRT760W4,2
EMBRT800W4,2
EMBRT820W2,2
EMBRT830W2,2
EMBRT879,2
EMBRT900,2
EMBRU570W1,2
EMBRU789,2
EMBRU799,2
EMBRU814,2
EMBRV330,2
EMBRV459,2
EMBRV694,2
EMBRV759,2
ENEVG127,2
ENEVH120,2
ENEVH157,2
ENEVH175,2
ENEVT147,2
ENEVT150,2
ENEVU122,2
ENEVU155,2
ENEVX12,2
ENGIG391,2
ENGIG421,2
ENGIG465,2
ENGIG471,2
ENGIH421,2
ENGIH431,2
ENGIH446,2
ENGIH501,2
ENGIH526,2
ENGIH531,2
ENGII466,2
ENGII471,2
ENGIT486,2
ENGIT488,2
ENGIU411,2
ENGIU481,2
ENJUS120,2
EQPA3T,2
EQPA5F,2
EQTLG305,2
EQTLG307,2
EQTLG315,2
EQTLG317,2
EQTLG320,2
EQTLG325,2
EQTLG395,2
EQTLH287,2
EQTLH315,2
EQTLH320,2
EQTLH327,2
EQTLH39,2
EQTLH405,2
EQTLH443,2
EQTLI340,2
EQTLI352,2
EQTLI363,2
EQTLI413,2
EQTLL280,2
EQTLL365,2
EQTLS327,2
EQTLS387,2
EQTLS390,2
EQTLT300,2
EQTLT375,2
EQTLT38,2
EQTLT385,2
EQTLT40,2
EQTLT465,2
EQTLU302,2
EQTLU305,2
EQTLU322,2
EQTLV305,2
EQTLV308,2
EQTLV330,2
EQTLW340,2
ESPAH130,2
ESTR3F,2
ETHE11T,2
EVENI680,2
EVENS700,2
EVENS740,2
EVENT660,2
EZTCA11,2
EZTCF132,2
EZTCH163,2
EZTCI137,2
EZTCJ127,2
EZTCJ205,2
EZTCL110,2
EZTCS125,2
EZTCS13,2
EZTCS160,2
EZTCS170,2
EZTCS210,2
EZTCT113,2
EZTCT145,2
EZTCT152,2
EZTCT208,2
F1BH34,2
F1UN34,2
FESAT800,2
FESAU678,2
FICT1,2
FICT1F,2
FIGE3F,2
FIGE4F,2
FLRYD240,2
FLRYG142,2
FLRYH180,2
FLRYS112,2
FLRYS14,2
FLRYT100,2
FLRYU108,2
FLRYU131,2
FLRYU153,2
FLRYU158,2
FLRYU162,2
FLRYU170,2
FLRYV120,2
FLRYV130,2
FLRYW142,2
G1AM34,2
GBTC11,2
GDBR34,2
GFSAB10,2
GFSAG160,2
GFSAG250,2
GFSAG600,2
GFSAG80,2
GFSAI120,2
GFSAL100,2
GFSAU900,2
GGBRB260,2
GGBRD196,2
GGBRE176,2
GGBRG143,2
GGBRG145W2,2
GGBRG145W4,2
GGBRG155W1,2
GGBRG180W2,2
GGBRG203,2
GGBRG208,2
GGBRG300,2
GGBRH134,2
GGBRH150W1,2
GGBRH155W2,2
GGBRH160W2,2
GGBRH164W4,2
GGBRH167,2
GGBRH195W1,2
GGBRH206,2
GGBRH211,2
GGBRI141,2
GGBRI165W1,2
GGBRI170W4,2
GGBRI204,2
GGBRJ177,2
GGBRJ188,2
GGBRJ190,2
GGBRK167,2
GGBRL18,2
GGBRL180,2
GGBRL182,2
GGBRL215,2
GGBRS133,2
GGBRS145W4,2
GGBRS155W1,2
GGBRS163W1,2
GGBRS170W1,2
GGBRS175W2,2
GGBRS180W4,2
GGBRS190W4,2
GGBRS193,2
GGBRS200W4,2
GGBRS201,2
GGBRS223,2
GGBRS228,2
GGBRS247,2
GGBRS265,2
GGBRS300,2
GGBRT140W2,2
GGBRT150W2,2
GGBRT175W2,2
GGBRT200W1,2
GGBRT201,2
GGBRT208,2
GGBRT221,2
GGBRT312,2
GGBRU117,2
GGBRU120,2
GGBRU122,2
GGBRU133,2
GGBRU138,2
GGBRU205W1,2
GGBRV165,2
GGBRV172,2
GGBRX162,2
GGBRX167,2
GGBRX240,2
GGPSG161,2
GMATG815,2
GMATH715,2
GMATH735,2
GMATH875,2
GMATI775,2
GMATS835,2
GMATT755,2
GMATT775,2
GMATU755,2
GOAUC10,2
GOAUD150,2
GOAUE100,2
GOAUG109,2
GOAUG750,2
GOAUG830,2
GOAUH767,2
GOAUH787,2
GOAUI827,2
GOAUJ110,2
GOAUM907,2
GOAUP10,2
GOAUR100,2
GOAUS114,2
GOAUS199,2
GOAUS750,2
GOAUT110,2
GOAUT767,2
GOAUU707,2
GOAUV787,2
GOAUV827,2
GOAUW927,2
GOAUX160,2
GRNDB599,2
GRNDH630,2
GRNDI510,2
GRNDJ550,2
GRNDJ600,2
GRNDK610,2
GRNDL880,2
GRNDM600,2
GRNDP600,2
GRNDU425,2
GRNDV480,2
GRNDW510,2
GUARG860,2
GUARH720,2
GUARH800,2
GUARH850,2
GUARH900,2
GUARS780,2
GUART690,2
GUARU740,2
GUARU760,2
GUARU780,2
HAPVA380,2
HAPVB40,2
HAPVB610,2
HAPVD46,2
HAPVG220W2,2
HAPVG245,2
HAPVG260,2
HAPVG260W2,2
HAPVG265,2
HAPVG270,2
HAPVG275,2
HAPVG285,2
HAPVG31,2
HAPVG315W4,2
HAPVG320,2
HAPVG325W4,2
HAPVG34W2,2
HAPVG350W4,2
HAPVG355W2,2
HAPVG36W4,2
HAPVG374,2
HAPVG387,2
HAPVG399,2
HAPVH244,2
HAPVH250,2
HAPVH275,2
HAPVH28,2
HAPVH305,2
HAPVH325,2
HAPVH340W2,2
HAPVH345,2
HAPVH365W2,2
HAPVH375W4,2
HAPVH390W4,2
HAPVH425,2
HAPVH455,2
HAPVH467,2
HAPVH477,2
HAPVI297,2
HAPVI317,2
HAPVI320,2
HAPVI357,2
HAPVI385,2
HAPVI412,2
HAPVI417,2
HAPVI432,2
HAPVI452,2
HAPVI457,2
HAPVI47,2
HAPVL275,2
HAPVL299,2
HAPVS240W1,2
HAPVS250W1,2
HAPVS250W2,2
HAPVS260W1,2
HAPVS284,2
HAPVS29,2
HAPVS290,2
HAPVS330W4,2
HAPVS340W4,2
HAPVS345W4,2
HAPVS355W1,2
HAPVS355W2,2
HAPVS365W1,2
HAPVS37W1,2
HAPVS39,2
HAPVS400,2
HAPVT170,2
HAPVT220,2
HAPVT275,2
HAPVT31,2
HAPVT335,2
HAPVT355W2,2
HAPVT377,2
HAPVT390,2
HAPVT392,2
HAPVT40,2
HAPVT407,2
HAPVT410,2
HAPVT47,2
HAPVT477,2
HAPVT640,2
HAPVT650,2
HAPVT740,2
HAPVT90,2
HAPVU220,2
HAPVU230,2
HAPVU250,2
HAPVU282,2
HAPVU287,2
HAPVU295,2
HAPVU307,2
HAPVU317,2
HAPVU322,2
HAPVU365,2
HAPVU372,2
HAPVU380,2
HAPVU397,2
HAPVU47,2
HAPVW200,2
HAPVW315,2
HBORG200E,2
HBORG225,2
HBORG230,2
HBORG300,2
HBORH190,2
HBORI245,2
HBORL300,2
HBORS100,2
HBORS170,2
HBORS180,2
HBORS190,2
HBORS290,2
HBORT240,2
HBORT270,2
HBORT275,2
HCST11,2
HDOF11,2
HYPEG212,2
HYPEG215,2
HYPEG220,2
HYPEG230,2
HYPEG25,2
HYPEH200,2
HYPEH206,2
HYPEH212,2
HYPEH217,2
HYPEH222,2
HYPEH24,2
HYPEH25,2
HYPEJ217,2
HYPEJ317,2
HYPEK290,2
HYPEM264,2
HYPES22,2
HYPES23,2
HYPES245,2
HYPET207,2
HYPET230,2
HYPET232,2
HYPEU206,2
HYPEU266,2
HYPEV237,2
HYPEV247,2
I1FF34,2
I1PH34,2
I2NG34,2
I2RS34,2
IBOVA135,2
IBOVA136,2
IBOVA147,2
IBOVA152,2
IBOVB159,2
IBOVF152,2
IBOVG113,2
IBOVG122,2
IBOVG124,2
IBOVG132W5,2
IBOVG134W4,2
IBOVG138W2,2
IBOVG139W1,2
IBOVG139W5,2
IBOVG141W5,2
IBOVG143W4,2
IBOVG144W2,2
IBOVG146,2
IBOVG148,2
IBOVG149,2
IBOVG150,2
IBOVG151,2
IBOVH119,2
IBOVH122,2
IBOVH133W1,2
IBOVH134W3,2
IBOVH140W1,2
IBOVH142W3,2
IBOVH143W1,2
IBOVH153,2
IBOVH154,2
IBOVH155,2
IBOVH157,2
IBOVI119,2
IBOVI120,2
IBOVI122,2
IBOVI123,2
IBOVJ130,2
IBOVJ142,2
IBOVJ152,2
IBOVK131,2
IBOVK137,2
IBOVK144,2
IBOVK152,2
IBOVL132,2
IBOVL134,2
IBOVL140,2
IBOVL143,2
IBOVL146,2
IBOVL149,2
IBOVL205,2
IBOVL21,2
IBOVL3,2
IBOVL40,2
IBOVM135,2
IBOVS117,2
IBOVS119,2
IBOVS128,2
IBOVS129,2
IBOVS129W4,2
IBOVS130W4,2
IBOVS130W5,2
IBOVS138W1,2
IBOVS138W5,2
IBOVS139W2,2
IBOVT119,2
IBOVT121,2
IBOVT136W1,2
IBOVT141W1,2
IBOVT148,2
IBOVU140,2
IBOVU141,2
IBOVV120,2
IBOVV139,2
IBOVW118,2
IBOVW125,2
IBOVW127,2
IBOVW128,2
IBOVW136,2
IBOVW140,2
IBOVX128,2
IBOVX147,2
IFCMH108,2
IFCMH180,2
IGTI11T,2
IGTIG190,2
IGTIG198,2
IGTIG240,2
IGTIH245,2
IGTII197,2
IGTII207,2
IGTII237,2
IGTII247,2
IGTII252,2
IGTIS208,2
IGTIS21,2
IGTIS210,2
IGTIT19,2
IGTIT235,2
IGTIT245,2
IGTIT253,2
INBRG327,2
INBRG392,2
INBRH390,2
INBRI335,2
INBRL450,2
INBRS430,2
INBRT375,2
INBRT410,2
INBRV337,2
INTBG155,2
INTBG167,2
INTBH139,2
INTBJ147,2
INTBS137,2
INTBS152,2
INTBS155,2
INTBU139,2
INTBW140,2
IRBRE70,2
IRBRE800,2
IRBRF350,2
IRBRF399,2
IRBRF700,2
IRBRG425,2
IRBRG600,2
IRBRH345,2
IRBRH400,2
IRBRH405,2
IRBRH500,2
IRBRH600,2
IRBRI150,2
IRBRI405,2
IRBRI422,2
IRBRI515,2
IRBRI655,2
IRBRI665,2
IRBRJ470,2
IRBRJ490,2
IRBRJ590,2
IRBRJ600,2
IRBRL399,2
IRBRM49,2
IRBRN399,2
IRBRS100,2
IRBRS487,2
IRBRS495,2
IRBRS515,2
IRBRS550,2
IRBRS570,2
IRBRS585,2
IRBRS800,2
IRBRT580,2
IRBRU482,2
IRBRU487,2
IRBRU545,2
IRBRV365,2
IRBRV390,2
IRBRV420,2
IRBRV455,2
IRBRW49,2
IRBRX700,2
ISAEG254,2
ISAEG270,2
ISAEH266,2
ISAEI268,2
ISAEJ221,2
ISAEM24,2
ISAEN24,2
ISAER209,2
ISAES239,2
ISAES24,2
ISAES244,2
ISAET201,2
ISAEX24,2
ITSA3T,2
ITSAA150,2
ITSAB804,2
ITSAG110W1,2
ITSAG160,2
ITSAG731,2
ITSAG751,2
ITSAG791,2
ITSAH105W4,2
ITSAH136,2
ITSAH481,2
ITSAH591,2
ITSAH940W2,2
ITSAI110,2
ITSAI483,2
ITSAJ152,2
ITSAJ905,2
ITSAJ945,2
ITSAL102,2
ITSAM160,2
ITSAM905,2
ITSAN120,2
ITSAN90,2
ITSAS105W1,2
ITSAS120W4,2
ITSAS140,2
ITSAS153,2
ITSAS960W4,2
ITSAS961,2
ITSAS980W4,2
ITSAT100W4,2
ITSAT105W5,2
ITSAT110W5,2
ITSAT136,2
ITSAT156,2
ITSAT159,2
ITSAT166,2
ITSAT171,2
ITSAT199,2
ITSAU171,2
ITSAU900,2
ITSAU902,2
ITSAV955,2
ITSAX113,2
ITUBA320,2
ITUBC37,2
ITUBC375,2
ITUBD37,2
ITUBF430,2
ITUBF537,2
ITUBG213,2
ITUBG263,2
ITUBG273,2
ITUBG296,2
ITUBG31,2
ITUBG320W4,2
ITUBG324W4,2
ITUBG325W4,2
ITUBG339W4,2
ITUBG344W4,2
ITUBG350W1,2
ITUBG354W1,2
ITUBG355W1,2
ITUBG359W1,2
ITUBG384W2,2
ITUBG395W4,2
ITUBG400W4,2
ITUBG405W2,2
ITUBG410W2,2
ITUBH245,2
ITUBH246,2
ITUBH256,2
ITUBH261,2
ITUBH263,2
ITUBH288,2
ITUBH303,2
ITUBH325W2,2
ITUBH330W2,2
ITUBH34,2
ITUBH349,2
ITUBH349W5,2
ITUBH379W5,2
ITUBH394W5,2
ITUBH410W2,2
ITUBH415W2,2
ITUBH415W4,2
ITUBH420W4,2
ITUBH457,2
ITUBH475,2
ITUBI220,2
ITUBI261,2
ITUBI269,2
ITUBI274,2
ITUBI306,2
ITUBI324,2
ITUBI326,2
ITUBI334,2
ITUBI363,2
ITUBI370W2,2
ITUBI492,2
ITUBJ344,2
ITUBJ356,2
ITUBJ363,2
ITUBJ391,2
ITUBJ408,2
ITUBK301,2
ITUBK322,2
ITUBK355,2
ITUBK401,2
ITUBK422,2
ITUBL284,2
ITUBL29,2
ITUBL354,2
ITUBL39,2
ITUBL395,2
ITUBL415,2
ITUBL42,2
ITUBN320,2
ITUBO375,2
ITUBR305,2
ITUBS330W4,2
ITUBS338,2
ITUBS340,2
ITUBS346,2
ITUBS353,2
ITUBS354W1,2
ITUBS356,2
ITUBS362,2
ITUBS369,2
ITUBS390W4,2
ITUBS405W2,2
ITUBS415W4,2
ITUBT302,2
ITUBT306,2
ITUBT334W5,2
ITUBT355W4,2
ITUBT365W4,2
ITUBT375W2,2
ITUBT390W2,2
ITUBT395W2,2
ITUBT415W1,2
ITUBT427,2
ITUBU309,2
ITUBU314,2
ITUBU319,2
ITUBU388,2
ITUBV289,2
ITUBV309,2
ITUBV314,2
ITUBV315,2
ITUBV353,2
ITUBV359,2
ITUBV381,2
ITUBV383,2
ITUBW301,2
ITUBW316,2
ITUBW320,2
ITUBW381,2
ITUBX308,2
ITUBX361,2
ITUBX363,2
ITUBX401,2
IVVBV355,2
J1BH34,2
J2AZ34,2
JALLS400,2
JALLT400,2
JALLU380,2
JBSSG915,2
JBSSG917,2
JBSSG935,2
JBSSG950,2
JBSSG954,2
JBSSG965,2
JBSSG987,2
JBSSG990,2
JBSSH677,2
JBSSH951,2
JBSSH961,2
JBSSH992,2
JBSSI620,2
JBSSI730,2
JBSSI740,2
JBSSI760,2
JBSSI780,2
JBSSI982,2
JBSSJ610,2
JBSSJ760,2
JBSSJ830,2
JBSSJ997,2
JBSSK640,2
JBSSS832,2
JBSSS857,2
JBSSS925,2
JBSSS927,2
JBSSS945,2
JBSSS947,2
JBSSS965,2
JBSST90,2
JBSSU720,2
JBSSU730,2
JBSSV730,2
JBSSV917,2
JHSFG396,2
JHSFG475,2
JHSFG480,2
JHSFG495,2
JHSFG510,2
JHSFH443,2
JHSFH458,2
JHSFH488,2
JHSFI430,2
JHSFI475,2
JHSFI485,2
JHSFI495,2
JHSFI580,2
JHSFI590,2
JHSFS660,2
JHSFT350,2
JHSFT643,2
JHSFU470,2
JHSFU530,2
JHSFU680,2
JHSFU700,2
JHSFU720,2
JHSFU820,2
KEPLG114,2
KEPLG810,2
KEPLH750,2
KEPLS750,2
KEPLS850,2
KEPLV660,2
KLBND220,2
KLBNG172,2
KLBNG20,2
KLBNG205,2
KLBNI220,2
KLBNQ22,2
KLBNS212,2
KLBNS219,2
KLBNS24,2
KLBNT212,2
KLBNU157,2
KLBNU207,2
KLBNU212,2
KLBNU22,2
KLBNU220,2
KLBNV169,2
KLBNW192,2
KNRI11T,2
L1CA34,2
L1EN34,2
L2SC34,2
LEVE3T,2
LEVEG310,2
LEVEL346,2
LEVEP270,2
LEVES315,2
LEVET265,2
LEVEU275,2
LJQQB20,2
LJQQG230,2
LJQQH300,2
LJQQH310,2
LJQQH320,2
LJQQI230,2
LJQQI250,2
LJQQI270,2
LJQQI280,2
LJQQS265,2
LJQQS270,2
LJQQS290,2
LJQQS435,2
LJQQU200,2
LJQQU220,2
LJQQU260,2
LJQQU290,2
LJQQW200,2
LJQQW265,2
LPLP11,2
LRENB140,2
LRENB200,2
LRENB220,2
LRENC191,2
LRENF230,2
LRENF250,2
LRENG135,2
LRENG165W1,2
LRENG165W2,2
LRENG170W1,2
LRENG180W1,2
LRENG210W4,2
LRENG215W4,2
LRENH175W4,2
LRENH180W2,2
LRENH190W1,2
LRENH218,2
LRENH260,2
LRENJ155,2
LRENK220,2
LRENL165,2
LRENL220,2
LRENL260,2
LRENM240,2
LRENQ260,2
LRENR190,2
LRENS150W4,2
LRENS155,2
LRENS200W1,2
LRENS204,2
LRENS205W1,2
LRENS205W2,2
LRENS220,2
LRENS233,2
LRENT122,2
LRENT127,2
LRENT139,2
LRENT141,2
LRENT145W1,2
LRENT180W2,2
LRENT190W2,2
LRENT200,2
LRENT200W1,2
LRENU118,2
LRENU197,2
LRENU205,2
LRENU215,2
LRENV130,2
LRENV175,2
LRENV194,2
LRENW130,2
LRENW175,2
LRENW203,2
LRENX190,2
LWSAG260,2
LWSAG345,2
LWSAG360,2
LWSAH335,2
LWSAI300,2
LWSAS335,2
LWSAS460,2
LWSAS700,2
LWSAT425,2
LWSAT720,2
LWSAU300,2
LWSAU335,2
LWSAU345,2
LWSAU350,2
LWSAU370,2
LWSAU390,2
LWSAU40,2
LWSAU760,2
LWSAV340,2
M1KC34,2
M1KT34,2
M1TD34,2
MDIAG238,2
MDIAG243,2
MDIAG263,2
MDIAH272,2
MDIAH284,2
MDIAI248,2
MDIAI251,2
MDIAI278,2
MDIAI280,2
MDIAJ263,2
MDIAS228,2
MDIAS263,2
MDIAS288,2
MDIAT230,2
MDIAT284,2
MDIAT289,2
MDIAT324,2
MDIAT327,2
MDIAT356,2
MDIAU251,2
MDIAX200,2
MEALS180,2
MELI34T,2
MGLUC115,2
MGLUC12,2
MGLUG105W1,2
MGLUG105W4,2
MGLUG110W4,2
MGLUG128,2
MGLUG380,2
MGLUG40,2
MGLUG484,2
MGLUG494,2
MGLUG669,2
MGLUG740W4,2
MGLUG840W2,2
MGLUG860W1,2
MGLUG880W1,2
MGLUH100W1,2
MGLUH105W4,2
MGLUH110W1,2
MGLUH110W2,2
MGLUH135,2
MGLUH479,2
MGLUH494,2
MGLUH519,2
MGLUH800W4,2
MGLUH860W4,2
MGLUH900W5,2
MGLUH920W4,2
MGLUH920W5,2
MGLUH940W2,2
MGLUH960W1,2
MGLUI135,2
MGLUI499,2
MGLUI529,2
MGLUI549,2
MGLUI609,2
MGLUJ104,2
MGLUJ119,2
MGLUJ14,2
MGLUJ759,2
MGLUJ819,2
MGLUJ869,2
MGLUK664,2
MGLUL25,2
MGLUL40,2
MGLUO899,2
MGLUP100,2
MGLUS105W1,2
MGLUS105W2,2
MGLUS214,2
MGLUS28,2
MGLUS404,2
MGLUS760W2,2
MGLUS820W1,2
MGLUT130,2
MGLUT133,2
MGLUT155,2
MGLUT187,2
MGLUT193,2
MGLUT479,2
MGLUT484,2
MGLUT495,2
MGLUT860W2,2
MGLUT93,2
MGLUT960W4,2
MGLUU115,2
MGLUU125,2
MGLUU150,2
MGLUU489,2
MGLUU999,2
MGLUV109,2
MGLUV869,2
MGLUV919,2
MGLUV979,2
MGLUX25,2
MGLUX500,2
MILSC155,2
MILSG11,2
MILSG117,2
MILSI118,2
MILSM100,2
MILSM105,2
MILSS108,2
MILSS11,2
MLAST200,2
MOTVG127,2
MOTVG147,2
MOTVH120,2
MOTVI125,2
MOTVI135,2
MOTVI138,2
MOTVS127,2
MOTVT110,2
MOTVT113,2
MOTVT135,2
MOVIA100,2
MOVIG100,2
MOVIG60,2
MOVIH445,2
MOVIH448,2
MOVIH550,2
MOVIH60,2
MOVIH880,2
MOVII620,2
MOVII770,2
MOVIJ650,2
MOVIL100,2
MOVIL70,2
MOVIL900,2
MOVIS778,2
MOVIS858,2
MOVIT720,2
MOVIT770,2
MOVIT780,2
MOVIT800,2
MOVIT820,2
MOVIT860,2
MOVIU520,2
MOVIU540,2
MOVIU570,2
MOVIU640,2
MOVIU700,2
MOVIV600,2
MOVIV630,2
MOVIW400,2
MRFGG127,2
MRFGG137,2
MRFGG140,2
MRFGG170,2
MRFGG177,2
MRFGG185,2
MRFGG187,2
MRFGH175,2
MRFGH202,2
MRFGI200,2
MRFGI205,2
MRFGJ133,2
MRFGJ223,2
MRFGJ278,2
MRFGJ283,2
MRFGK130,2
MRFGK245,2
MRFGO217,2
MRFGS187,2
MRFGS297,2
MRFGS307,2
MRFGT147,2
MRFGT152,2
MRFGT157,2
MRFGU195,2
MRFGU250,2
MRFGU315,2
MRFGV228,2
MRFGW220,2
MRSA3B,2
MRSA6B,2
MRVEB80,2
MRVED11,2
MRVEE560,2
MRVEG45,2
MRVEG750,2
MRVEH520,2
MRVEI520,2
MRVEI790,2
MRVEI940,2
MRVEJ410,2
MRVEJ510,2
MRVEJ660,2
MRVEK500,2
MRVEK899,2
MRVEM14,2
MRVEN120,2
MRVEQ570,2
MRVES45,2
MRVES460,2
MRVET290,2
MRVET420,2
MRVET470,2
MRVET480,2
MRVET890,2
MRVET990,2
MRVEU330,2
MRVEU470,2
MRVEU490,2
MRVEU720,2
MRVEU730,2
MRVEU820,2
MRVEU940,2
MRVEV50,2
MRVEV510,2
MRVEV680,2
MRVEV840,2
MRVEW600,2
MSFT34T,2
MTREI443,2
MULTG22,2
MULTG228,2
MULTG230,2
MULTG235,2
MULTG238,2
MULTG255,2
MULTH247,2
MULTH28,2
MULTH313,2
MULTI228,2
MULTI238,2
MULTI298,2
MULTS285,2
MULTT28,2
MULTU218,2
MULTU23,2
MULTU273,2
MULTU278,2
MULTV261,2
MYPKG123,2
MYPKG143,2
MYPKI133,2
MYPKJ143,2
MYPKL130,2
MYPKL21,2
MYPKM130,2
MYPKS113,2
MYPKS130,2
MYPKS133,2
MYPKV163,2
N1WL34,2
N1WS34,2
N2VC34,2
NATUB140,2
NATUG127,2
NATUG13,2
NATUG680,2
NATUG740,2
NATUH100W1,2
NATUH105W1,2
NATUH115W1,2
NATUM120,2
NATUS105W1,2
NATUS110W2,2
NATUS142,2
NATUS152,2
NATUS155,2
NATUS162,2
NATUS860,2
NATUT150,2
NATUT162,2
NATUT520,2
NATUT840W4,2
NATUT960W1,2
NATUT980W1,2
NATUU130,2
NATUU152,2
NATUU820,2
NATUV335,2
NATUV776,2
NEOEG226,2
NEOEG229,2
NEOEG239,2
NEOEG241,2
NEOEG244,2
NEOEH222,2
NEOEH226,2
NEOEI226,2
NEOEI231,2
NEOEI236,2
NEOEI256,2
NEOEI257,2
NEOEI261,2
NEOEI262,2
NEOEJ219,2
NEOEL220,2
NEOES244,2
NEOES264,2
NEOET237,2
NEOEU221,2
NEOEU232,2
NEOEX220,2
NVDCH135,2
NVDCH175E,2
O2LE34,2
ODPVG110,2
ODPVI109,2
ODPVJ120,2
ODPVT974,2
ODPVU109,2
ODPVU110,2
ODPVU120,2
ODPVW110,2
ONCOG465,2
ONCOI590,2
OPCT3T,2
P1AC34,2
P1HC34,2
P2CO34,2
P2LN34,2
PCARB400,2
PCARB50,2
PCARB500,2
PCARG210,2
PCARG40,2
PCARG430,2
PCARG45,2
PCARG500,2
PCARH600,2
PCARI235,2
PCARI310,2
PCARI315,2
PCARI70,2
PCARJ343,2
PCARJ383,2
PCARL60,2
PCARN50,2
PCARO230,2
PCARS275,2
PCARS540,2
PCARS740,2
PCARS800,2
PCART102,2
PCART107,2
PCART112,2
PCART115,2
PCART122,2
PCART460,2
PCART780,2
PCART850,2
PCART860,2
PCART870,2
PCART880,2
PCARU295,2
PCARU315,2
PCARU370,2
PCARU380,2
PCARU410,2
PCARW375,2
PETRA318,2
PETRA328,2
PETRA333,2
PETRA366,2
PETRA403,2
PETRB168,2
PETRB20,2
PETRB341,2
PETRB480,2
PETRG100,2
PETRG108,2
PETRG110,2
PETRG135,2
PETRG137,2
PETRG150,2
PETRG155,2
PETRG157,2
PETRG162,2
PETRG165,2
PETRG190E,2
PETRG210,2
PETRG226,2
PETRG235W2,2
PETRG235W4,2
PETRG257,2
PETRG265W4,2
PETRG285W2,2
PETRG355W1,2
PETRG360W4,2
PETRG375W2,2
PETRG375W4,2
PETRG405,2
PETRG416,2
PETRG429,2
PETRG68,2
PETRG765,2
PETRG825,2
PETRG845,2
PETRG945,2
PETRH120,2
PETRH127,2
PETRH135,2
PETRH140,2
PETRH155,2
PETRH180,2
PETRH240W1,2
PETRH280W2,2
PETRH302,2
PETRH302W4,2
PETRH310W5,2
PETRH312,2
PETRH314W4,2
PETRH322,2
PETRH427,2
PETRH443,2
PETRH475,2
PETRH588,2
PETRH958,2
PETRI110,2
PETRI115,2
PETRI120,2
PETRI135,2
PETRI156,2
PETRI178,2
PETRI220,2
PETRI223,2
PETRI248,2
PETRI252,2
PETRI257,2
PETRI314,2
PETRI327W1,2
PETRI332W4,2
PETRI345,2
PETRI370,2
PETRI379,2
PETRI4,2
PETRI407,2
PETRI408,2
PETRI412,2
PETRI422,2
PETRI423,2
PETRJ115,2
PETRJ133,2
PETRJ271,2
PETRJ276,2
PETRJ278,2
PETRJ30,2
PETRJ308,2
PETRJ311,2
PETRJ321,2
PETRJ391,2
PETRJ502,2
PETRK311,2
PETRK344,2
PETRK529,2
PETRL19,2
PETRL275,2
PETRL279,2
PETRL28,2
PETRL300,2
PETRL319,2
PETRL340,2
PETRL345,2
PETRL35,2
PETRL354,2
PETRL498,2
PETRL52,2
PETRM253,2
PETRM256,2
PETRM261,2
PETRM291,2
PETRM298,2
PETRM301,2
PETRM303,2
PETRM305,2
PETRM31,2
PETRN20,2
PETRO136,2
PETRP394,2
PETRS188,2
PETRS252,2
PETRS270W4,2
PETRS285W2,2
PETRS295W1,2
PETRS305W1,2
PETRS310,2
PETRS321,2
PETRS330,2
PETRS336,2
PETRS37,2
PETRS395W1,2
PETRS405,2
PETRS425,2
PETRS440,2
PETRS449,2
PETRS456,2
PETRS469,2
PETRS480,2
PETRS49,2
PETRS51,2
PETRS595,2
PETRT200,2
PETRT203,2
PETRT208,2
PETRT213,2
PETRT234W4,2
PETRT255W1,2
PETRT277W4,2
PETRT284W4,2
PETRT289W4,2
PETRT299W4,2
PETRT302W4,2
PETRT304W4,2
PETRT322W4,2
PETRT345W2,2
PETRT370,2
PETRT380W2,2
PETRT385W5,2
PETRT390W2,2
PETRT449,2
PETRT460,2
PETRT513,2
PETRU305,2
PETRU305W2,2
PETRU315,2
PETRU325,2
PETRU334,2
PETRU345,2
PETRU365,2
PETRU387,2
PETRU400,2
PETRU409,2
PETRU42,2
PETRU425,2
PETRU430,2
PETRU438,2
PETRU443,2
PETRU448,2
PETRU5,2
PETRU593,2
PETRU633,2
PETRV183,2
PETRV193,2
PETRV243,2
PETRV258,2
PETRV300,2
PETRV354,2
PETRV362,2
PETRV367,2
PETRV381,2
PETRV403,2
PETRV436,2
PETRW272,2
PETRW292,2
PETRW340,2
PETRW349,2
PETRW362,2
PETRW367,2
PETRW402,2
PETRW450,2
PETRX299,2
PETRX354,2
PETRX445,2
PETRX455,2
PETZC500,2
PETZC600,2
PETZC700,2
PETZE60,2
PETZG191,2
PETZG291,2
PETZG296,2
PETZG306,2
PETZG346E,2
PETZG521,2
PETZG600,2
PETZG700,2
PETZH136,2
PETZH146,2
PETZH246,2
PETZH256,2
PETZH266,2
PETZH276,2
PETZH311,2
PETZH461,2
PETZH551,2
PETZH631,2
PETZH90,2
PETZI298,2
PETZI328,2
PETZI348,2
PETZI360,2
PETZJ1,2
PETZK110,2
PETZL485,2
PETZL513,2
PETZM700,2
PETZP500,2
PETZR500,2
PETZS105,2
PETZS125,2
PETZS130,2
PETZS135,2
PETZS316,2
PETZS641,2
PETZS761,2
PETZS771,2
PETZS801,2
PETZS811,2
PETZS881,2
PETZS891,2
PETZS901,2
PETZS921,2
PETZS931,2
PETZS941,2
PETZS951,2
PETZS961,2
PETZS981,2
PETZT100,2
PETZT112,2
PETZT129,2
PETZT134,2
PETZT139,2
PETZT256,2
PETZT491,2
PETZT551,2
PETZT561,2
PETZT581,2
PETZT731,2
PETZT791,2
PETZT861,2
PETZT881,2
PETZU298,2
PETZU453,2
PETZU563,2
PETZU653,2
PETZU913,2
PETZV1,2
PETZV385,2
PETZV410,2
PETZX600,2
PETZX700,2
PETZX900,2
PFRM3T,2
PINE4T,2
PNCS34,2
PNVLG906,2
PNVLG966,2
PNVLH114,2
PNVLH916,2
PNVLH926,2
PNVLS826,2
PNVLS926,2
PNVLS986,2
PNVLT806,2
PNVLT946,2
POMOG870,2
POMOI102,2
POMOI750,2
POMOI800,2
POMOI810,2
POMOJ750,2
POMOK800,2
POMOS657,2
POMOS677,2
POMOS697,2
POMOS737,2
POMOS790,2
POMOS850,2
POMOT690,2
POMOU112,2
POMOU670,2
POMOU730,2
POMOU750,2
POMOU830,2
POMOU870,2
POMOV750,2
POSID1,2
POSIG440,2
POSIG458,2
POSIG499,2
POSIG540,2
POSIG599,2
POSIH413,2
POSIH593,2
POSII383,2
POSII413,2
POSIL750,2
POSIS480,2
POSIS560,2
POSIS580,2
POSIS620,2
POSIT513,2
POSIT613,2
POSIU403,2
POSIU443,2
POSIV388,2
POSIV458,2
POSIV533,2
POSIW600,2
PRIOB240,2
PRIOB360,2
PRIOF487,2
PRIOG352,2
PRIOG367,2
PRIOG370W4,2
PRIOG377,2
PRIOG385W4,2
PRIOG390W2,2
PRIOG395W2,2
PRIOG400W1,2
PRIOG400W2,2
PRIOG405W1,2
PRIOG410W4,2
PRIOG445W1,2
PRIOG450W1,2
PRIOG455W1,2
PRIOG460W2,2
PRIOG482,2
PRIOG492,2
PRIOG497,2
PRIOG505,2
PRIOH320,2
PRIOH380W2,2
PRIOH385W2,2
PRIOH41,2
PRIOH410W2,2
PRIOH435W5,2
PRIOH455W5,2
PRIOH460W4,2
PRIOH460W5,2
PRIOH465W1,2
PRIOH470W4,2
PRIOH475W4,2
PRIOH485W4,2
PRIOH550,2
PRIOH595,2
PRIOI352,2
PRIOI360,2
PRIOI372,2
PRIOI375,2
PRIOI387,2
PRIOI502,2
PRIOI512,2
PRIOI567,2
PRIOI577,2
PRIOJ402,2
PRIOK424,2
PRIOK434,2
PRIOL44,2
PRIOL475,2
PRIOL619,2
PRIOM335,2
PRION41,2
PRIOP41,2
PRIOS320,2
PRIOS322,2
PRIOS325,2
PRIOS347,2
PRIOS370W2,2
PRIOS375W4,2
PRIOS380W1,2
PRIOS385W1,2
PRIOS410,2
PRIOS416,2
PRIOS435W1,2
PRIOS445W1,2
PRIOS455W2,2
PRIOS465W4,2
PRIOS475,2
PRIOS482,2
PRIOS492,2
PRIOS497,2
PRIOS505,2
PRIOS555,2
PRIOS590,2
PRIOT310,2
PRIOT312,2
PRIOT322,2
PRIOT332,2
PRIOT365W2,2
PRIOT380W2,2
PRIOT390W2,2
PRIOT410W4,2
PRIOT440W5,2
PRIOT445W2,2
PRIOT460W5,2
PRIOT465W1,2
PRIOT465W2,2
PRIOT490W1,2
PRIOT565,2
PRIOT625,2
PRIOU322,2
PRIOU475,2
PRIOU477,2
PRIOU480,2
PRIOU682,2
PRIOV325,2
PRIOV330,2
PRIOV385,2
PRIOV395,2
PRIOV402,2
PRIOV422,2
PRIOV427,2
PRIOV445,2
PRIOV470,2
PRIOV495,2
PRIOW411,2
PRIOW454,2
PRIOW504,2
PRIOW549,2
PRIOX436,2
PRIOX46,2
PRIOX47,2
PSSAB450,2
PSSAG395,2
PSSAG430,2
PSSAG435,2
PSSAG510,2
PSSAH445,2
PSSAH485,2
PSSAI380,2
PSSAI401,2
PSSAI411,2
PSSAI441,2
PSSAI487,2
PSSAJ521,2
PSSAT455,2
PSSAT470,2
PSSAT485,2
PSSAU482,2
Q1UE34,2
QUALA550,2
QUALB199,2
QUALG170,2
QUALG180,2
QUALG350,2
QUALG450,2
QUALH235,2
QUALH330,2
QUALH35,2
QUALH650,2
QUALI165,2
QUALI175,2
QUALJ194,2
QUALK169,2
QUALS160,2
QUALS170,2
QUALS580,2
QUALS920,2
QUALS940,2
QUALT260,2
QUALT390,2
QUALT700,2
QUALU130,2
QUALU195,2
QUALW159,2
R1OL34,2
R1SG34,2
R2GE34,2
RADLG128,2
RADLG181,2
RADLH123,2
RADLH210,2
RADLH224,2
RADLI128,2
RADLI183,2
RADLJ143,2
RADLS184,2
RADLS204,2
RADLS219,2
RADLS259,2
RADLS264,2
RADLS279,2
RADLS284,2
RADLT198,2
RADLT271,2
RADLU108,2
RADLU173,2
RADLU188,2
RADLV113,2
RADLV123,2
RADLX21,2
RAILG172,2
RAILH165,2
RAILH250,2
RAILI170,2
RAILJ199,2
RAILP17,2
RAILQ190,2
RAILS215,2
RAILS240,2
RAILT184,2
RAILT189,2
RAILT225,2
RAILU145,2
RAILU230,2
RAILV151,2
RAILV170,2
RAILV171,2
RAILW170,2
RAILX170,2
RAIZE200,2
RAIZG120,2
RAIZG220,2
RAIZG250,2
RAIZG285,2
RAIZG385,2
RAIZH220,2
RAIZH230,2
RAIZH290,2
RAIZI110,2
RAIZI130,2
RAIZJ136,2
RAIZK165,2
RAIZN300,2
RAIZP200,2
RAIZR200,2
RAIZS20,2
RAIZS205,2
RAIZT480,2
RAIZU260,2
RAIZU270,2
RAIZV206,2
RANIG714,2
RANIG786,2
RANII733,2
RANII843,2
RANIJ783,2
RANIJ803,2
RANIK120,2
RANIL773,2
RANIS756,2
RANIS794,2
RANIT700,2
RANIT803,2
RANIT813,2
RANIU783,2
RANIU803,2
RANIV723,2
RANIX11,2
RAPTA90,2
RAPTG860,2
RAPTH695,2
RAPTH905,2
RAPTI655,2
RAPTI675,2
RAPTI875,2
RAPTL184,2
RAPTM900,2
RAPTN899,2
RAPTT915,2
RAPTU104,2
RAPTU815,2
RAPTU855,2
RAPTV695,2
RBRK11,2
RDOR3T,2
RDORD495,2
RDORG282,2
RDORG318,2
RDORG322,2
RDORG328,2
RDORG336,2
RDORG371,2
RDORG376,2
RDORG381,2
RDORH336,2
RDORI252,2
RDORI313,2
RDORJ241,2
RDORJ371,2
RDORK335,2
RDORL333,2
RDORM280,2
RDORS316,2
RDORT255,2
RDORT298,2
RDORT325,2
RDORU253,2
RDORU258,2
RDORU263,2
RDORU275,2
RDORU293,2
RDORU350,2
RDORV298,2
RDORW232,2
RECVH169,2
RECVK160,2
RECVL250,2
RECVN16,2
RECVT160,2
RENTA601,2
RENTG302,2
RENTG333,2
RENTG338,2
RENTG340,2
RENTG348,2
RENTG350W4,2
RENTG370W2,2
RENTG375W2,2
RENTG390W1,2
RENTG395W1,2
RENTG395W4,2
RENTG405W4,2
RENTG410W4,2
RENTG415W1,2
RENTG420,2
RENTG420W1,2
RENTG430W2,2
RENTG473,2
RENTG478,2
RENTG491,2
RENTG493,2
RENTG521,2
RENTH298,2
RENTH303,2
RENTH321,2
RENTH331,2
RENTH345W2,2
RENTH400W1,2
RENTH400W2,2
RENTH420W1,2
RENTH435W2,2
RENTH450W1,2
RENTH498,2
RENTH499,2
RENTH501,2
RENTH531,2
RENTH556,2
RENTH561,2
RENTH586,2
RENTH606,2
RENTI344,2
RENTI446,2
RENTI449,2
RENTI451,2
RENTI456,2
RENTI461,2
RENTI469,2
RENTI476,2
RENTI480,2
RENTI500,2
RENTI530,2
RENTI539,2
RENTI544,2
RENTI559,2
RENTI564,2
RENTI569,2
RENTJ308,2
RENTJ316,2
RENTJ406,2
RENTJ428,2
RENTJ438,2
RENTJ473,2
RENTJ478,2
RENTK401,2
RENTN300,2
RENTQ30,2
RENTS340,2
RENTS415W1,2
RENTS415W2,2
RENTS420W4,2
RENTS425W1,2
RENTS430W1,2
RENTS430W4,2
RENTS445W2,2
RENTS445W4,2
RENTS458,2
RENTS476,2
RENTS491,2
RENTS498,2
RENTS541,2
RENTS576,2
RENTS596,2
RENTS606,2
RENTS641,2
RENTT203,2
RENTT251,2
RENTT345W1,2
RENTT360W2,2
RENTT375W2,2
RENTT390W1,2
RENTT400W1,2
RENTT400W2,2
RENTT405W1,2
RENTT430W1,2
RENTT435W1,2
RENTT445W1,2
RENTT466,2
RENTT481,2
RENTT488,2
RENTT521,2
RENTT531,2
RENTT556,2
RENTT606,2
RENTU255,2
RENTU260,2
RENTU270,2
RENTU306,2
RENTU415,2
RENTU418,2
RENTU420,2
RENTU425,2
RENTU430,2
RENTU466,2
RENTU479,2
RENTU674,2
RENTV239,2
RENTV358,2
RENTV371,2
RENTV373,2
RENTX300,2
ROMI3T,2
ROMIH865,2
ROMIH985,2
ROMII845,2
ROMII905,2
ROMII965,2
ROMIJ910,2
ROMIT770,2
ROMIU770,2
ROMIU905,2
ROMIX900,2
ROXOH115,2
ROXOH135,2
ROXOI130,2
ROXOT110,2
ROXOT120,2
RSPD11,2
S1EA34,2
S1NN34,2
S1OU34,2
SANBA250,2
SANBB249,2
SANBE25,2
SANBG334,2
SANBI351,2
SANBJ25,2
SANBK271,2
SANBN25,2
SANBS258,2
SANBS319,2
SANBT221,2
SANBU296,2
SANBV241,2
SANBV251,2
SANBV266,2
SANBV271,2
SANBW271,2
SAPRG298,2
SAPRG315,2
SAPRG38,2
SAPRH298,2
SAPRH303,2
SAPRI280,2
SAPRI314,2
SAPRI345,2
SAPRJ326,2
SAPRJ361,2
SAPRT333,2
SAPRU360,2
SAPRU362,2
SBFGG120,2
SBFGI139,2
SBFGS410,2
SBFGT105,2
SBFGT114,2
SBFGT115,2
SBFGT120,2
SBFGT127,2
SBFGU114,2
SBFGU124,2
SBFGV199,2
SBSPG110,2
SBSPG134,2
SBSPG806,2
SBSPG950,2
SBSPG995,2
SBSPH102,2
SBSPH139,2
SBSPH142,2
SBSPH144,2
SBSPH990,2
SBSPH996,2
SBSPI108,2
SBSPI140,2
SBSPI921,2
SBSPJ122,2
SBSPJ930,2
SBSPL410,2
SBSPM930,2
SBSPN110,2
SBSPP120,2
SBSPQ966,2
SBSPS121,2
SBSPS123,2
SBSPS930,2
SBSPS975,2
SBSPU117,2
SBSPU124,2
SBSPV140,2
SBSPW955,2
SEERG100,2
SEERG110,2
SEERG635,2
SEERH100,2
SEERH110,2
SEERJ950,2
SEERS975,2
SEERT870,2
SEERT880,2
SEERT970,2
SEQLI199,2
SIMHB600,2
SIMHG540,2
SIMHG650,2
SIMHH130,2
SIMHH368,2
SIMHH383,2
SIMHH408,2
SIMHH433,2
SIMHH478,2
SIMHH483,2
SIMHH498,2
SIMHH563,2
SIMHI403,2
SIMHI493,2
SIMHI513,2
SIMHI533,2
SIMHS120,2
SIMHS630,2
SIMHT105,2
SIMHT107,2
SIMHT110,2
SIMHT120,2
SIMHT398,2
SIMHT443,2
SIMHT453,2
SIMHT463,2
SIMHT793,2
SIMHT813,2
SIMHT833,2
SIMHT843,2
SIMHT883,2
SIMHT893,2
SIMHT903,2
SIMHT913,2
SIMHT923,2
SIMHT933,2
SIMHT953,2
SIMHT963,2
SIMHT983,2
SIMHT993,2
SIMHU398,2
SIMHU533,2
SIMHV510,2
SLCEB18,2
SLCEG180,2
SLCEJ180,2
SLCEJ197,2
SLCES177,2
SLCEU159,2
SLCEU16,2
SMALA127,2
SMALB124,2
SMALB879,2
SMALF147,2
SMALG100W1,2
SMALG100W2,2
SMALG114W1,2
SMALG157,2
SMALG890,2
SMALG895,2
SMALG935,2
SMALG950W2,2
SMALG950W4,2
SMALG980W4,2
SMALH110W5,2
SMALH114W1,2
SMALH120W1,2
SMALH126,2
SMALH134,2
SMALH890,2
SMALH900,2
SMALH980W1,2
SMALI103W1,2
SMALI128,2
SMALJ104,2
SMALK101,2
SMALL105,2
SMALQ88,2
SMALS115,2
SMALS880,2
SMALS910,2
SMALS915,2
SMALS920,2
SMALS985,2
SMALT104W5,2
SMALT120,2
SMALT126,2
SMALT920W5,2
SMALT960W1,2
SMALT980W4,2
SMALT980W5,2
SMALU112,2
SMALU114,2
SMALU120,2
SMALU900,2
SMALV102,2
SMALV880,2
SMALW830,2
SMALW880,2
SMALW900,2
SMALX100,2
SMALX120,2
SMALX900,2
SMALX970,2
SMFTG239,2
SMFTG249,2
SMFTG256,2
SMFTH238,2
SMFTH243,2
SMFTH253,2
SMFTH258,2
SMFTI224,2
SMFTS218,2
SMFTU194,2
SMTOG205,2
SMTOI165,2
SMTOK220,2
SMTOS160,2
SMTOS219,2
SMTOS225,2
SMTOS254,2
SMTOT145,2
SMTOT212,2
SMTOT284,2
SMTOT290,2
SMTOU205,2
SMTOV160,2
SMTOW170,2
SNSY3,2
SOJAG120,2
SOJAI110,2
SOJAK100,2
SUZBA755,2
SUZBG485W1,2
SUZBG487,2
SUZBG490,2
SUZBG540W1,2
SUZBG560W2,2
SUZBG570W4,2
SUZBH477,2
SUZBH482,2
SUZBH500W2,2
SUZBH510W5,2
SUZBH580W2,2
SUZBH610,2
SUZBH630,2
SUZBI632,2
SUZBJ585,2
SUZBK583,2
SUZBK770,2
SUZBL602,2
SUZBM515,2
SUZBR580,2
SUZBS447,2
SUZBS455,2
SUZBS457,2
SUZBS460,2
SUZBS480W2,2
SUZBS485W2,2
SUZBS49,2
SUZBS490W1,2
SUZBS550W4,2
SUZBS560W2,2
SUZBS612,2
SUZBS652,2
SUZBS702,2
SUZBT435,2
SUZBT440,2
SUZBT447,2
SUZBT475W4,2
SUZBT485W1,2
SUZBT540W2,2
SUZBT550W2,2
SUZBT560W4,2
SUZBT580W1,2
SUZBT620,2
SUZBU450,2
SUZBU475,2
SUZBU557,2
SUZBU562,2
SUZBU590,2
SUZBV485,2
SUZBV495,2
SUZBV510,2
SUZBV515,2
SUZBV520,2
SUZBV545,2
SUZBW505,2
SUZBX522,2
TAEEA334,2
TAEEH286,2
TAEEH412,2
TAEEK336,2
TAEEL34,2
TAEEL360,2
TAEEL380,2
TAEES330,2
TAEES395,2
TAEEU291,2
TAEEU361,2
TAEEU371,2
TAEEX345,2
TAEEX365,2
TASAH569,2
TASAH751,2
TASAI619,2
TASAT569,2
TASAT751,2
TASAU679,2
TASAV589,2
TASAX170,2
TCSAG140E,2
TCSAG170E,2
TCSAT170,2
TENDH173,2
TENDI215,2
TENDT223,2
TENDT228,2
TENDU185,2
TFCO4T,2
TIMSG169,2
TIMSG209,2
TIMSH154,2
TIMSH184,2
TIMSI209,2
TIMSL208,2
TIMSS209,2
TIMSU183,2
TIMSU194,2
TIMSU223,2
TIMSX198,2
TOTS3T,2
TOTSE320,2
TOTSG332,2
TOTSG360,2
TOTSG366,2
TOTSG383,2
TOTSG393,2
TOTSG400,2
TOTSG413,2
TOTSG456,2
TOTSH330,2
TOTSH366,2
TOTSH476,2
TOTSI428,2
TOTSI435,2
TOTSI441,2
TOTSQ300,2
TOTSS383,2
TOTSS426,2
TOTSS430,2
TOTSS440,2
TOTST356,2
TOTST376,2
TOTST435,2
TOTSU431,2
TOTSU435,2
TRISG520,2
TRISG780,2
TRISH530,2
TRISH640,2
TRISI640,2
TRISI690,2
TRISI760,2
TRISS680,2
TRIST720,2
TRISU700,2
TTENH140,2
TTENH148,2
TTENI140,2
TTENI153,2
TTENS135,2
TTENT123,2
TTENU140,2
TTENX130,2
TUPYG205,2
TUPYH210,2
TUPYI165,2
TUPYO22,2
TUPYS207,2
TUPYS230,2
TUPYU140,2
TUPYU145,2
TUPYX240,2
U1AI34,2
UGPAI140,2
UGPAJ175,2
UGPAJ200,2
UGPAK185,2
UGPAQ160,2
UGPAS190,2
UGPAS210,2
UGPAS220,2
UGPAS235,2
UGPAS260,2
UGPAT124,2
UGPAT129,2
UGPAT186,2
UGPAT214,2
UGPAU120,2
UGPAU180,2
UGPAU185,2
UGPAV150,2
UGPAW165,2
UNIP6T,2
UNIPG572,2
UNIPH652,2
UNIPI635,2
UNIPI642,2
UNIPS582,2
UNIPT542,2
UNIPT562,2
UNIPU565,2
USIMA500,2
USIMB403,2
USIMC110,2
USIMG375,2
USIMG540W4,2
USIMG580,2
USIMH290,2
USIMH320,2
USIMH345,2
USIMH360W2,2
USIMH370,2
USIMH380W2,2
USIMH410W4,2
USIMH470W4,2
USIMH490W2,2
USIMH500W1,2
USIMH500W2,2
USIMH500W4,2
USIMH520W1,2
USIMH520W2,2
USIMH620,2
USIMH680,2
USIMH800,2
USIMH900,2
USIMI302,2
USIMI342,2
USIMI352,2
USIMI362,2
USIMI562,2
USIMI592,2
USIMI632,2
USIMI642,2
USIMI652,2
USIMI722,2
USIMJ407,2
USIMJ500,2
USIML10,2
USIML599,2
USIML859,2
USIMM402,2
USIMM462,2
USIMN403,2
USIMN423,2
USIMS107,2
USIMS370,2
USIMS375,2
USIMS410W1,2
USIMS430W1,2
USIMS470W2,2
USIMS50,2
USIMS500W1,2
USIMS500W4,2
USIMS600W2,2
USIMS650,2
USIMS674,2
USIMS700W4,2
USIMS820,2
USIMS900,2
USIMT350W2,2
USIMT350W5,2
USIMT360W4,2
USIMT370W4,2
USIMT400W4,2
USIMT450W4,2
USIMT460W2,2
USIMT480W2,2
USIMT600W1,2
USIMT700,2
USIMT700W1,2
USIMT730,2
USIMT810,2
USIMT880,2
USIMT960,2
USIMU105,2
USIMU110,2
USIMU120,2
USIMU292,2
USIMU312,2
USIMU332,2
USIMU362,2
USIMU472,2
USIMU497,2
USIMU592,2
USIMU632,2
USIMU700,2
USIMU712,2
USIMU922,2
USIMV382,2
USIMV392,2
USIMV427,2
USIMV472,2
USIMV487,2
USIMV800,2
USIMW700,2
V1NO34,2
V1RS34,2
V1TA34,2
V2RN34,2
VALE3Q,2
VALEA53,2
VALEA582,2
VALEA587,2
VALEA617,2
VALEA620,2
VALEA641,2
VALEA647,2
VALEA652,2
VALEA656,2
VALEB348,2
VALEB398,2
VALEB53,2
VALEB530,2
VALEB548,2
VALEB613,2
VALEB653,2
VALED53,2
VALEE65,2
VALEE693,2
VALEF25,2
VALEF68,2
VALEF702,2
VALEG426,2
VALEG441,2
VALEG465W1,2
VALEG480W4,2
VALEG485W4,2
VALEG615W2,2
VALEG659,2
VALEG660W4,2
VALEG709,2
VALEH268,2
VALEH454,2
VALEH470W2,2
VALEH475W1,2
VALEH480W1,2
VALEH600W5,2
VALEH614,2
VALEH620W5,2
VALEH640W1,2
VALEH650W5,2
VALEH710,2
VALEH775,2
VALEI456,2
VALEI610W4,2
VALEI723,2
VALEI733,2
VALEI908,2
VALEJ460,2
VALEJ461,2
VALEJ504,2
VALEJ538,2
VALEJ654,2
VALEJ690,2
VALEJ724,2
VALEJ750,2
VALEK481,2
VALEK556,2
VALEK636,2
VALEK651,2
VALEK666,2
VALEL120,2
VALEL524,2
VALEL540,2
VALEL69,2
VALEM475,2
VALEM485,2
VALEM490,2
VALEM750,2
VALEN348,2
VALEN598,2
VALEQ43,2
VALER251,2
VALER697,2
VALER897,2
VALES100,2
VALES12,2
VALES290,2
VALES300,2
VALES399,2
VALES404,2
VALES416,2
VALES441,2
VALES460W4,2
VALES462W2,2
VALES467W2,2
VALES475W1,2
VALES480W1,2
VALES485W1,2
VALES650W1,2
VALES655W2,2
VALES660W1,2
VALES665W2,2
VALES724,2
VALES739,2
VALES794,2
VALES814,2
VALES829,2
VALES834,2
VALES839,2
VALES844,2
VALES854,2
VALES864,2
VALES974,2
VALES984,2
VALET10,2
VALET126,2
VALET353,2
VALET360,2
VALET460W1,2
VALET465W1,2
VALET465W5,2
VALET485W2,2
VALET490W4,2
VALET490W5,2
VALET495W4,2
VALET500W4,2
VALET500W5,2
VALET510W4,2
VALET520W5,2
VALET550W5,2
VALET610W2,2
VALET755,2
VALET775,2
VALET780,2
VALET790,2
VALET810,2
VALET835,2
VALET865,2
VALET890,2
VALET975,2
VALEU290,2
VALEU398,2
VALEU408,2
VALEU418,2
VALEU426,2
VALEU428,2
VALEU688,2
VALEU738,2
VALEU743,2
VALEV465,2
VALEV475,2
VALEV491,2
VALEV543,2
VALEV624,2
VALEV634,2
VALEV674,2
VALEV821,2
VALEV836,2
VALEW601,2
VALEW621,2
VALEW626,2
VALEX275,2
VALEX649,2
VALEX689,2
VAMOG350,2
VAMOG460,2
VAMOH360,2
VAMOH480,2
VAMOH520,2
VAMOI370,2
VAMOS460,2
VAMOS495,2
VAMOS540,2
VAMOS560,2
VAMOT320,2
VAMOT480,2
VAMOT520,2
VAMOU430,2
VAMOU460,2
VAMOU490,2
VAMOU500,2
VAMOV400,2
VBBR3Q,2
VBBRB18,2
VBBRG170,2
VBBRG177,2
VBBRH190,2
VBBRI173,2
VBBRI185,2
VBBRI198,2
VBBRI209,2
VBBRJ212,2
VBBRL246,2
VBBRL260,2
VBBRL326,2
VBBRN180,2
VBBRO180,2
VBBRP18,2
VBBRS182,2
VBBRS187,2
VBBRS19,2
VBBRS202,2
VBBRS255,2
VBBRS265,2
VBBRS282,2
VBBRT163,2
VBBRT235,2
VBBRT248,2
VBBRT258,2
VBBRT275,2
VBBRU260,2
VBBRW202,2
VIVAG238,2
VIVAG243,2
VIVAG284,2
VIVAG286,2
VIVAG289,2
VIVAH241,2
VIVAH242,2
VIVAH289,2
VIVAI248,2
VIVAI293,2
VIVAI298,2
VIVAJ207,2
VIVAJ263,2
VIVAS270,2
VIVAS271,2
VIVAU187,2
VIVAU197,2
VIVAU215,2
VIVAU217,2
VIVAU223,2
VIVAU238,2
VIVAU258,2
VIVTA288,2
VIVTB499,2
VIVTC750,2
VIVTG279,2
VIVTG284,2
VIVTG340,2
VIVTG555,2
VIVTL276,2
VIVTN499,2
VIVTS279,2
VIVTS334,2
VIVTS535,2
VIVTS545,2
VIVTT272,2
VIVTT330,2
VIVTU276,2
VIVTV279,2
VLIDG231,2
VLIDG266,2
VLIDH22,2
VLIDH235,2
VLIDH245,2
VLIDH265,2
VLIDH283,2
VLIDH285,2
VLIDM230,2
VLIDS236,2
VLIDT220,2
VLIDT232,2
VLIDT245,2
VLIDU201,2
VLIDU211,2
VLIDU221,2
VLIDU226,2
VLIDX230,2
VULCG181,2
VULCH171,2
VULCJ194,2
VULCJ224,2
VULCS191,2
VULCT211,2
VULCU175,2
VVEOT100,2
VVEOT200,2
W1SO34,2
WEGEA580,2
WEGEF511,2
WEGEG353,2
WEGEG368,2
WEGEG375,2
WEGEG375W4,2
WEGEG380,2
WEGEG383,2
WEGEG440W1,2
WEGEG445W1,2
WEGEG450W1,2
WEGEG450W2,2
WEGEG460W2,2
WEGEG478,2
WEGEH410W2,2
WEGEH410W5,2
WEGEH425W5,2
WEGEH430W2,2
WEGEH445W5,2
WEGEH460W4,2
WEGEH465W4,2
WEGEH475W4,2
WEGEH590,2
WEGEI346,2
WEGEI353,2
WEGEI356,2
WEGEI489,2
WEGEI497,2
WEGEI507,2
WEGEI517,2
WEGEI552,2
WEGEJ369,2
WEGEJ374,2
WEGEJ384,2
WEGEJ397,2
WEGEJ399,2
WEGEJ402,2
WEGEJ415,2
WEGEJ419,2
WEGEJ435,2
WEGEJ437,2
WEGEJ452,2
WEGEK317,2
WEGEK384,2
WEGEK404,2
WEGEK419,2
WEGEK550,2
WEGEL304,2
WEGEL314,2
WEGEL429,2
WEGEL533,2
WEGEN405,2
WEGEQ460,2
WEGER498,2
WEGES358,2
WEGES359,2
WEGES368,2
WEGES410W1,2
WEGES435W1,2
WEGES455W2,2
WEGES460W2,2
WEGES470W4,2
WEGES475W4,2
WEGES491,2
WEGES51,2
WEGES555,2
WEGES560,2
WEGES605,2
WEGET300,2
WEGET305,2
WEGET315,2
WEGET355W5,2
WEGET380W5,2
WEGET395W4,2
WEGET430W2,2
WEGET450W1,2
WEGET536,2
WEGET551,2
WEGET581,2
WEGET705,2
WEGEU283,2
WEGEU308,2
WEGEU313,2
WEGEU471,2
WEGEU507,2
WEGEU517,2
WEGEU582,2
WEGEV312,2
WEGEV327,2
WEGEV334,2
WEGEV339,2
WEGEV344,2
WEGEV374,2
WEGEV384,2
WEGEV399,2
WEGEV407,2
WEGEV419,2
WEGEV429,2
WEGEV580,2
WEGEW542,2
WEGEX324,2
WIZCD200,2
WIZCG615,2
WIZCG695,2
WIZCG705,2
WIZCH673,2
WIZCH893,2
WIZCI715,2
WIZCI755,2
WIZCI795,2
WIZCI805,2
WIZCI815,2
WIZCI875,2
WIZCS750,2
WIZCT653,2
WIZCU655,2
WIZCU675,2
X1YL34,2
XPBR31T,2
XPBRG107,2
XPBRH100,2
XPBRH112,2
XPBRH120,2
XPBRI110,2
XPBRS101,2
XPBRS107,2
XPBRT102,2
XPBRT980,2
XPBRU950,2
XPML11T,2
XRAY34,2
YDUQG110,2
YDUQG130,2
YDUQG195,2
YDUQH114,2
YDUQI120,2
YDUQI195,2
YDUQJ175,2
YDUQS190,2
YDUQT900,2
YDUQU900,2
YDUQX10,2
YDUQX114,2
Z2LL35,2
ZAMPH350,2
ZAMPT350,2
ZAMPU340,2
A1LK34,1
A1SN34,1
A1SU34,1
AAPL34T,1
ABCBB199,1
ABCBG190,1
ABCBG190E,1
ABCBG202E,1
ABCBG205E,1
ABCBG210E,1
ABCBG212E,1
ABCBG215E,1
ABCBH205,1
ABCBI205,1
ABCBI215,1
ABCBL200,1
ABCBS205,1
ABCBS212,1
ABCBS215,1
ABCBS217E,1
ABCBS220E,1
ABCBS222E,1
ABCBS225E,1
ABCBS227E,1
ABCBS230E,1
ABCBS235E,1
ABCBS240,1
ABCBS240E,1
ABCBU208,1
ABCBU225,1
ABCBU230,1
ABCBV196,1
ABCBW200,1
ABEVA134,1
ABEVA139,1
ABEVC122,1
ABEVG101E,1
ABEVG104E,1
ABEVG106,1
ABEVG106E,1
ABEVG109E,1
ABEVG110,1
ABEVG113E,1
ABEVG115E,1
ABEVG118E,1
ABEVG120E,1
ABEVG123E,1
ABEVG125E,1
ABEVG125W1,1
ABEVG125W1E,1
ABEVG125W2,1
ABEVG125W2E,1
ABEVG125W4E,1
ABEVG128E,1
ABEVG130E,1
ABEVG130W1E,1
ABEVG130W2E,1
ABEVG130W4E,1
ABEVG133E,1
ABEVG135E,1
ABEVG135W1E,1
ABEVG145W1,1
ABEVG145W2,1
ABEVG159,1
ABEVG160W1,1
ABEVG164,1
ABEVG166,1
ABEVG174,1
ABEVG180W1,1
ABEVG185W1,1
ABEVG306,1
ABEVG840,1
ABEVG840E,1
ABEVG843,1
ABEVG843E,1
ABEVG860,1
ABEVG860E,1
ABEVG863,1
ABEVG863E,1
ABEVG880,1
ABEVG880E,1
ABEVG883,1
ABEVG883E,1
ABEVG900E,1
ABEVG903,1
ABEVG903E,1
ABEVG923,1
ABEVG923E,1
ABEVG933E,1
ABEVG943,1
ABEVG943E,1
ABEVG953,1
ABEVG953E,1
ABEVG963,1
ABEVG963E,1
ABEVG973,1
ABEVG973E,1
ABEVG983,1
ABEVG983E,1
ABEVG990E,1
ABEVG993E,1
ABEVH110W5,1
ABEVH115W1,1
ABEVH120W1,1
ABEVH120W2,1
ABEVH120W4,1
ABEVH120W5,1
ABEVH125W4,1
ABEVH130W5,1
ABEVH145W5,1
ABEVH150W4,1
ABEVH155W1,1
ABEVH155W5,1
ABEVH170W1,1
ABEVH173,1
ABEVH175W1,1
ABEVH180W1,1
ABEVH183,1
ABEVH187,1
ABEVH200,1
ABEVH834,1
ABEVI114,1
ABEVI130W1,1
ABEVI135W1,1
ABEVI174,1
ABEVI981,1
ABEVJ102,1
ABEVJ117,1
ABEVJ119,1
ABEVJ123,1
ABEVJ127,1
ABEVJ238,1
ABEVK110,1
ABEVK129,1
ABEVL122,1
ABEVL142,1
ABEVL161,1
ABEVL185,1
ABEVL200,1
ABEVM124,1
ABEVM134,1
ABEVN109,1
ABEVS110,1
ABEVS135W2E,1
ABEVS135W4E,1
ABEVS138E,1
ABEVS140E,1
ABEVS140W1E,1
ABEVS140W2E,1
ABEVS140W4E,1
ABEVS143E,1
ABEVS145E,1
ABEVS148E,1
ABEVS149E,1
ABEVS151E,1
ABEVS154E,1
ABEVS155W1,1
ABEVS156E,1
ABEVS159E,1
ABEVS161E,1
ABEVS166E,1
ABEVS169E,1
ABEVS179E,1
ABEVS186,1
ABEVS186E,1
ABEVS193,1
ABEVS193E,1
ABEVS196,1
ABEVS196E,1
ABEVS198,1
ABEVS198E,1
ABEVS19E,1
ABEVS203,1
ABEVS203E,1
ABEVS208,1
ABEVS211,1
ABEVS211E,1
ABEVS226,1
ABEVS236E,1
ABEVS443,1
ABEVT105W5,1
ABEVT110W2,1
ABEVT115W1,1
ABEVT115W2,1
ABEVT115W4,1
ABEVT115W5,1
ABEVT125W5,1
ABEVT140W2,1
ABEVT140W4,1
ABEVT145W2,1
ABEVT161,1
ABEVT191,1
ABEVT198,1
ABEVT207,1
ABEVT231,1
ABEVT236,1
ABEVU109,1
ABEVU111,1
ABEVU115W1,1
ABEVU120W1,1
ABEVU156,1
ABEVU169,1
ABEVU961,1
ABEVU991,1
ABEVV109,1
ABEVV112,1
ABEVV117,1
ABEVV119,1
ABEVV137,1
ABEVW110,1
ABEVW114,1
ABEVW132,1
ABEVW158,1
ABEVX122,1
ABEVX132,1
ABEVX190,1
ABEVX195,1
AGROA220,1
AGROG205,1
AGROG217,1
AGROG222,1
AGROG230,1
AGROH235,1
AGROI210,1
AGROS205E,1
AGROV190,1
AGROX295,1
AHEB5,1
ALOSB179,1
ALOSG174,1
ALOSG174E,1
ALOSG180,1
ALOSG180E,1
ALOSG181,1
ALOSG199E,1
ALOSG203E,1
ALOSG209E,1
ALOSG213E,1
ALOSG219E,1
ALOSG249,1
ALOSH173,1
ALOSH181,1
ALOSH263,1
ALOSI180,1
ALOSJ219,1
ALOSJ221,1
ALOSJ226,1
ALOSJ261,1
ALOSK225,1
ALOSK231,1
ALOSS189,1
ALOSS218E,1
ALOSS220E,1
ALOSS229E,1
ALOSS232E,1
ALOSS234E,1
ALOSS238,1
ALOSS238E,1
ALOSS239E,1
ALOSS242E,1
ALOSS249,1
ALOSS249E,1
ALOST281,1
ALOSU186,1
ALOSU228,1
ALOSV226,1
ALOSV231,1
ALOSX206,1
ALPAC120,1
ALPAG691,1
ALPAG751E,1
ALPAG761,1
ALPAG791E,1
ALPAG811E,1
ALPAG831E,1
ALPAG851E,1
ALPAG901,1
ALPAH115,1
ALPAH771,1
ALPAI107,1
ALPAI781,1
ALPAI921,1
ALPAJ711,1
ALPAJ871,1
ALPAK871,1
ALPAK891,1
ALPAL127,1
ALPAL159,1
ALPAP600,1
ALPAS105E,1
ALPAS115,1
ALPAS791,1
ALPAS801,1
ALPAS831,1
ALPAS880E,1
ALPAS891E,1
ALPAS901,1
ALPAS901E,1
ALPAS920E,1
ALPAS940E,1
ALPAS960,1
ALPAS960E,1
ALPAS991E,1
ALPAT771,1
ALPAT871,1
ALPAT960,1
ALPAT991,1
ALPAU811,1
ALPAU871,1
ALPAU921,1
ALPAV811,1
ALPAV871,1
ALPAX880,1
ALPK3T,1
ALUPG282,1
ALUPG292,1
ALUPG297,1
ALUPH285,1
ALUPH290,1
ALUPS297,1
ALUPS302E,1
ALUPS307E,1
ALUPS312,1
ALUPS312E,1
ALUPS317,1
ALUPS317E,1
ALUPT285,1
ALUPU290,1
ALUPU295,1
AMARJ300,1
AMARJ400,1
AMARS200E,1
AMARS960E,1
AMBPH150,1
AMBPH210,1
AMBPH220,1
AMBPI170,1
AMBPS110,1
AMBPT260,1
AMBPU120,1
AMZOC645,1
AMZOH620,1
AMZOI590,1
AMZOK690,1
ANIMA200,1
ANIMB1,1
ANIMG230,1
ANIMG250,1
ANIMG27,1
ANIMG270E,1
ANIMG280,1
ANIMG350,1
ANIMG465,1
ANIMG485,1
ANIMH199,1
ANIMH215,1
ANIMH235,1
ANIMH255,1
ANIMH380,1
ANIMH410,1
ANIMH490,1
ANIMI325,1
ANIMI335,1
ANIMI425,1
ANIMI455,1
ANIMJ320,1
ANIMJ435,1
ANIMN450,1
ANIMS350,1
ANIMS360,1
ANIMS385E,1
ANIMS395E,1
ANIMS405E,1
ANIMS415E,1
ANIMS425E,1
ANIMS435,1
ANIMS445E,1
ANIMS580,1
ANIMS620,1
ANIMT200,1
ANIMT260,1
ANIMT37,1
ANIMT425,1
ANIMT580,1
ANIMT600,1
ANIMT920,1
ANIMU335,1
ANIMV320,1
ANIMX112,1
APTI4F,1
APTV34,1
ARMLG344E,1
ARMLS434E,1
ARMLS494E,1
ARMLS774E,1
ARMLT774,1
ARMLX500,1
ASAI3Q,1
ASAIB60,1
ASAIC60,1
ASAIG520,1
ASAIG520E,1
ASAIG620,1
ASAIG620E,1
ASAIG700E,1
ASAIG749E,1
ASAIG769,1
ASAIG789,1
ASAIG789E,1
ASAIG800,1
ASAIG800E,1
ASAIG829E,1
ASAIG840,1
ASAIG840E,1
ASAIG849,1
ASAIG849E,1
ASAIG880E,1
ASAIG900E,1
ASAIG920E,1
ASAIG940E,1
ASAIG960E,1
ASAIH710,1
ASAIH750,1
ASAIH770,1
ASAIH780,1
ASAIH800,1
ASAIH810,1
ASAIH940,1
ASAII118,1
ASAII138,1
ASAII879,1
ASAIJ699,1
ASAIS100E,1
ASAIS107E,1
ASAIS110E,1
ASAIS112E,1
ASAIS115E,1
ASAIS117E,1
ASAIS120E,1
ASAIS122,1
ASAIS122E,1
ASAIS125E,1
ASAIS127E,1
ASAIS140E,1
ASAIS149,1
ASAIS149E,1
ASAIS780,1
ASAIS800,1
ASAIS880,1
ASAIS96E,1
ASAIS980E,1
ASAIS989E,1
ASAIT117,1
ASAIT122,1
ASAIT60,1
ASAIT710,1
ASAIT820,1
ASAIT860,1
ASAIU110,1
ASAIU118,1
ASAIU459,1
ASAIU659,1
ASAIV128,1
ASAIW109,1
ASAIW999,1
ASAIX240,1
ASAIX600,1
AUREA120,1
AUREG790,1
AUREG790E,1
AUREG810E,1
AUREG860,1
AUREG860E,1
AUREG880E,1
AUREH804,1
AUREH894E,1
AUREH914,1
AUREH934,1
AUREI80,1
AUREI894,1
AUREI914,1
AUREJ800,1
AUREL110,1
AURES750,1
AURES900E,1
AURES920E,1
AURES994E,1
AURET102,1
AURET107,1
AURET800,1
AURET864,1
AURET944,1
AUREV800,1
AUREX173,1
AVLL11F,1
AVLL12F,1
AZULD499,1
AZULE499,1
AZULG140,1
AZULG170,1
AZULG20,1
AZULG200,1
AZULG200E,1
AZULH165,1
AZULH250,1
AZULH335,1
AZULH46,1
AZULH500,1
AZULH800,1
AZULI600,1
AZULJ110,1
AZULJ240,1
AZULL10,1
AZULL60,1
AZULL900,1
AZULN100,1
AZULQ20,1
AZULS10E,1
AZULS110E,1
AZULS120E,1
AZULS130E,1
AZULS13E,1
AZULS140E,1
AZULS150E,1
AZULS160E,1
AZULS170E,1
AZULS190E,1
AZULS20E,1
AZULS210E,1
AZULS220E,1
AZULS245E,1
AZULS255E,1
AZULS265E,1
AZULS275E,1
AZULS285E,1
AZULS295E,1
AZULS300E,1
AZULS305E,1
AZULS315,1
AZULS315E,1
AZULS320E,1
AZULS325,1
AZULS325E,1
AZULS330E,1
AZULS335E,1
AZULS340E,1
AZULS345,1
AZULS355E,1
AZULS360,1
AZULS360E,1
AZULS370E,1
AZULS375,1
AZULS375E,1
AZULS385E,1
AZULS395E,1
AZULS405E,1
AZULS415E,1
AZULS425,1
AZULS435E,1
AZULS470E,1
AZULS580E,1
AZULS660E,1
AZULS700E,1
AZULS70E,1
AZULS710E,1
AZULS780E,1
AZULS860E,1
AZULS900E,1
AZULS960E,1
AZULS99E,1
AZULT13,1
AZULT140,1
AZULT200,1
AZULT220,1
AZULT225,1
AZULT240,1
AZULT245,1
AZULT270,1
AZULT275,1
AZULT290,1
AZULT500,1
AZULT560,1
AZULU170,1
AZULU470,1
AZULW700,1
AZULX100,1
AZULX80,1
AZZAB319,1
AZZAG237E,1
AZZAG242E,1
AZZAG252E,1
AZZAG257E,1
AZZAG262,1
AZZAG262E,1
AZZAG267E,1
AZZAG272E,1
AZZAG277E,1
AZZAG282E,1
AZZAG287E,1
AZZAG305E,1
AZZAG312E,1
AZZAG332E,1
AZZAG424,1
AZZAG444,1
AZZAG465,1
AZZAG485,1
AZZAH265,1
AZZAH285,1
AZZAH295,1
AZZAH307,1
AZZAH310,1
AZZAH315,1
AZZAH325,1
AZZAH745,1
AZZAI582,1
AZZAJ380,1
AZZAK490,1
AZZAQ450,1
AZZAS247,1
AZZAS277,1
AZZAS355E,1
AZZAS360,1
AZZAS360E,1
AZZAS372E,1
AZZAS375E,1
AZZAS380E,1
AZZAS385E,1
AZZAS390E,1
AZZAS395E,1
AZZAS39E,1
AZZAS400E,1
AZZAS404E,1
AZZAS405E,1
AZZAS40E,1
AZZAS410E,1
AZZAS415,1
AZZAS415E,1
AZZAS419,1
AZZAS419E,1
AZZAS41E,1
AZZAS420E,1
AZZAS425E,1
AZZAS42E,1
AZZAS430E,1
AZZAS432E,1
AZZAS437E,1
AZZAS440E,1
AZZAS445E,1
AZZAS449,1
AZZAS449E,1
AZZAS44E,1
AZZAS450,1
AZZAS450E,1
AZZAS455,1
AZZAS45E,1
AZZAS460E,1
AZZAS464E,1
AZZAS465E,1
AZZAS46E,1
AZZAS470E,1
AZZAS475,1
AZZAS475E,1
AZZAS500,1
AZZAS500E,1
AZZAS510E,1
AZZAS570E,1
AZZAS655E,1
AZZAT260,1
AZZAT377,1
AZZAT382,1
AZZAT397,1
AZZAT402,1
AZZAT440,1
AZZAT442,1
AZZAT465,1
AZZAT497,1
AZZAT545,1
AZZAT745,1
AZZAU370,1
AZZAU385,1
AZZAU662,1
AZZAU677,1
AZZAV355,1
AZZAW317,1
AZZAW425,1
AZZAW489,1
B3SA3Q,1
B3SAA138,1
B3SAA156,1
B3SAA580,1
B3SAB130,1
B3SAB140,1
B3SAB15,1
B3SAD142,1
B3SAE15,1
B3SAF13,1
B3SAF160,1
B3SAG102E,1
B3SAG104E,1
B3SAG109E,1
B3SAG10E,1
B3SAG110W1,1
B3SAG110W1E,1
B3SAG110W2,1
B3SAG110W2E,1
B3SAG110W4,1
B3SAG112E,1
B3SAG115E,1
B3SAG115W1,1
B3SAG117E,1
B3SAG119E,1
B3SAG122E,1
B3SAG123,1
B3SAG123E,1
B3SAG124E,1
B3SAG125W1E,1
B3SAG125W4,1
B3SAG125W4E,1
B3SAG127E,1
B3SAG129E,1
B3SAG130,1
B3SAG130W1E,1
B3SAG130W2E,1
B3SAG130W4E,1
B3SAG135W1E,1
B3SAG135W2E,1
B3SAG140W1E,1
B3SAG145W1E,1
B3SAG169,1
B3SAG170W4,1
B3SAG178,1
B3SAG180,1
B3SAG783,1
B3SAG873,1
B3SAG873E,1
B3SAG893,1
B3SAG903E,1
B3SAG918E,1
B3SAG928,1
B3SAG928E,1
B3SAG938E,1
B3SAG948E,1
B3SAG958,1
B3SAG958E,1
B3SAG968E,1
B3SAG978E,1
B3SAG988,1
B3SAG988E,1
B3SAG998E,1
B3SAH115W2,1
B3SAH115W5,1
B3SAH120W2,1
B3SAH130W4,1
B3SAH130W5,1
B3SAH135W4,1
B3SAH145W5,1
B3SAH150W5,1
B3SAH155W2,1
B3SAH155W5,1
B3SAH160W5,1
B3SAH170W2,1
B3SAH175W1,1
B3SAH175W2,1
B3SAH180W2,1
B3SAH182,1
B3SAH187,1
B3SAH202,1
B3SAH354,1
B3SAI130W1,1
B3SAI135W1,1
B3SAI186,1
B3SAI328,1
B3SAI969,1
B3SAI989,1
B3SAI998,1
B3SAI999,1
B3SAJ112,1
B3SAJ124,1
B3SAJ128,1
B3SAJ14,1
B3SAJ15,1
B3SAJ16,1
B3SAJ172,1
B3SAK117,1
B3SAK122,1
B3SAK132,1
B3SAK147,1
B3SAK152,1
B3SAL161,1
B3SAM100,1
B3SAM138,1
B3SAM156,1
B3SAN143,1
B3SAN180,1
B3SAN992,1
B3SAO10,1
B3SAO130,1
B3SAP142,1
B3SAR110,1
B3SAR112,1
B3SAR139,1
B3SAR15,1
B3SAR159,1
B3SAR160,1
B3SAS100W1,1
B3SAS100W2,1
B3SAS105W1,1
B3SAS115,1
B3SAS115W4,1
B3SAS130,1
B3SAS132E,1
B3SAS134E,1
B3SAS135W4E,1
B3SAS136E,1
B3SAS139E,1
B3SAS140W2E,1
B3SAS140W4E,1
B3SAS141E,1
B3SAS144E,1
B3SAS145,1
B3SAS145W2E,1
B3SAS145W4E,1
B3SAS146E,1
B3SAS149E,1
B3SAS150,1
B3SAS150W1E,1
B3SAS150W2E,1
B3SAS150W4E,1
B3SAS151E,1
B3SAS155W2E,1
B3SAS156E,1
B3SAS159E,1
B3SAS160W2,1
B3SAS160W2E,1
B3SAS161E,1
B3SAS166E,1
B3SAS169E,1
B3SAS16E,1
B3SAS17,1
B3SAS170E,1
B3SAS171E,1
B3SAS176E,1
B3SAS179E,1
B3SAS180E,1
B3SAS181E,1
B3SAS184E,1
B3SAS189E,1
B3SAS191E,1
B3SAS199E,1
B3SAS206,1
B3SAS206E,1
B3SAS221,1
B3SAS226,1
B3SAS303,1
B3SAT10,1
B3SAT105W2,1
B3SAT105W5,1
B3SAT110W2,1
B3SAT110W4,1
B3SAT110W5,1
B3SAT115W1,1
B3SAT115W5,1
B3SAT120W4,1
B3SAT140W5,1
B3SAT192,1
B3SAT194,1
B3SAT197,1
B3SAT199,1
B3SAT202,1
B3SAT204,1
B3SAT207,1
B3SAT209,1
B3SAT227,1
B3SAT229,1
B3SAT920,1
B3SAT950,1
B3SAT970,1
B3SAT980,1
B3SAT990,1
B3SAU169,1
B3SAU171,1
B3SAU174,1
B3SAU854,1
B3SAU969,1
B3SAV109,1
B3SAV114,1
B3SAV139,1
B3SAV14,1
B3SAV149,1
B3SAV152,1
B3SAV158,1
B3SAW117,1
B3SAW120,1
B3SAW127,1
B3SAX114,1
B3SAX119,1
B3SAX160,1
BABA34T,1
BAOM39,1
BARY39,1
BAZA3T,1
BBASA242,1
BBASC203,1
BBASC210,1
BBASC220,1
BBASC269,1
BBASC700,1
BBASD213,1
BBASD226,1
BBASD228,1
BBASD264,1
BBASE228,1
BBASG104E,1
BBASG111E,1
BBASG119E,1
BBASG121E,1
BBASG129,1
BBASG139,1
BBASG139E,1
BBASG146E,1
BBASG149E,1
BBASG14E,1
BBASG151E,1
BBASG154E,1
BBASG156E,1
BBASG159E,1
BBASG161E,1
BBASG164E,1
BBASG166E,1
BBASG169E,1
BBASG171E,1
BBASG174E,1
BBASG176E,1
BBASG179E,1
BBASG181E,1
BBASG184E,1
BBASG186E,1
BBASG189E,1
BBASG19,1
BBASG191E,1
BBASG194E,1
BBASG195W2E,1
BBASG195W4E,1
BBASG196E,1
BBASG199E,1
BBASG200W1E,1
BBASG200W2E,1
BBASG200W4E,1
BBASG201E,1
BBASG203,1
BBASG204E,1
BBASG205W2E,1
BBASG206,1
BBASG206W1E,1
BBASG210W2E,1
BBASG211W1E,1
BBASG215W2E,1
BBASG216,1
BBASG216W1E,1
BBASG221W1E,1
BBASG226W1E,1
BBASG255W2,1
BBASG264W4,1
BBASG271W4,1
BBASG289,1
BBASG299,1
BBASG312,1
BBASG315,1
BBASG336,1
BBASG339,1
BBASG46,1
BBASG46E,1
BBASG541,1
BBASH104,1
BBASH134,1
BBASH136,1
BBASH139,1
BBASH141,1
BBASH165W2,1
BBASH170W2,1
BBASH175W2,1
BBASH175W4,1
BBASH180W4,1
BBASH180W5,1
BBASH185W4,1
BBASH185W5,1
BBASH190W4,1
BBASH190W5,1
BBASH195W4,1
BBASH200W5,1
BBASH235W4,1
BBASH235W5,1
BBASH250W2,1
BBASH255W1,1
BBASH268,1
BBASH285,1
BBASH290,1
BBASH311,1
BBASH316,1
BBASH326,1
BBASH331,1
BBASH341,1
BBASH344,1
BBASH349,1
BBASH379,1
BBASI144,1
BBASI149,1
BBASI150,1
BBASI155,1
BBASI178,1
BBASI195W1,1
BBASI310,1
BBASI320,1
BBASI330,1
BBASI335,1
BBASI355,1
BBASJ100,1
BBASJ158,1
BBASJ24,1
BBASJ279,1
BBASJ294,1
BBASJ311,1
BBASK199,1
BBASK206,1
BBASK267,1
BBASK272,1
BBASK300,1
BBASK302,1
BBASK32,1
BBASK320,1
BBASL295,1
BBASL298,1
BBASL299,1
BBASL316,1
BBASL343,1
BBASM276,1
BBASO213,1
BBASO223,1
BBASO230,1
BBASP221,1
BBASP251,1
BBASQ225,1
BBASS129,1
BBASS139,1
BBASS163,1
BBASS164,1
BBASS168,1
BBASS171,1
BBASS178,1
BBASS18,1
BBASS185W2,1
BBASS195,1
BBASS200W1,1
BBASS205W4E,1
BBASS208W4E,1
BBASS209E,1
BBASS21,1
BBASS211E,1
BBASS212E,1
BBASS213W4E,1
BBASS214E,1
BBASS218W4E,1
BBASS219E,1
BBASS220W2E,1
BBASS221E,1
BBASS222E,1
BBASS223W4E,1
BBASS225W2E,1
BBASS226E,1
BBASS228W4E,1
BBASS229E,1
BBASS230E,1
BBASS230W2E,1
BBASS231W1E,1
BBASS233W4E,1
BBASS234E,1
BBASS235W2E,1
BBASS236E,1
BBASS236W1E,1
BBASS237E,1
BBASS238W4E,1
BBASS239E,1
BBASS240W2E,1
BBASS241E,1
BBASS241W1E,1
BBASS243,1
BBASS243W4E,1
BBASS244E,1
BBASS245W2E,1
BBASS246E,1
BBASS246W1E,1
BBASS248W4E,1
BBASS249E,1
BBASS250W2E,1
BBASS251E,1
BBASS251W1E,1
BBASS253W4E,1
BBASS255W2E,1
BBASS256E,1
BBASS256W1E,1
BBASS259E,1
BBASS260E,1
BBASS260W2E,1
BBASS261W1E,1
BBASS261W4E,1
BBASS264E,1
BBASS264W1E,1
BBASS264W4E,1
BBASS265W2E,1
BBASS266E,1
BBASS266W1E,1
BBASS266W4E,1
BBASS267E,1
BBASS269E,1
BBASS269W1E,1
BBASS269W4E,1
BBASS270W2E,1
BBASS271E,1
BBASS271W1E,1
BBASS274W1E,1
BBASS274W4E,1
BBASS275W2E,1
BBASS276E,1
BBASS276W1E,1
BBASS279E,1
BBASS279W1,1
BBASS279W1E,1
BBASS280E,1
BBASS280W2E,1
BBASS281W1E,1
BBASS284W1E,1
BBASS284W4E,1
BBASS286E,1
BBASS286W1,1
BBASS286W1E,1
BBASS286W4E,1
BBASS287E,1
BBASS289E,1
BBASS289W1E,1
BBASS290E,1
BBASS291E,1
BBASS291W1,1
BBASS291W1E,1
BBASS294E,1
BBASS294W1E,1
BBASS296E,1
BBASS296W1,1
BBASS296W1E,1
BBASS299E,1
BBASS299W1,1
BBASS299W1E,1
BBASS299W4E,1
BBASS301E,1
BBASS301W1,1
BBASS301W1E,1
BBASS304W1,1
BBASS304W1E,1
BBASS306W1,1
BBASS306W1E,1
BBASS309W1,1
BBASS310E,1
BBASS311E,1
BBASS312E,1
BBASS314E,1
BBASS315E,1
BBASS316E,1
BBASS319,1
BBASS319E,1
BBASS321E,1
BBASS324E,1
BBASS326,1
BBASS329,1
BBASS329E,1
BBASS331E,1
BBASS336,1
BBASS336E,1
BBASS339E,1
BBASS344,1
BBASS369,1
BBASS374,1
BBASS431E,1
BBASS434,1
BBASS495,1
BBASS541,1
BBASS943E,1
BBAST170W5,1
BBAST243W4,1
BBAST250W2,1
BBAST255W5,1
BBAST276,1
BBAST321,1
BBAST331,1
BBAST344,1
BBAST346,1
BBAST349,1
BBAST369,1
BBAST379,1
BBAST401,1
BBAST454,1
BBAST519,1
BBAST955,1
BBAST968,1
BBASU139,1
BBASU185W1,1
BBASU195W1,1
BBASU200W1,1
BBASU260,1
BBASU305,1
BBASU307,1
BBASU310,1
BBASU456,1
BBASU471,1
BBASU603,1
BBASV133,1
BBASV140,1
BBASV143,1
BBASV216,1
BBASV274,1
BBASV286,1
BBASV304,1
BBASV340,1
BBASV462,1
BBASW164,1
BBASW184,1
BBASW224,1
BBASW234,1
BBASW267,1
BBASW275,1
BBASW280,1
BBASW290,1
BBASW305,1
BBASW310,1
BBASW940,1
BBASW992,1
BBASX180,1
BBASX265,1
BBASX270,1
BBASX305,1
BBASX336,1
BBASX356,1
BBASX939,1
BBDCA207,1
BBDCB249,1
BBDCC135,1
BBDCC144,1
BBDCC155,1
BBDCC164,1
BBDCD4,1
BBDCE17,1
BBDCF189,1
BBDCF200,1
BBDCG018E,1
BBDCG101E,1
BBDCG103E,1
BBDCG104E,1
BBDCG105E,1
BBDCG107E,1
BBDCG109E,1
BBDCG10E,1
BBDCG111E,1
BBDCG112E,1
BBDCG112W1,1
BBDCG112W1E,1
BBDCG113,1
BBDCG113E,1
BBDCG115E,1
BBDCG117E,1
BBDCG117W1,1
BBDCG11E,1
BBDCG120,1
BBDCG120E,1
BBDCG121E,1
BBDCG122E,1
BBDCG122W1,1
BBDCG122W1E,1
BBDCG122W4E,1
BBDCG124E,1
BBDCG125E,1
BBDCG127E,1
BBDCG127W1,1
BBDCG127W1E,1
BBDCG127W2E,1
BBDCG127W4E,1
BBDCG12E,1
BBDCG130E,1
BBDCG130W1,1
BBDCG130W1E,1
BBDCG130W4E,1
BBDCG132E,1
BBDCG132W1,1
BBDCG132W1E,1
BBDCG132W2E,1
BBDCG132W4E,1
BBDCG134E,1
BBDCG135E,1
BBDCG135W1,1
BBDCG135W1E,1
BBDCG135W2E,1
BBDCG135W4E,1
BBDCG136E,1
BBDCG137E,1
BBDCG137W1,1
BBDCG137W1E,1
BBDCG137W2E,1
BBDCG137W4E,1
BBDCG139E,1
BBDCG13E,1
BBDCG140E,1
BBDCG140W1E,1
BBDCG140W2E,1
BBDCG140W4E,1
BBDCG142W1E,1
BBDCG142W2E,1
BBDCG142W4E,1
BBDCG145W1E,1
BBDCG145W2E,1
BBDCG145W4E,1
BBDCG147W1E,1
BBDCG147W2E,1
BBDCG147W4E,1
BBDCG148E,1
BBDCG150E,1
BBDCG150W1E,1
BBDCG150W2E,1
BBDCG150W4E,1
BBDCG152E,1
BBDCG152W2E,1
BBDCG152W4E,1
BBDCG153E,1
BBDCG155E,1
BBDCG155W1E,1
BBDCG155W2E,1
BBDCG155W4E,1
BBDCG157E,1
BBDCG157W1E,1
BBDCG157W2E,1
BBDCG157W4E,1
BBDCG15E,1
BBDCG16,1
BBDCG160E,1
BBDCG160W1E,1
BBDCG160W2E,1
BBDCG162W1E,1
BBDCG162W2E,1
BBDCG165W1E,1
BBDCG167W1E,1
BBDCG177W1,1
BBDCG195,1
BBDCG207W1,1
BBDCG265,1
BBDCG330,1
BBDCG335,1
BBDCG3E,1
BBDCG425,1
BBDCG425E,1
BBDCG482E,1
BBDCG524E,1
BBDCG544E,1
BBDCG549,1
BBDCG549E,1
BBDCG644E,1
BBDCG744E,1
BBDCG775E,1
BBDCG911,1
BBDCG911E,1
BBDCG959E,1
BBDCG984,1
BBDCG984E,1
BBDCG994,1
BBDCG994E,1
BBDCH102,1
BBDCH120W2,1
BBDCH134,1
BBDCH180W5,1
BBDCH190W2,1
BBDCH190W4,1
BBDCH190W5,1
BBDCH194W1,1
BBDCH195W2,1
BBDCH20,1
BBDCH200W2,1
BBDCH211,1
BBDCH215,1
BBDCH436,1
BBDCH998,1
BBDCI112,1
BBDCI117,1
BBDCI121,1
BBDCI160W4,1
BBDCI161,1
BBDCI172,1
BBDCI180,1
BBDCI190,1
BBDCI195W1,1
BBDCI215,1
BBDCI220,1
BBDCI23,1
BBDCI3,1
BBDCI406,1
BBDCI483,1
BBDCI493,1
BBDCJ100,1
BBDCJ11,1
BBDCJ116,1
BBDCJ118,1
BBDCJ12,1
BBDCJ120,1
BBDCJ124,1
BBDCJ13,1
BBDCJ130,1
BBDCJ137,1
BBDCJ146,1
BBDCJ161,1
BBDCJ192,1
BBDCJ2,1
BBDCJ4,1
BBDCK12,1
BBDCK131,1
BBDCK134,1
BBDCK14,1
BBDCK141,1
BBDCK142,1
BBDCK161,1
BBDCK179,1
BBDCM100,1
BBDCM200,1
BBDCM220,1
BBDCM696,1
BBDCM723,1
BBDCN100,1
BBDCN133,1
BBDCN135,1
BBDCN188,1
BBDCN249,1
BBDCO135,1
BBDCO139,1
BBDCP145,1
BBDCP150,1
BBDCP155,1
BBDCQ185,1
BBDCQ222,1
BBDCS018E,1
BBDCS105,1
BBDCS107,1
BBDCS111,1
BBDCS131,1
BBDCS142E,1
BBDCS143E,1
BBDCS145W2,1
BBDCS146E,1
BBDCS147E,1
BBDCS147W4,1
BBDCS14E,1
BBDCS150W2,1
BBDCS151E,1
BBDCS156E,1
BBDCS157W1,1
BBDCS158E,1
BBDCS160W4E,1
BBDCS162E,1
BBDCS162W4E,1
BBDCS165E,1
BBDCS165W2E,1
BBDCS165W4E,1
BBDCS167E,1
BBDCS167W2E,1
BBDCS167W4E,1
BBDCS170E,1
BBDCS170W1E,1
BBDCS170W2E,1
BBDCS170W4E,1
BBDCS171E,1
BBDCS172E,1
BBDCS172W1E,1
BBDCS172W2E,1
BBDCS172W4E,1
BBDCS175E,1
BBDCS175W1,1
BBDCS175W1E,1
BBDCS175W2E,1
BBDCS175W4E,1
BBDCS177E,1
BBDCS177W1,1
BBDCS177W1E,1
BBDCS177W2E,1
BBDCS177W4E,1
BBDCS180,1
BBDCS181,1
BBDCS181E,1
BBDCS182E,1
BBDCS182W1,1
BBDCS182W1E,1
BBDCS182W2E,1
BBDCS182W4E,1
BBDCS185E,1
BBDCS187E,1
BBDCS187W1E,1
BBDCS187W2E,1
BBDCS187W4,1
BBDCS187W4E,1
BBDCS190E,1
BBDCS192E,1
BBDCS192W1,1
BBDCS192W2E,1
BBDCS192W4,1
BBDCS192W4E,1
BBDCS195E,1
BBDCS197W1,1
BBDCS197W1E,1
BBDCS197W2E,1
BBDCS199E,1
BBDCS2,1
BBDCS20,1
BBDCS200E,1
BBDCS202E,1
BBDCS202W1,1
BBDCS202W1E,1
BBDCS202W4E,1
BBDCS205E,1
BBDCS207E,1
BBDCS210E,1
BBDCS212,1
BBDCS212E,1
BBDCS215E,1
BBDCS217,1
BBDCS217E,1
BBDCS220E,1
BBDCS222E,1
BBDCS227E,1
BBDCS22E,1
BBDCS230,1
BBDCS230E,1
BBDCS232E,1
BBDCS237E,1
BBDCS240E,1
BBDCS242,1
BBDCS245E,1
BBDCS250E,1
BBDCS282,1
BBDCS282E,1
BBDCS2E,1
BBDCS305E,1
BBDCS325E,1
BBDCT104,1
BBDCT108,1
BBDCT109,1
BBDCT115,1
BBDCT120W4,1
BBDCT125W2,1
BBDCT135W2,1
BBDCT135W4,1
BBDCT160W5,1
BBDCT165W4,1
BBDCT168,1
BBDCT175W5,1
BBDCT179W1,1
BBDCT183,1
BBDCT185W2,1
BBDCT190W2,1
BBDCT190W5,1
BBDCT214W1,1
BBDCT230,1
BBDCT258,1
BBDCT270,1
BBDCT275,1
BBDCT283,1
BBDCT285,1
BBDCT310,1
BBDCT328,1
BBDCU102,1
BBDCU107,1
BBDCU11,1
BBDCU120W1,1
BBDCU135W1,1
BBDCU155W1,1
BBDCU160W4,1
BBDCU200,1
BBDCU220,1
BBDCU235,1
BBDCU240,1
BBDCU260,1
BBDCU270,1
BBDCU272,1
BBDCU277,1
BBDCU995,1
BBDCV132,1
BBDCV166,1
BBDCV179,1
BBDCV209,1
BBDCV230,1
BBDCV240,1
BBDCV270,1
BBDCW100,1
BBDCW101,1
BBDCW131,1
BBDCW134,1
BBDCW139,1
BBDCW161,1
BBDCW211,1
BBDCX141,1
BBDCX164,1
BBDCX185,1
BBDCX188,1
BBDCX190,1
BBDCX200,1
BBSEA33,1
BBSEA342,1
BBSEA380,1
BBSEA830,1
BBSED38,1
BBSEE380,1
BBSEG227E,1
BBSEG257E,1
BBSEG292E,1
BBSEG297E,1
BBSEG302E,1
BBSEG312,1
BBSEG312E,1
BBSEG322E,1
BBSEG327E,1
BBSEG332E,1
BBSEG337E,1
BBSEG339E,1
BBSEG342E,1
BBSEG404,1
BBSEG424,1
BBSEG432,1
BBSEH227,1
BBSEH254,1
BBSEH257,1
BBSEH302,1
BBSEH304,1
BBSEH307,1
BBSEH312,1
BBSEH317,1
BBSEH429,1
BBSEH459,1
BBSEI260,1
BBSEI263,1
BBSEI268,1
BBSEI298,1
BBSEI313,1
BBSEI440,1
BBSEJ342,1
BBSEJ362,1
BBSEJ377,1
BBSEJ397,1
BBSEK339,1
BBSEK344,1
BBSEK372,1
BBSEK394,1
BBSEL380,1
BBSEM345,1
BBSEO379,1
BBSES344E,1
BBSES347E,1
BBSES349E,1
BBSES352E,1
BBSES354E,1
BBSES359E,1
BBSES364E,1
BBSES367E,1
BBSES369E,1
BBSES372E,1
BBSES374E,1
BBSES377E,1
BBSES379E,1
BBSES380E,1
BBSES382E,1
BBSES384E,1
BBSES385E,1
BBSES387E,1
BBSES389E,1
BBSES392E,1
BBSES394E,1
BBSES397E,1
BBSES399E,1
BBSES402E,1
BBSES404E,1
BBSES407E,1
BBSES409E,1
BBSES412E,1
BBSES414E,1
BBSES417E,1
BBSES422E,1
BBSES424E,1
BBSES432E,1
BBSES434E,1
BBSES442,1
BBSES442E,1
BBSES444,1
BBSES444E,1
BBSES464E,1
BBSES482,1
BBSET28,1
BBSET287,1
BBSET492,1
BBSEU283,1
BBSEU413,1
BBSEU423,1
BBSEV277,1
BBSEV297,1
BBSEV302,1
BBSEV372,1
BBSEX367,1
BBVH12,1
BCAT39,1
BDRE39,1
BEEFB400,1
BEEFB416,1
BEEFG336E,1
BEEFG346E,1
BEEFG351E,1
BEEFG356E,1
BEEFG361,1
BEEFG361E,1
BEEFG366E,1
BEEFG376E,1
BEEFG381E,1
BEEFG386E,1
BEEFG396,1
BEEFG396E,1
BEEFG401E,1
BEEFG406E,1
BEEFG411,1
BEEFG411E,1
BEEFG416,1
BEEFG416E,1
BEEFG421E,1
BEEFG426E,1
BEEFG431E,1
BEEFG436,1
BEEFG436E,1
BEEFG446E,1
BEEFG451E,1
BEEFG456E,1
BEEFG466E,1
BEEFG470E,1
BEEFG476E,1
BEEFG480W2,1
BEEFG480W4E,1
BEEFG486E,1
BEEFG490E,1
BEEFG490W1,1
BEEFG490W1E,1
BEEFG490W2E,1
BEEFG490W4E,1
BEEFG496E,1
BEEFG500E,1
BEEFG500W1E,1
BEEFG500W2E,1
BEEFG500W4E,1
BEEFG501E,1
BEEFG510E,1
BEEFG520W2E,1
BEEFG530E,1
BEEFG580E,1
BEEFG580W2,1
BEEFG600E,1
BEEFG610E,1
BEEFG620E,1
BEEFG630E,1
BEEFG641,1
BEEFG651,1
BEEFG681,1
BEEFG810,1
BEEFH361,1
BEEFH421,1
BEEFH431,1
BEEFH451,1
BEEFH456,1
BEEFH480W2,1
BEEFH490W2,1
BEEFH500W4,1
BEEFH500W5,1
BEEFH540W4,1
BEEFH560W1,1
BEEFH560W2,1
BEEFH560W4,1
BEEFH560W5,1
BEEFH640W1,1
BEEFH681,1
BEEFH721,1
BEEFH800,1
BEEFH870,1
BEEFH901,1
BEEFI401,1
BEEFI406,1
BEEFI416,1
BEEFI426,1
BEEFI451,1
BEEFI466,1
BEEFI921,1
BEEFI960,1
BEEFJ541,1
BEEFJ571,1
BEEFJ591,1
BEEFJ611,1
BEEFK505,1
BEEFK515,1
BEEFK525,1
BEEFK874,1
BEEFK955,1
BEEFL100,1
BEEFL12,1
BEEFL400,1
BEEFL750,1
BEEFL80,1
BEEFN416,1
BEEFS110,1
BEEFS110E,1
BEEFS120,1
BEEFS120E,1
BEEFS126,1
BEEFS126E,1
BEEFS151,1
BEEFS160E,1
BEEFS171E,1
BEEFS25E,1
BEEFS260E,1
BEEFS406,1
BEEFS421,1
BEEFS436,1
BEEFS470W1,1
BEEFS480W1,1
BEEFS500W2,1
BEEFS520W1E,1
BEEFS520W4E,1
BEEFS521E,1
BEEFS531E,1
BEEFS540W2E,1
BEEFS540W4E,1
BEEFS541E,1
BEEFS560W2E,1
BEEFS561E,1
BEEFS571E,1
BEEFS580W4E,1
BEEFS581E,1
BEEFS591E,1
BEEFS601E,1
BEEFS631E,1
BEEFS641E,1
BEEFS651E,1
BEEFS680W2,1
BEEFS680W2E,1
BEEFS681E,1
BEEFS690E,1
BEEFS691,1
BEEFS691E,1
BEEFS711E,1
BEEFS731E,1
BEEFS750E,1
BEEFS751E,1
BEEFS760E,1
BEEFS791E,1
BEEFS800E,1
BEEFS810E,1
BEEFS811E,1
BEEFS821E,1
BEEFS840E,1
BEEFS851,1
BEEFS851E,1
BEEFS860,1
BEEFS860E,1
BEEFS861E,1
BEEFS871E,1
BEEFS880E,1
BEEFS881E,1
BEEFS900E,1
BEEFS910E,1
BEEFS920E,1
BEEFS921E,1
BEEFS941E,1
BEEFS971E,1
BEEFS980E,1
BEEFT107,1
BEEFT112,1
BEEFT120,1
BEEFT125,1
BEEFT127,1
BEEFT130,1
BEEFT147,1
BEEFT177,1
BEEFT317,1
BEEFT376,1
BEEFT386,1
BEEFT416,1
BEEFT426,1
BEEFT441,1
BEEFT480W5,1
BEEFT490W1,1
BEEFT490W4,1
BEEFT490W5,1
BEEFT500W4,1
BEEFT540W2,1
BEEFT621,1
BEEFT651,1
BEEFT721,1
BEEFT751,1
BEEFT771,1
BEEFT781,1
BEEFT791,1
BEEFT851,1
BEEFT87,1
BEEFT871,1
BEEFT931,1
BEEFT991,1
BEEFU145,1
BEEFU150,1
BEEFU321,1
BEEFU396,1
BEEFU881,1
BEEFU961,1
BEEFV446,1
BEEFV456,1
BEEFV720,1
BEEFW744,1
BEEFW955,1
BEEFX154,1
BEEFX660,1
BEEFX670,1
BEEFX680,1
BEEFX70,1
BEEFX771,1
BEEFX80,1
BEEFX800,1
BEEFX801,1
BEPP39,1
BFDA39,1
BFTA39,1
BGLC39,1
BGOZ39,1
BHIAA18,1
BHIAA350,1
BHIAB119,1
BHIAB200,1
BHIAB240,1
BHIAB280,1
BHIAB399,1
BHIAF40,1
BHIAG125,1
BHIAG245E,1
BHIAG295E,1
BHIAG30E,1
BHIAG370W2,1
BHIAG420W2,1
BHIAG440,1
BHIAG445,1
BHIAG500,1
BHIAG500W2,1
BHIAG520W1,1
BHIAG640,1
BHIAG940,1
BHIAG960,1
BHIAH310W2,1
BHIAH330W2,1
BHIAH340W2,1
BHIAH350,1
BHIAH350W2,1
BHIAH360W2,1
BHIAH420W1,1
BHIAH470W1,1
BHIAH700,1
BHIAH99,1
BHIAI15,1
BHIAI300,1
BHIAI680,1
BHIAJ399,1
BHIAJ880,1
BHIAJ980,1
BHIAL1,1
BHIAM300,1
BHIAO30,1
BHIAP30,1
BHIAS100E,1
BHIAS105E,1
BHIAS110,1
BHIAS110E,1
BHIAS120,1
BHIAS120E,1
BHIAS125E,1
BHIAS130E,1
BHIAS150E,1
BHIAS25E,1
BHIAS300E,1
BHIAS305E,1
BHIAS310E,1
BHIAS310W4E,1
BHIAS320W2E,1
BHIAS340W4,1
BHIAS340W4E,1
BHIAS350E,1
BHIAS355E,1
BHIAS365E,1
BHIAS400E,1
BHIAS40E,1
BHIAS410E,1
BHIAS420,1
BHIAS420E,1
BHIAS430E,1
BHIAS440E,1
BHIAS445E,1
BHIAS45E,1
BHIAS460E,1
BHIAS470,1
BHIAS470E,1
BHIAS480,1
BHIAS480E,1
BHIAS490E,1
BHIAS50E,1
BHIAS520E,1
BHIAS540E,1
BHIAS560,1
BHIAS560E,1
BHIAS600E,1
BHIAS620E,1
BHIAS640E,1
BHIAS660,1
BHIAS660E,1
BHIAS680E,1
BHIAS700E,1
BHIAS720E,1
BHIAS820E,1
BHIAS880E,1
BHIAS900E,1
BHIAS920E,1
BHIAS940E,1
BHIAS960E,1
BHIAT10,1
BHIAT260W2,1
BHIAT300W2,1
BHIAT60,1
BHIAT700,1
BHIAU100,1
BHIAU370W1,1
BHIAU680,1
BHIAV20,1
BHIAV470,1
BHIAV580,1
BHIAV780,1
BHIAV980,1
BHIAX108,1
BICE11,1
BIDN39,1
BIED1F,1
BIPD11,1
BITH11T,1
BIXC39,1
BLAU3T,1
BLAUB119,1
BMGBG332,1
BMGBG332E,1
BMGBG342E,1
BMGBG352E,1
BMGBG362E,1
BMGBH432,1
BMGBI28,1
BMGBI355,1
BMGBJ322,1
BMGBJ402,1
BMGBN399,1
BMGBP400,1
BMGBR24,1
BMGBS342,1
BMGBS372E,1
BMGBS382E,1
BMGBS400E,1
BMGBS402E,1
BMGBT400,1
BMGBV40,1
BMGBV400,1
BMIL39,1
BMOBG180E,1
BMOBG190,1
BMOBG190E,1
BMOBG200,1
BMOBG200E,1
BMOBG203E,1
BMOBG208E,1
BMOBH198,1
BMOBI183,1
BMOBI208,1
BMOBI213,1
BMOBT183,1
BMOBT213,1
BMOBU188,1
BMOBU208,1
BNSB34,1
BOVAA103,1
BOVAA128,1
BOVAA180,1
BOVAB118,1
BOVAB127,1
BOVAB128,1
BOVAB133,1
BOVAB156,1
BOVAC132,1
BOVAC133,1
BOVAC140,1
BOVAD110,1
BOVAD115,1
BOVAD158,1
BOVAD7,1
BOVAE132,1
BOVAE136,1
BOVAF132,1
BOVAF134,1
BOVAF150,1
BOVAF155,1
BOVAG100E,1
BOVAG101E,1
BOVAG102E,1
BOVAG103E,1
BOVAG104E,1
BOVAG105E,1
BOVAG106E,1
BOVAG106W1,1
BOVAG106W1E,1
BOVAG107E,1
BOVAG108E,1
BOVAG108W1,1
BOVAG108W1E,1
BOVAG108W2E,1
BOVAG109E,1
BOVAG110E,1
BOVAG110W1E,1
BOVAG110W2E,1
BOVAG110W4E,1
BOVAG111E,1
BOVAG112E,1
BOVAG112W1E,1
BOVAG112W2,1
BOVAG112W4E,1
BOVAG113E,1
BOVAG114E,1
BOVAG114W1E,1
BOVAG114W2E,1
BOVAG114W4E,1
BOVAG115W1E,1
BOVAG115W2E,1
BOVAG115W4E,1
BOVAG116W1E,1
BOVAG116W2E,1
BOVAG116W4E,1
BOVAG117E,1
BOVAG117W1E,1
BOVAG117W2E,1
BOVAG117W4E,1
BOVAG118E,1
BOVAG118W1E,1
BOVAG118W2E,1
BOVAG118W4E,1
BOVAG119E,1
BOVAG119W1E,1
BOVAG119W2E,1
BOVAG119W4E,1
BOVAG120E,1
BOVAG120W1E,1
BOVAG120W2E,1
BOVAG120W4E,1
BOVAG121E,1
BOVAG121W1E,1
BOVAG121W2E,1
BOVAG121W4E,1
BOVAG122W1E,1
BOVAG122W2E,1
BOVAG122W4E,1
BOVAG123E,1
BOVAG123W1E,1
BOVAG123W2E,1
BOVAG123W4E,1
BOVAG124E,1
BOVAG124W1E,1
BOVAG124W2E,1
BOVAG124W4E,1
BOVAG125W1E,1
BOVAG125W2E,1
BOVAG125W4E,1
BOVAG126E,1
BOVAG126W1E,1
BOVAG126W2E,1
BOVAG126W4E,1
BOVAG127E,1
BOVAG127W1E,1
BOVAG127W2E,1
BOVAG127W4E,1
BOVAG128E,1
BOVAG128W1E,1
BOVAG128W2E,1
BOVAG128W4E,1
BOVAG129E,1
BOVAG129W1E,1
BOVAG129W2E,1
BOVAG129W4E,1
BOVAG12E,1
BOVAG130W1E,1
BOVAG130W2E,1
BOVAG130W4E,1
BOVAG131W1E,1
BOVAG131W2E,1
BOVAG132W1E,1
BOVAG132W2E,1
BOVAG133W1E,1
BOVAG133W2E,1
BOVAG134W1E,1
BOVAG135W1E,1
BOVAG136W1E,1
BOVAG137W1E,1
BOVAG138W1E,1
BOVAG13E,1
BOVAG148W1,1
BOVAG151,1
BOVAG152,1
BOVAG158W4,1
BOVAG159,1
BOVAG160W4,1
BOVAG162W4,1
BOVAG166,1
BOVAG1E,1
BOVAG221E,1
BOVAG307E,1
BOVAG312E,1
BOVAG397E,1
BOVAG407E,1
BOVAG411E,1
BOVAG437E,1
BOVAG482,1
BOVAG482E,1
BOVAG500E,1
BOVAG650E,1
BOVAG680,1
BOVAG680E,1
BOVAG700E,1
BOVAG705E,1
BOVAG750,1
BOVAG800E,1
BOVAG835E,1
BOVAG840E,1
BOVAG845E,1
BOVAG850E,1
BOVAG860E,1
BOVAG880E,1
BOVAG895E,1
BOVAG900E,1
BOVAG905E,1
BOVAG915E,1
BOVAG920E,1
BOVAG925E,1
BOVAG930,1
BOVAG930E,1
BOVAG935E,1
BOVAG940E,1
BOVAG945E,1
BOVAG950E,1
BOVAG955,1
BOVAG955E,1
BOVAG960,1
BOVAG960E,1
BOVAG965,1
BOVAG965E,1
BOVAG970,1
BOVAG970E,1
BOVAG975,1
BOVAG975E,1
BOVAG980E,1
BOVAG985,1
BOVAG985E,1
BOVAG990,1
BOVAG990E,1
BOVAG995,1
BOVAG995E,1
BOVAH101W1,1
BOVAH117W2,1
BOVAH122W5,1
BOVAH124W5,1
BOVAH125W5,1
BOVAH126W4,1
BOVAH127W4,1
BOVAH130W5,1
BOVAH135W4,1
BOVAH142W5,1
BOVAH144W5,1
BOVAH145W1,1
BOVAH146W5,1
BOVAH149W1,1
BOVAH150W5,1
BOVAH154W2,1
BOVAH156W2,1
BOVAH160W4,1
BOVAH164W5,1
BOVAH17,1
BOVAH2,1
BOVAH4,1
BOVAH600,1
BOVAH720,1
BOVAH860,1
BOVAH910,1
BOVAH920,1
BOVAH940,1
BOVAH955,1
BOVAI115W4,1
BOVAI121W1,1
BOVAI123W1,1
BOVAI125W1,1
BOVAI128,1
BOVAI129W4,1
BOVAI130,1
BOVAI131W4,1
BOVAI132W1,1
BOVAI132W4,1
BOVAI134W1,1
BOVAI134W4,1
BOVAI135,1
BOVAI137W4,1
BOVAI138W2,1
BOVAI142W1,1
BOVAI148W1,1
BOVAI150W2,1
BOVAI152W1,1
BOVAI161,1
BOVAI162,1
BOVAI170,1
BOVAI173,1
BOVAI174,1
BOVAI176,1
BOVAI177,1
BOVAI492,1
BOVAI600,1
BOVAI605,1
BOVAI690,1
BOVAI770,1
BOVAI780,1
BOVAI820,1
BOVAI890,1
BOVAI935,1
BOVAI940,1
BOVAI945,1
BOVAI955,1
BOVAI960,1
BOVAI965,1
BOVAI970,1
BOVAI975,1
BOVAI985,1
BOVAJ114,1
BOVAJ118,1
BOVAJ130W1,1
BOVAJ131W1,1
BOVAJ133W1,1
BOVAJ136,1
BOVAJ138W4,1
BOVAJ60,1
BOVAJ600,1
BOVAJ700,1
BOVAJ930,1
BOVAJ99,1
BOVAK110,1
BOVAK116,1
BOVAK152,1
BOVAL109,1
BOVAL129,1
BOVAL146,1
BOVAL26,1
BOVAL31,1
BOVAL400,1
BOVAM135,1
BOVAM139,1
BOVAM160,1
BOVAM180,1
BOVAM800,1
BOVAN120,1
BOVAN122,1
BOVAN129,1
BOVAN131,1
BOVAN134,1
BOVAO121,1
BOVAO126,1
BOVAO132,1
BOVAO133,1
BOVAO140,1
BOVAP8,1
BOVAQ133,1
BOVAQ137,1
BOVAQ17,1
BOVAS101,1
BOVAS102,1
BOVAS103,1
BOVAS104,1
BOVAS106,1
BOVAS106W4,1
BOVAS10E,1
BOVAS116W2,1
BOVAS118W1,1
BOVAS118W2,1
BOVAS119W1,1
BOVAS11E,1
BOVAS120W2,1
BOVAS121W1,1
BOVAS124W1,1
BOVAS125W1,1
BOVAS130E,1
BOVAS131E,1
BOVAS131W4E,1
BOVAS132W4E,1
BOVAS133E,1
BOVAS133W4E,1
BOVAS134E,1
BOVAS134W2E,1
BOVAS134W4E,1
BOVAS135E,1
BOVAS135W2E,1
BOVAS135W4E,1
BOVAS136E,1
BOVAS136W2E,1
BOVAS136W4E,1
BOVAS137E,1
BOVAS137W2E,1
BOVAS137W4E,1
BOVAS138E,1
BOVAS138W2E,1
BOVAS138W4E,1
BOVAS139E,1
BOVAS139W1E,1
BOVAS139W2E,1
BOVAS139W4E,1
BOVAS140E,1
BOVAS140W1E,1
BOVAS140W2E,1
BOVAS140W4E,1
BOVAS141E,1
BOVAS141W1E,1
BOVAS141W2E,1
BOVAS141W4E,1
BOVAS142W1,1
BOVAS142W1E,1
BOVAS142W2E,1
BOVAS142W4E,1
BOVAS144W1E,1
BOVAS144W2E,1
BOVAS144W4E,1
BOVAS146W1E,1
BOVAS146W2E,1
BOVAS146W4E,1
BOVAS148,1
BOVAS148W1E,1
BOVAS148W2E,1
BOVAS148W4E,1
BOVAS14E,1
BOVAS150W1,1
BOVAS150W1E,1
BOVAS150W2E,1
BOVAS150W4E,1
BOVAS151,1
BOVAS152W1E,1
BOVAS152W2E,1
BOVAS152W4E,1
BOVAS154W1,1
BOVAS154W1E,1
BOVAS154W2E,1
BOVAS154W4E,1
BOVAS155,1
BOVAS156,1
BOVAS156E,1
BOVAS156W2E,1
BOVAS157E,1
BOVAS158,1
BOVAS158E,1
BOVAS158W1E,1
BOVAS158W2E,1
BOVAS158W4,1
BOVAS158W4E,1
BOVAS159E,1
BOVAS15E,1
BOVAS160E,1
BOVAS160W2E,1
BOVAS161,1
BOVAS161E,1
BOVAS162E,1
BOVAS162W1E,1
BOVAS162W2E,1
BOVAS162W4,1
BOVAS162W4E,1
BOVAS163,1
BOVAS163E,1
BOVAS164E,1
BOVAS164W1E,1
BOVAS164W2,1
BOVAS164W2E,1
BOVAS165E,1
BOVAS166E,1
BOVAS166W2E,1
BOVAS168,1
BOVAS168E,1
BOVAS169,1
BOVAS16E,1
BOVAS170,1
BOVAS170E,1
BOVAS171E,1
BOVAS172E,1
BOVAS173E,1
BOVAS174E,1
BOVAS175E,1
BOVAS177E,1
BOVAS17E,1
BOVAS180E,1
BOVAS181,1
BOVAS188,1
BOVAS191,1
BOVAS191E,1
BOVAS192,1
BOVAS192E,1
BOVAS20,1
BOVAS200,1
BOVAS200E,1
BOVAS21,1
BOVAS215,1
BOVAS215E,1
BOVAS220,1
BOVAS220E,1
BOVAS2E,1
BOVAS300,1
BOVAS300E,1
BOVAS302,1
BOVAS3E,1
BOVAS4E,1
BOVAS500,1
BOVAS5E,1
BOVAS650,1
BOVAS6E,1
BOVAS7E,1
BOVAS8E,1
BOVAS900,1
BOVAS930,1
BOVAS960,1
BOVAS965,1
BOVAS980,1
BOVAS985,1
BOVAS995,1
BOVAS9E,1
BOVAT101W1,1
BOVAT101W2,1
BOVAT102W2,1
BOVAT103W1,1
BOVAT103W2,1
BOVAT104W1,1
BOVAT104W2,1
BOVAT105W1,1
BOVAT106W1,1
BOVAT107W1,1
BOVAT107W2,1
BOVAT109W1,1
BOVAT109W2,1
BOVAT110W5,1
BOVAT111W1,1
BOVAT112W2,1
BOVAT120W5,1
BOVAT126W5,1
BOVAT127W4,1
BOVAT129W4,1
BOVAT135W4,1
BOVAT142W2,1
BOVAT144W2,1
BOVAT146W2,1
BOVAT148W4,1
BOVAT149W2,1
BOVAT151W1,1
BOVAT16,1
BOVAT161,1
BOVAT162,1
BOVAT162W1,1
BOVAT163,1
BOVAT164,1
BOVAT164W1,1
BOVAT166,1
BOVAT167,1
BOVAT187,1
BOVAT21,1
BOVAT215,1
BOVAT250,1
BOVAT350,1
BOVAT650,1
BOVAT670,1
BOVAT755,1
BOVAT760,1
BOVAT765,1
BOVAT770,1
BOVAT775,1
BOVAT780,1
BOVAT785,1
BOVAT790,1
BOVAT795,1
BOVAT810,1
BOVAT815,1
BOVAT820,1
BOVAT825,1
BOVAT830,1
BOVAT835,1
BOVAT845,1
BOVAT850,1
BOVAT855,1
BOVAT865,1
BOVAT875,1
BOVAT885,1
BOVAT890,1
BOVAT895,1
BOVAT915,1
BOVAT935,1
BOVAT945,1
BOVAU112W1,1
BOVAU120W1,1
BOVAU121W4,1
BOVAU123W2,1
BOVAU126W4,1
BOVAU129W4,1
BOVAU131W2,1
BOVAU140W1,1
BOVAU145,1
BOVAU156,1
BOVAU157,1
BOVAU158,1
BOVAU159,1
BOVAU162,1
BOVAU172,1
BOVAU183,1
BOVAU215,1
BOVAU23,1
BOVAU750,1
BOVAU860,1
BOVAU875,1
BOVAU905,1
BOVAV106,1
BOVAV129,1
BOVAV136,1
BOVAV152,1
BOVAV170,1
BOVAV29,1
BOVAV70,1
BOVAV710,1
BOVAV730,1
BOVAV760,1
BOVAV780,1
BOVAV820,1
BOVAV840,1
BOVAV860,1
BOVAV940,1
BOVAW10,1
BOVAW118,1
BOVAW131,1
BOVAW133,1
BOVAW140,1
BOVAW20,1
BOVAW600,1
BOVAX100,1
BOVAX200,1
BOVAX5,1
BOVAX9,1
BOVVB142,1
BOVVG125E,1
BOVVG165W4,1
BOVVH119,1
BOVVH130W5,1
BOVVH133,1
BOVVH138W5,1
BOVVH141,1
BOVVH148W5,1
BOVVI12,1
BOVVI125,1
BOVVI147,1
BOVVI161,1
BOVVJ125,1
BOVVJ127,1
BOVVJ147,1
BOVVL14,1
BOVVL142,1
BOVVL147,1
BOVVS118W4,1
BOVVS130W4,1
BOVVT141,1
BOVVU123,1
BOVVU125,1
BOVVU131,1
BOVVU137,1
BOVVU139,1
BOVVX145,1
BPACB310,1
BPACF350,1
BPACG281,1
BPACG281E,1
BPACG282E,1
BPACG296,1
BPACG308,1
BPACG308E,1
BPACG311,1
BPACG311E,1
BPACG313E,1
BPACG316E,1
BPACG318E,1
BPACG321E,1
BPACG326,1
BPACG331E,1
BPACG333E,1
BPACG336E,1
BPACG338E,1
BPACG341,1
BPACG341E,1
BPACG343E,1
BPACG348E,1
BPACG351E,1
BPACG353E,1
BPACG358E,1
BPACG361E,1
BPACG363E,1
BPACG366E,1
BPACG368E,1
BPACG371E,1
BPACG373E,1
BPACG375W1,1
BPACG375W2,1
BPACG375W2E,1
BPACG375W4E,1
BPACG376E,1
BPACG378E,1
BPACG380W1,1
BPACG380W1E,1
BPACG380W4,1
BPACG380W4E,1
BPACG381E,1
BPACG383E,1
BPACG385W1,1
BPACG385W2,1
BPACG385W4E,1
BPACG386E,1
BPACG388E,1
BPACG390W1,1
BPACG390W1E,1
BPACG390W4E,1
BPACG391E,1
BPACG393E,1
BPACG395W1,1
BPACG395W1E,1
BPACG395W2E,1
BPACG396E,1
BPACG398E,1
BPACG400W1,1
BPACG400W1E,1
BPACG401E,1
BPACG405W1E,1
BPACG405W2E,1
BPACG410W1,1
BPACG410W1E,1
BPACG415W1E,1
BPACG420W1E,1
BPACG435W4,1
BPACG445W1,1
BPACG445W4,1
BPACG450W2,1
BPACG471,1
BPACG473,1
BPACG476,1
BPACH281,1
BPACH296,1
BPACH310,1
BPACH339,1
BPACH344,1
BPACH375W1,1
BPACH395W5,1
BPACH400W5,1
BPACH405W2,1
BPACH435W1,1
BPACH435W5,1
BPACH440W4,1
BPACH450W1,1
BPACH455W1,1
BPACH460W4,1
BPACH484,1
BPACH511,1
BPACH576,1
BPACI280,1
BPACI332,1
BPACI335,1
BPACI337,1
BPACI340,1
BPACI345,1
BPACI477,1
BPACI492,1
BPACJ277,1
BPACJ350,1
BPACJ415,1
BPACJ417,1
BPACJ425,1
BPACJ430,1
BPACK377,1
BPACK397,1
BPACK402,1
BPACK417,1
BPACL20,1
BPACL332,1
BPACL370,1
BPACL380,1
BPACL392,1
BPACN310,1
BPACO310,1
BPACS310,1
BPACS333,1
BPACS341,1
BPACS346,1
BPACS348,1
BPACS351,1
BPACS360W2,1
BPACS385W1,1
BPACS395W1,1
BPACS395W4E,1
BPACS400W4E,1
BPACS403E,1
BPACS405W4E,1
BPACS406E,1
BPACS408E,1
BPACS410W2E,1
BPACS410W4E,1
BPACS411E,1
BPACS413E,1
BPACS415W2E,1
BPACS415W4E,1
BPACS416E,1
BPACS418E,1
BPACS420W2E,1
BPACS420W4,1
BPACS420W4E,1
BPACS421E,1
BPACS423E,1
BPACS425W1E,1
BPACS425W2E,1
BPACS426E,1
BPACS428E,1
BPACS430W1,1
BPACS430W1E,1
BPACS430W4,1
BPACS430W4E,1
BPACS431E,1
BPACS433E,1
BPACS436E,1
BPACS438E,1
BPACS440W1E,1
BPACS441E,1
BPACS443E,1
BPACS446E,1
BPACS448E,1
BPACS451,1
BPACS451E,1
BPACS453,1
BPACS453E,1
BPACT129,1
BPACT286,1
BPACT324,1
BPACT334,1
BPACT405W2,1
BPACT466,1
BPACU255,1
BPACU270,1
BPACU310,1
BPACU312,1
BPACU325,1
BPACU437,1
BPACU445,1
BPACU455,1
BPACU457,1
BPACU462,1
BPACU465,1
BPACV325,1
BPACV330,1
BPACV335,1
BPACV337,1
BPACV340,1
BPACV355,1
BPACV420,1
BPACV960,1
BPACV980,1
BPACW310,1
BPACW317,1
BPACX420,1
BPANG739E,1
BPANG759E,1
BPANG900,1
BPANG940,1
BPANH700,1
BPANH740,1
BPANI800,1
BPANI880,1
BPANJ11,1
BPANJ899,1
BPANS100,1
BPANS100E,1
BPANS112,1
BPANS122,1
BPANS659,1
BPANS709,1
BPANS789E,1
BPANS799E,1
BPANS800E,1
BPANS820E,1
BPANS829E,1
BPANS839,1
BPANS839E,1
BPANS859E,1
BPANS880E,1
BPANS90,1
BPANS900E,1
BPANS90E,1
BPANS940E,1
BPANT112,1
BPANT620,1
BPANT660,1
BPANT980,1
BPANU125,1
BPANU960,1
BPANX700,1
BPIC39,1
BQTC39,1
BRAPA193,1
BRAPG100E,1
BRAPG105E,1
BRAPG107E,1
BRAPG125E,1
BRAPG127E,1
BRAPG130E,1
BRAPG137,1
BRAPG137E,1
BRAPG145E,1
BRAPG147E,1
BRAPG155,1
BRAPG155E,1
BRAPG157E,1
BRAPG160E,1
BRAPG162E,1
BRAPG165E,1
BRAPG167E,1
BRAPG170E,1
BRAPG980E,1
BRAPH155,1
BRAPH160E,1
BRAPH913,1
BRAPI128,1
BRAPI150,1
BRAPI152,1
BRAPI160,1
BRAPI162,1
BRAPI210,1
BRAPK170,1
BRAPQ16,1
BRAPS16,1
BRAPS172E,1
BRAPS175E,1
BRAPS177E,1
BRAPS180E,1
BRAPS185E,1
BRAPS187E,1
BRAPS190E,1
BRAPS195E,1
BRAPS197E,1
BRAPS200E,1
BRAPS205E,1
BRAPS207E,1
BRAPS210,1
BRAPS210E,1
BRAPS215,1
BRAPS215E,1
BRAPS217,1
BRAPS217E,1
BRAPS220E,1
BRAPS225E,1
BRAPS227E,1
BRAPS230E,1
BRAPS235E,1
BRAPS245,1
BRAPS245E,1
BRAPT112,1
BRAPT115,1
BRAPT122,1
BRAPT195,1
BRAPT202,1
BRAPT210,1
BRAPT225,1
BRAPT232,1
BRAPU185,1
BRAPU193,1
BRAPU205,1
BRAPU208,1
BRAPU230,1
BRAPV185,1
BRAPV190,1
BRAPW155,1
BRAPX226,1
BRAVA200,1
BRAVB330,1
BRAVC230,1
BRAVE170,1
BRAVE210,1
BRAVF170,1
BRAVF200,1
BRAVG112E,1
BRAVG135,1
BRAVG135E,1
BRAVG150E,1
BRAVG152E,1
BRAVG155,1
BRAVG155E,1
BRAVG157E,1
BRAVG160E,1
BRAVG160W2,1
BRAVG160W2E,1
BRAVG160W4E,1
BRAVG162E,1
BRAVG165E,1
BRAVG165W2,1
BRAVG165W2E,1
BRAVG167E,1
BRAVG170,1
BRAVG170W1E,1
BRAVG170W2E,1
BRAVG172E,1
BRAVG175E,1
BRAVG175W1E,1
BRAVG175W2E,1
BRAVG177E,1
BRAVG17E,1
BRAVG180W2E,1
BRAVG180W4E,1
BRAVG182E,1
BRAVG185E,1
BRAVG185W4E,1
BRAVG187E,1
BRAVG18E,1
BRAVG190W4E,1
BRAVG195W4E,1
BRAVG205W2,1
BRAVG205W4,1
BRAVG215W4,1
BRAVG242,1
BRAVG245,1
BRAVG252,1
BRAVG900E,1
BRAVH136,1
BRAVH143,1
BRAVH158,1
BRAVH170,1
BRAVH200W4,1
BRAVH200W5,1
BRAVH205W4,1
BRAVH205W5,1
BRAVH215W1,1
BRAVH220W4,1
BRAVH230,1
BRAVH230W4,1
BRAVH258,1
BRAVH261,1
BRAVH278,1
BRAVH291,1
BRAVI147,1
BRAVI150,1
BRAVI220W1,1
BRAVI265,1
BRAVI290,1
BRAVJ145,1
BRAVJ192,1
BRAVJ202,1
BRAVJ207,1
BRAVJ210,1
BRAVJ22,1
BRAVK202,1
BRAVL220,1
BRAVL240,1
BRAVL275,1
BRAVM140,1
BRAVM220,1
BRAVM500,1
BRAVN229,1
BRAVN23,1
BRAVN290,1
BRAVN300,1
BRAVP286,1
BRAVP291,1
BRAVR180,1
BRAVR190,1
BRAVR220,1
BRAVR230,1
BRAVR304,1
BRAVS120,1
BRAVS137,1
BRAVS145,1
BRAVS160W1,1
BRAVS170,1
BRAVS180,1
BRAVS180W1E,1
BRAVS180W2E,1
BRAVS185W2E,1
BRAVS187E,1
BRAVS189E,1
BRAVS190,1
BRAVS190W1,1
BRAVS190W1E,1
BRAVS192E,1
BRAVS195E,1
BRAVS197E,1
BRAVS200W2,1
BRAVS200W2E,1
BRAVS200W4E,1
BRAVS202E,1
BRAVS205E,1
BRAVS205W4E,1
BRAVS207E,1
BRAVS20E,1
BRAVS212E,1
BRAVS215E,1
BRAVS215W4E,1
BRAVS217E,1
BRAVS21E,1
BRAVS222E,1
BRAVS225E,1
BRAVS227E,1
BRAVS22E,1
BRAVS232E,1
BRAVS235E,1
BRAVS237E,1
BRAVS23E,1
BRAVS240E,1
BRAVS242,1
BRAVS242E,1
BRAVS245E,1
BRAVS247E,1
BRAVS250E,1
BRAVS252E,1
BRAVS255E,1
BRAVS257E,1
BRAVS260E,1
BRAVS262,1
BRAVS262E,1
BRAVS265E,1
BRAVS267,1
BRAVS267E,1
BRAVS270E,1
BRAVS275E,1
BRAVS277E,1
BRAVS280E,1
BRAVS282E,1
BRAVS285E,1
BRAVS287,1
BRAVS287E,1
BRAVS290E,1
BRAVS295,1
BRAVS295E,1
BRAVS297E,1
BRAVS300E,1
BRAVS302E,1
BRAVS305E,1
BRAVS307,1
BRAVS310,1
BRAVS315E,1
BRAVS320E,1
BRAVS325,1
BRAVS325E,1
BRAVS327E,1
BRAVS330,1
BRAVS330E,1
BRAVS335,1
BRAVS337E,1
BRAVS347E,1
BRAVS350,1
BRAVS350E,1
BRAVS355E,1
BRAVS365,1
BRAVS370E,1
BRAVS382E,1
BRAVS427E,1
BRAVS510E,1
BRAVT160W2,1
BRAVT165W1,1
BRAVT165W2,1
BRAVT190W4,1
BRAVT205W2,1
BRAVT220W2,1
BRAVT256,1
BRAVT261,1
BRAVT266,1
BRAVT278,1
BRAVT286,1
BRAVT296,1
BRAVT306,1
BRAVT313,1
BRAVT316,1
BRAVT323,1
BRAVT326,1
BRAVT328,1
BRAVT333,1
BRAVT338,1
BRAVT378,1
BRAVT381,1
BRAVT393,1
BRAVT40,1
BRAVT425,1
BRAVT438,1
BRAVU122,1
BRAVU127,1
BRAVU137,1
BRAVU140,1
BRAVU190W1,1
BRAVU215W1,1
BRAVU267,1
BRAVU270,1
BRAVU287,1
BRAVU292,1
BRAVU300,1
BRAVU320,1
BRAVU337,1
BRAVU340,1
BRAVU345,1
BRAVU355,1
BRAVU360,1
BRAVU362,1
BRAVV212,1
BRAVV225,1
BRAVV227,1
BRAVV240,1
BRAVV350,1
BRAVV405,1
BRAVX260,1
BRAVX295,1
BRAVX310,1
BRAVX320,1
BRAVX33,1
BRAVX372,1
BRAVX387,1
BREZ39,1
BRFSD200,1
BRFSD220,1
BRFSG100E,1
BRFSG12E,1
BRFSG156E,1
BRFSG17,1
BRFSG171E,1
BRFSG181,1
BRFSG181E,1
BRFSG184E,1
BRFSG186E,1
BRFSG196E,1
BRFSG19E,1
BRFSG201E,1
BRFSG209E,1
BRFSG256,1
BRFSG259,1
BRFSG264,1
BRFSG269,1
BRFSG274,1
BRFSG279,1
BRFSH157,1
BRFSH172,1
BRFSH175E,1
BRFSH180,1
BRFSH195E,1
BRFSH275,1
BRFSH280,1
BRFSI212,1
BRFSI245,1
BRFSJ225,1
BRFSJ245,1
BRFSK210,1
BRFSL22,1
BRFSO180,1
BRFSP19,1
BRFSR207,1
BRFSS15,1
BRFSS161,1
BRFSS164,1
BRFSS191,1
BRFSS204E,1
BRFSS206E,1
BRFSS209E,1
BRFSS211E,1
BRFSS214E,1
BRFSS216E,1
BRFSS219E,1
BRFSS221E,1
BRFSS224E,1
BRFSS226E,1
BRFSS229E,1
BRFSS231E,1
BRFSS234E,1
BRFSS236E,1
BRFSS239E,1
BRFSS241E,1
BRFSS244E,1
BRFSS246E,1
BRFSS251E,1
BRFSS254,1
BRFSS256E,1
BRFSS259E,1
BRFSS264E,1
BRFSS271,1
BRFSS279E,1
BRFST167,1
BRFST190,1
BRFST257,1
BRFST260,1
BRFST270,1
BRFSU140,1
BRFSU212,1
BRFSU215,1
BRFSU225,1
BRFSU240,1
BRFSU250,1
BRFSV186,1
BRFSV190,1
BRFSV205,1
BRFSW187,1
BRFSX186,1
BRFSX200,1
BRFSX224,1
BRKM3T,1
BRKMB230,1
BRKMF900,1
BRKMG132,1
BRKMG460,1
BRKMG460E,1
BRKMG820E,1
BRKMG850,1
BRKMG870,1
BRKMH137,1
BRKMH14,1
BRKMH142,1
BRKMH147,1
BRKMH170,1
BRKMH54,1
BRKMI480,1
BRKMI820,1
BRKMJ120,1
BRKMJ150,1
BRKMJ820,1
BRKMK140,1
BRKMK750,1
BRKML105,1
BRKML800,1
BRKMM140,1
BRKMN14,1
BRKMR11,1
BRKMR950,1
BRKMS100E,1
BRKMS105E,1
BRKMS107E,1
BRKMS110E,1
BRKMS112E,1
BRKMS115E,1
BRKMS117E,1
BRKMS120E,1
BRKMS122E,1
BRKMS125E,1
BRKMS127,1
BRKMS127E,1
BRKMS130E,1
BRKMS132E,1
BRKMS140E,1
BRKMS142E,1
BRKMS150E,1
BRKMS160E,1
BRKMS165E,1
BRKMS170E,1
BRKMS175E,1
BRKMS180E,1
BRKMS190E,1
BRKMS200E,1
BRKMS210E,1
BRKMS220,1
BRKMS220E,1
BRKMS230E,1
BRKMS240E,1
BRKMS250E,1
BRKMS260E,1
BRKMS320,1
BRKMS320E,1
BRKMS38E,1
BRKMS530E,1
BRKMS720,1
BRKMS860E,1
BRKMS870E,1
BRKMS880E,1
BRKMS890E,1
BRKMS900E,1
BRKMS920E,1
BRKMS940E,1
BRKMS950E,1
BRKMS960E,1
BRKMS980E,1
BRKMT300,1
BRKMT310,1
BRKMT530,1
BRKMU102,1
BRKMU160,1
BRKMU170,1
BRKMU200,1
BRKMU220,1
BRKMU230,1
BRKMU240,1
BRKMU250,1
BRKMU380,1
BRKMV120,1
BRKMV150,1
BRKMV160,1
BRKMV210,1
BRKMV520,1
BRKMX120,1
BRKMX130,1
BRKMX150,1
BRKMX180,1
BRKMX220,1
BRSRA100,1
BRSRB157,1
BRSRB177,1
BRSRG10,1
BRSRG100,1
BRSRH134,1
BRSRH970,1
BRSRI132,1
BRSRJ117,1
BRSRK100,1
BRSRL100,1
BRSRR1,1
BRSRS109E,1
BRSRS113E,1
BRSRS114E,1
BRSRS118E,1
BRSRS123E,1
BRSRS128E,1
BRSRS133E,1
BRSRT10,1
BRSRT120,1
BRSRT134,1
BRSRT153,1
BRSRT880,1
BRSRT940,1
BRSRT960,1
BRSRV100,1
BRSRV112,1
BRSRX191,1
BSOC39,1
BTSI11,1
BVAR11,1
C1BO34,1
C1HK34,1
C1NP34,1
C2PT34,1
CAMLG500E,1
CAMLH464,1
CAMLI504,1
CAMLN50,1
CAMLS474,1
CAMLT398,1
CAMLT484,1
CAMLU414,1
CASHD20,1
CASHG105,1
CASHG115,1
CASHG330E,1
CASHG340E,1
CASHG450,1
CASHG450E,1
CASHG500E,1
CASHG560E,1
CASHG660E,1
CASHG860,1
CASHG880,1
CASHH430,1
CASHI135,1
CASHI560,1
CASHJ900,1
CASHL100,1
CASHS100E,1
CASHS105E,1
CASHS110E,1
CASHS120E,1
CASHS450,1
CASHS500,1
CASHS680E,1
CASHS700E,1
CASHS720E,1
CASHS740E,1
CASHS760E,1
CASHS780E,1
CASHS800E,1
CASHS820E,1
CASHS840E,1
CASHS860E,1
CASHS900E,1
CASHS960,1
CASHS960E,1
CASHT112,1
CASHT370,1
CASHT430,1
CASHT770,1
CASHT820,1
CASHT840,1
CASHU105,1
CASHU250,1
CASHU390,1
CASHV400,1
CASHV700,1
CASHW640,1
CBAVB499,1
CBAVB50,1
CBAVG250E,1
CBAVG400,1
CBAVG410,1
CBAVG410E,1
CBAVG430E,1
CBAVG450E,1
CBAVI450,1
CBAVJ560,1
CBAVK630,1
CBAVS370,1
CBAVS465,1
CBAVS465E,1
CBAVS495E,1
CBAVS500,1
CBAVS500E,1
CBAVS530E,1
CBAVS600,1
CBAVS600E,1
CBAVS610,1
CBAVS610E,1
CBAVS660E,1
CBAVT370,1
CBAVT470,1
CBAVT600,1
CBAVT860,1
CBAVU430,1
CBAVU440,1
CBAVU450,1
CBAVU460,1
CBAVU680,1
CBAVV450,1
CBAVW630,1
CEABG120,1
CEABG162E,1
CEABG164E,1
CEABG179,1
CEABH140,1
CEABH680,1
CEABH680E,1
CEABI153,1
CEABI183,1
CEABI188,1
CEABJ153,1
CEABJ178,1
CEABS155,1
CEABS174E,1
CEABS179E,1
CEABS184E,1
CEABS189E,1
CEABS194E,1
CEABS199E,1
CEABS204E,1
CEABT105,1
CEABT175,1
CEABT680,1
CEABU183,1
CEABU900,1
CEDO4T,1
CFII11,1
CGRA4T,1
CMIG3T,1
CMIGF10,1
CMIGF117,1
CMIGG100,1
CMIGG102E,1
CMIGG104,1
CMIGG105E,1
CMIGG106E,1
CMIGG110E,1
CMIGG112E,1
CMIGG157,1
CMIGG157E,1
CMIGG504,1
CMIGG504E,1
CMIGG634E,1
CMIGG654,1
CMIGG654E,1
CMIGG704,1
CMIGG704E,1
CMIGG734E,1
CMIGG834E,1
CMIGG884E,1
CMIGG904,1
CMIGG904E,1
CMIGG934E,1
CMIGG954E,1
CMIGG980,1
CMIGG988E,1
CMIGG990E,1
CMIGH200,1
CMIGH473,1
CMIGH498,1
CMIGH752,1
CMIGH872,1
CMIGH922,1
CMIGH964,1
CMIGH974,1
CMIGH98,1
CMIGH982,1
CMIGH998,1
CMIGI139,1
CMIGI146,1
CMIGI17,1
CMIGI652,1
CMIGI722,1
CMIGI802,1
CMIGI822,1
CMIGI896,1
CMIGJ105,1
CMIGJ106,1
CMIGJ110,1
CMIGJ135,1
CMIGJ138,1
CMIGJ140,1
CMIGJ152,1
CMIGJ854,1
CMIGJ924,1
CMIGJ954,1
CMIGJ99,1
CMIGK116,1
CMIGK119,1
CMIGK152,1
CMIGL109,1
CMIGL113,1
CMIGL126,1
CMIGL134,1
CMIGL155,1
CMIGL807,1
CMIGM102,1
CMIGN110,1
CMIGN2,1
CMIGN212,1
CMIGN99,1
CMIGO105,1
CMIGO107,1
CMIGP100,1
CMIGP115,1
CMIGQ10,1
CMIGR100,1
CMIGR102,1
CMIGR105,1
CMIGS10,1
CMIGS107,1
CMIGS111,1
CMIGS113E,1
CMIGS115E,1
CMIGS117E,1
CMIGS12,1
CMIGS120E,1
CMIGS122,1
CMIGS124E,1
CMIGS127,1
CMIGS128E,1
CMIGS130,1
CMIGS130E,1
CMIGS133,1
CMIGS133E,1
CMIGS138,1
CMIGS138E,1
CMIGS14,1
CMIGS148,1
CMIGS148E,1
CMIGS158,1
CMIGS183,1
CMIGS183E,1
CMIGS195,1
CMIGS195E,1
CMIGS198,1
CMIGS198E,1
CMIGS205E,1
CMIGS854,1
CMIGS95,1
CMIGS954,1
CMIGT135,1
CMIGT140,1
CMIGT147,1
CMIGT149,1
CMIGT152,1
CMIGT160,1
CMIGT195,1
CMIGT197,1
CMIGT874,1
CMIGU139,1
CMIGU146,1
CMIGU159,1
CMIGU174,1
CMIGU186,1
CMIGU199,1
CMIGU209,1
CMIGU227,1
CMIGU240,1
CMIGU822,1
CMIGU872,1
CMIGU876,1
CMIGU916,1
CMIGU972,1
CMIGV128,1
CMIGV188,1
CMIGV208,1
CMIGW101,1
CMIGW139,1
CMIGX105,1
CMIGX129,1
CMIGX149,1
CMINA500,1
CMINC500,1
CMINC700,1
CMING207E,1
CMING217,1
CMING217E,1
CMING480E,1
CMING49E,1
CMING510E,1
CMING660,1
CMINH472,1
CMINH50,1
CMINI227,1
CMINI427,1
CMINI472,1
CMINI500,1
CMINI700,1
CMINJ500,1
CMINJ544,1
CMINJ584,1
CMINJ704,1
CMINJ710,1
CMINM600,1
CMINM700,1
CMINN50,1
CMINR500,1
CMINS112E,1
CMINS122,1
CMINS122E,1
CMINS420,1
CMINS507E,1
CMINS540E,1
CMINS560E,1
CMINS580E,1
CMINS600E,1
CMINS610,1
CMINS610E,1
CMINS620E,1
CMINS640,1
CMINS660E,1
CMINS680E,1
CMINS740E,1
CMINS810E,1
CMINS910E,1
CMINS980E,1
CMINT120,1
CMINT217,1
CMINT410,1
CMINT837,1
CMINU617,1
CMINU717,1
CMINV419,1
CMINV439,1
CMINV449,1
CMINV459,1
CMINV564,1
CMINV644,1
CMINW672,1
CMINX517,1
CMINX700,1
COGNB30,1
COGNC349,1
COGNG110,1
COGNG110E,1
COGNG115,1
COGNG115E,1
COGNG120E,1
COGNG125E,1
COGNG130E,1
COGNG135E,1
COGNG140E,1
COGNG145E,1
COGNG149E,1
COGNG150E,1
COGNG155E,1
COGNG160E,1
COGNG165E,1
COGNG170E,1
COGNG175E,1
COGNG180E,1
COGNG185E,1
COGNG190E,1
COGNG195E,1
COGNG199E,1
COGNG205E,1
COGNG210E,1
COGNG215E,1
COGNG220E,1
COGNG225E,1
COGNG230E,1
COGNG235E,1
COGNG240E,1
COGNG240W4E,1
COGNG245E,1
COGNG248E,1
COGNG249E,1
COGNG250,1
COGNG250W4E,1
COGNG258E,1
COGNG260E,1
COGNG260W2E,1
COGNG260W4E,1
COGNG270E,1
COGNG280W1E,1
COGNG285,1
COGNG290W1E,1
COGNG320W4,1
COGNG370,1
COGNG400,1
COGNG410,1
COGNG449,1
COGNG450E,1
COGNG499,1
COGNG499E,1
COGNG550E,1
COGNG760,1
COGNG850,1
COGNG850E,1
COGNG950,1
COGNG950E,1
COGNG99,1
COGNG99E,1
COGNH118,1
COGNH240W1,1
COGNH280W4,1
COGNH300W1,1
COGNH310W1,1
COGNH310W2,1
COGNH348,1
COGNH380,1
COGNH680,1
COGNH980,1
COGNI103,1
COGNI123,1
COGNI158,1
COGNI168,1
COGNI208,1
COGNI218,1
COGNI353,1
COGNI363,1
COGNI5,1
COGNI500,1
COGNJ120,1
COGNJ168,1
COGNJ178,1
COGNJ228,1
COGNJ238,1
COGNJ248,1
COGNJ253,1
COGNJ283,1
COGNJ298,1
COGNJ323,1
COGNJ398,1
COGNJ403,1
COGNJ453,1
COGNJ500,1
COGNK313,1
COGNK343,1
COGNN350,1
COGNN50,1
COGNO45,1
COGNR30,1
COGNR35,1
COGNS109,1
COGNS12E,1
COGNS149,1
COGNS14E,1
COGNS230W4,1
COGNS240,1
COGNS250W1,1
COGNS26,1
COGNS260W2,1
COGNS268E,1
COGNS270E,1
COGNS270W2E,1
COGNS270W4E,1
COGNS278E,1
COGNS280E,1
COGNS280W2E,1
COGNS280W4E,1
COGNS290E,1
COGNS290W2E,1
COGNS290W4E,1
COGNS298E,1
COGNS299E,1
COGNS300W1E,1
COGNS300W4,1
COGNS300W4E,1
COGNS308E,1
COGNS310E,1
COGNS310W2E,1
COGNS318E,1
COGNS320E,1
COGNS328E,1
COGNS330E,1
COGNS340E,1
COGNS349E,1
COGNS360E,1
COGNS370E,1
COGNS380E,1
COGNS390E,1
COGNS400E,1
COGNS410E,1
COGNS415E,1
COGNS420E,1
COGNS430E,1
COGNS440E,1
COGNS45E,1
COGNS460E,1
COGNS470,1
COGNS470E,1
COGNS480E,1
COGNS490E,1
COGNS500E,1
COGNS510E,1
COGNS520E,1
COGNS530,1
COGNS540,1
COGNS540E,1
COGNS55,1
COGNS55E,1
COGNS570E,1
COGNS580,1
COGNS580E,1
COGNS60,1
COGNS610,1
COGNS610E,1
COGNS65E,1
COGNS660,1
COGNS690E,1
COGNS70,1
COGNS730,1
COGNS740,1
COGNS750,1
COGNS80,1
COGNS810,1
COGNS86E,1
COGNT100,1
COGNT110,1
COGNT130,1
COGNT15,1
COGNT173,1
COGNT195,1
COGNT230W1,1
COGNT280W2,1
COGNT300W2,1
COGNT310W1,1
COGNT418,1
COGNT443,1
COGNT473,1
COGNT540,1
COGNT583,1
COGNT603,1
COGNT763,1
COGNT803,1
COGNT813,1
COGNU158,1
COGNU163,1
COGNU168,1
COGNU173,1
COGNU193,1
COGNU198,1
COGNU208,1
COGNU353,1
COGNU388,1
COGNU408,1
COGNU433,1
COGNU448,1
COGNU703,1
COGNV283,1
COGNV500,1
COGNW2,1
COGNW228,1
COGNW300,1
COGNW35,1
CPFEA324,1
CPFEB329,1
CPFED330,1
CPFEG355,1
CPFEG355E,1
CPFEG365,1
CPFEG385,1
CPFEG390E,1
CPFEG395E,1
CPFEG405E,1
CPFEG437,1
CPFEH340,1
CPFEH400,1
CPFEI337,1
CPFEI367,1
CPFEI427,1
CPFEK392,1
CPFEL342,1
CPFER369,1
CPFES365,1
CPFES38E,1
CPFES39E,1
CPFES400,1
CPFES40E,1
CPFES415E,1
CPFES425E,1
CPFES435,1
CPFES435E,1
CPFES457,1
CPFET370,1
CPFEU380,1
CPFEU387,1
CPFEU390,1
CPFEW367,1
CPLEA90,1
CPLEB90,1
CPLEC899,1
CPLEE900,1
CPLEF767,1
CPLEF927,1
CPLEG10,1
CPLEG103E,1
CPLEG105E,1
CPLEG108E,1
CPLEG109E,1
CPLEG10E,1
CPLEG113E,1
CPLEG115E,1
CPLEG118E,1
CPLEG119E,1
CPLEG12,1
CPLEG120,1
CPLEG84,1
CPLEG84E,1
CPLEG866E,1
CPLEG88,1
CPLEG88E,1
CPLEG90,1
CPLEG900,1
CPLEG900E,1
CPLEG92,1
CPLEG92E,1
CPLEG960E,1
CPLEG98E,1
CPLEG99E,1
CPLEH125,1
CPLEH143,1
CPLEH876,1
CPLEH900,1
CPLEH951,1
CPLEI140,1
CPLEI170,1
CPLEI796,1
CPLEI900,1
CPLEI936,1
CPLEK900,1
CPLEL139,1
CPLEN90,1
CPLES100,1
CPLES105,1
CPLES108,1
CPLES109,1
CPLES115,1
CPLES123E,1
CPLES125E,1
CPLES128E,1
CPLES129E,1
CPLES133E,1
CPLES135E,1
CPLES139E,1
CPLES142,1
CPLES149E,1
CPLET103,1
CPLET846,1
CPLEU118,1
CPLEU123,1
CPLEU150,1
CPLEV103,1
CPLEV108,1
CPLEW105,1
CPLEX149,1
CPLEX932,1
CRDA34,1
CRPG5T,1
CSANA180,1
CSANA800,1
CSAND140,1
CSAND710,1
CSAND80,1
CSANE120,1
CSANF160,1
CSANG102,1
CSANG560W4E,1
CSANG580W4E,1
CSANG600,1
CSANG600W4E,1
CSANG620W1E,1
CSANG620W2,1
CSANG620W2E,1
CSANG680W1E,1
CSANG700W1E,1
CSANG740W1,1
CSANG760W1,1
CSANG800,1
CSANG800W4,1
CSANG80E,1
CSANH130,1
CSANH535,1
CSANH600W4,1
CSANH620W5,1
CSANH660W5,1
CSANH680W5,1
CSANH720W1,1
CSANH760W1,1
CSANH760W5,1
CSANH865,1
CSANH925,1
CSANH965,1
CSANH975,1
CSANH995,1
CSANI142,1
CSANI144,1
CSANI18,1
CSANI535,1
CSANI555,1
CSANI565,1
CSANI885,1
CSANI935,1
CSANI965,1
CSANJ235,1
CSANJ600,1
CSANJ800,1
CSANJ950,1
CSANK287,1
CSANK570,1
CSANK600,1
CSANK780,1
CSANL105,1
CSANL120,1
CSANL900,1
CSANM16,1
CSANM182,1
CSANM24,1
CSANM590,1
CSANM750,1
CSANP140,1
CSANS100E,1
CSANS102E,1
CSANS105E,1
CSANS107E,1
CSANS110,1
CSANS110E,1
CSANS112E,1
CSANS115E,1
CSANS117E,1
CSANS120E,1
CSANS122E,1
CSANS125E,1
CSANS127E,1
CSANS129E,1
CSANS132E,1
CSANS136E,1
CSANS13E,1
CSANS142E,1
CSANS144,1
CSANS144E,1
CSANS146E,1
CSANS14E,1
CSANS150,1
CSANS156E,1
CSANS15E,1
CSANS164E,1
CSANS166E,1
CSANS16E,1
CSANS172E,1
CSANS174,1
CSANS174E,1
CSANS17E,1
CSANS197E,1
CSANS200E,1
CSANS300E,1
CSANS560,1
CSANS580,1
CSANS600E,1
CSANS610E,1
CSANS620E,1
CSANS620W4E,1
CSANS630E,1
CSANS640E,1
CSANS640W2E,1
CSANS640W4E,1
CSANS650E,1
CSANS660E,1
CSANS660W1,1
CSANS660W2E,1
CSANS660W4E,1
CSANS670E,1
CSANS680E,1
CSANS680W2E,1
CSANS680W4E,1
CSANS690E,1
CSANS700W2E,1
CSANS700W4E,1
CSANS70E,1
CSANS710E,1
CSANS720E,1
CSANS720W1E,1
CSANS720W2E,1
CSANS720W4E,1
CSANS730E,1
CSANS740E,1
CSANS750E,1
CSANS760E,1
CSANS770E,1
CSANS780E,1
CSANS780W4,1
CSANS790E,1
CSANS799E,1
CSANS810E,1
CSANS820E,1
CSANS830E,1
CSANS840E,1
CSANS850E,1
CSANS860E,1
CSANS870E,1
CSANS880E,1
CSANS890E,1
CSANS900E,1
CSANS910E,1
CSANS920E,1
CSANS930E,1
CSANS940E,1
CSANS950E,1
CSANS960E,1
CSANS965,1
CSANS965E,1
CSANS970E,1
CSANS980E,1
CSANS990E,1
CSANT135,1
CSANT140,1
CSANT150,1
CSANT158,1
CSANT17,1
CSANT178,1
CSANT20,1
CSANT223,1
CSANT230,1
CSANT275,1
CSANT430,1
CSANT475,1
CSANT520W5,1
CSANT540W5,1
CSANT560W5,1
CSANT580W4,1
CSANT600W5,1
CSANT680W4,1
CSANT985,1
CSANU102,1
CSANU125,1
CSANU132,1
CSANU140,1
CSANU145,1
CSANU150,1
CSANU154,1
CSANU460W1,1
CSANU480W1,1
CSANU500W1,1
CSANU520W1,1
CSANU755,1
CSANU765,1
CSANU775,1
CSANU865,1
CSANU875,1
CSANU915,1
CSANU935,1
CSANU955,1
CSANV103,1
CSANV118,1
CSANV200,1
CSANV500,1
CSANV510,1
CSANV760,1
CSANV780,1
CSANV920,1
CSANW12,1
CSANW520,1
CSANW780,1
CSANW800,1
CSANX125,1
CSANX130,1
CSANX180,1
CSANX210,1
CSANX900,1
CSMGB210,1
CSMGE38,1
CSMGF285,1
CSMGF295,1
CSMGG191,1
CSMGG206E,1
CSMGG208,1
CSMGG211E,1
CSMGG213,1
CSMGG216,1
CSMGG219E,1
CSMGG221E,1
CSMGG229E,1
CSMGG230E,1
CSMGG231E,1
CSMGG234E,1
CSMGG238E,1
CSMGG248E,1
CSMGG24E,1
CSMGG253E,1
CSMGG258E,1
CSMGG263E,1
CSMGG303,1
CSMGH225,1
CSMGH230,1
CSMGH232,1
CSMGH235,1
CSMGH320,1
CSMGI210,1
CSMGI222,1
CSMGI232,1
CSMGI237,1
CSMGI245,1
CSMGI312,1
CSMGI340,1
CSMGJ280,1
CSMGJ285,1
CSMGJ290,1
CSMGK300,1
CSMGL225,1
CSMGL230,1
CSMGL242,1
CSMGL280,1
CSMGM270,1
CSMGN210,1
CSMGR210,1
CSMGS221,1
CSMGS229,1
CSMGS246,1
CSMGS256,1
CSMGS265,1
CSMGS266E,1
CSMGS268E,1
CSMGS271E,1
CSMGS273E,1
CSMGS276E,1
CSMGS278E,1
CSMGS281,1
CSMGS283E,1
CSMGS286,1
CSMGS288,1
CSMGS288E,1
CSMGS290,1
CSMGS293,1
CSMGS293E,1
CSMGS298,1
CSMGS298E,1
CSMGT200,1
CSMGT245,1
CSMGU237,1
CSMGU270,1
CSMGU275,1
CSMGU282,1
CSMGU285,1
CSMGU287,1
CSMGV200,1
CSMGV235,1
CSMGV260,1
CSMGW265,1
CSMGX242,1
CSNAA13,1
CSNAC104,1
CSNAC114,1
CSNAC119,1
CSNAE100,1
CSNAE110,1
CSNAF857,1
CSNAG102,1
CSNAG105,1
CSNAG107,1
CSNAG135,1
CSNAG180,1
CSNAG570,1
CSNAG570E,1
CSNAG610E,1
CSNAG650E,1
CSNAG670,1
CSNAG670E,1
CSNAG690E,1
CSNAG700W1E,1
CSNAG700W4,1
CSNAG700W4E,1
CSNAG710E,1
CSNAG720W1E,1
CSNAG730E,1
CSNAG740W1E,1
CSNAG740W2E,1
CSNAG750E,1
CSNAG760W1E,1
CSNAG760W2E,1
CSNAG760W4E,1
CSNAG770E,1
CSNAG780W1E,1
CSNAG780W2E,1
CSNAG780W4E,1
CSNAG800W1E,1
CSNAG800W2E,1
CSNAG800W4E,1
CSNAG820W1E,1
CSNAG820W2E,1
CSNAG820W4E,1
CSNAG840W1,1
CSNAG860W1,1
CSNAG860W2,1
CSNAG900W2,1
CSNAG920W4,1
CSNAH100W4,1
CSNAH680W1,1
CSNAH700W1,1
CSNAH760W1,1
CSNAH760W2,1
CSNAH780W2,1
CSNAH820W4,1
CSNAH820W5,1
CSNAH880W5,1
CSNAH920W4,1
CSNAH940W5,1
CSNAH960W1,1
CSNAI219,1
CSNAI389,1
CSNAI599,1
CSNAI619,1
CSNAI789,1
CSNAI840W1,1
CSNAI849,1
CSNAJ109,1
CSNAJ15,1
CSNAJ719,1
CSNAJ909,1
CSNAL100,1
CSNAL800,1
CSNAL850,1
CSNAO20,1
CSNAP800,1
CSNAQ140,1
CSNAQ900,1
CSNAR110,1
CSNAR16,1
CSNAR18,1
CSNAR857,1
CSNAS100E,1
CSNAS102E,1
CSNAS105E,1
CSNAS107E,1
CSNAS110E,1
CSNAS112E,1
CSNAS115E,1
CSNAS117E,1
CSNAS120E,1
CSNAS122E,1
CSNAS125E,1
CSNAS127E,1
CSNAS137E,1
CSNAS142E,1
CSNAS147,1
CSNAS147E,1
CSNAS150E,1
CSNAS152,1
CSNAS152E,1
CSNAS155E,1
CSNAS157E,1
CSNAS160E,1
CSNAS162E,1
CSNAS175E,1
CSNAS700W1,1
CSNAS720W1,1
CSNAS720W4,1
CSNAS790E,1
CSNAS800,1
CSNAS810E,1
CSNAS830E,1
CSNAS840W1E,1
CSNAS840W2E,1
CSNAS840W4E,1
CSNAS850E,1
CSNAS860W1E,1
CSNAS860W2E,1
CSNAS860W4E,1
CSNAS870E,1
CSNAS880W1,1
CSNAS880W4E,1
CSNAS890E,1
CSNAS900E,1
CSNAS900W1E,1
CSNAS900W4E,1
CSNAS910E,1
CSNAS920W4,1
CSNAS920W4E,1
CSNAS930E,1
CSNAS940E,1
CSNAS950E,1
CSNAS970E,1
CSNAS990E,1
CSNAT118,1
CSNAT128,1
CSNAT172,1
CSNAT182,1
CSNAT399,1
CSNAT640W1,1
CSNAT640W2,1
CSNAT660W2,1
CSNAT700W2,1
CSNAT780W4,1
CSNAT780W5,1
CSNAT860W2,1
CSNAT900W2,1
CSNAT940W2,1
CSNAU105,1
CSNAU140,1
CSNAU160,1
CSNAU389,1
CSNAU519,1
CSNAU559,1
CSNAU619,1
CSNAU729,1
CSNAU980,1
CSNAV124,1
CSNAV144,1
CSNAV529,1
CSNAV609,1
CSNAV689,1
CSNAV849,1
CSNAV989,1
CSNAW132,1
CSNAW179,1
CSNAW858,1
CSNAX110,1
CSNAX950,1
CTAX3T,1
CURY3Q,1
CURYG258,1
CURYG273,1
CURYG276,1
CURYG288,1
CURYG293E,1
CURYH233,1
CURYH323,1
CURYH368,1
CURYI288,1
CURYI303,1
CURYK200,1
CURYS268,1
CURYS276,1
CURYS278,1
CURYS298E,1
CURYS303E,1
CURYS331,1
CURYT328,1
CURYU258,1
CURYU278,1
CURYU288,1
CURYU293,1
CURYU298,1
CVCBA200,1
CVCBA600,1
CVCBB200,1
CVCBB50,1
CVCBE400,1
CVCBF449,1
CVCBG105E,1
CVCBG110,1
CVCBG125E,1
CVCBG140,1
CVCBG140E,1
CVCBG150E,1
CVCBG165,1
CVCBG180,1
CVCBG185,1
CVCBG185E,1
CVCBG195,1
CVCBG205E,1
CVCBG20E,1
CVCBG210E,1
CVCBG215E,1
CVCBG220E,1
CVCBG225E,1
CVCBG230E,1
CVCBG235E,1
CVCBG320,1
CVCBG330,1
CVCBG450,1
CVCBG450E,1
CVCBG650,1
CVCBG650E,1
CVCBG950E,1
CVCBH115,1
CVCBH130,1
CVCBH140,1
CVCBH155,1
CVCBH165,1
CVCBH190,1
CVCBH35,1
CVCBH360,1
CVCBH450,1
CVCBH950,1
CVCBI130,1
CVCBI200,1
CVCBI430,1
CVCBJ230,1
CVCBJ249,1
CVCBJ280,1
CVCBJ50,1
CVCBK330,1
CVCBM500,1
CVCBN300,1
CVCBR200,1
CVCBS100E,1
CVCBS104,1
CVCBS135,1
CVCBS194,1
CVCBS195,1
CVCBS240E,1
CVCBS249E,1
CVCBS255E,1
CVCBS260E,1
CVCBS270E,1
CVCBS280E,1
CVCBS290E,1
CVCBS300E,1
CVCBS310E,1
CVCBS320E,1
CVCBS330,1
CVCBS330E,1
CVCBS340E,1
CVCBS35E,1
CVCBS360E,1
CVCBS370E,1
CVCBS380,1
CVCBS380E,1
CVCBS400E,1
CVCBS410E,1
CVCBS430,1
CVCBS440E,1
CVCBS460,1
CVCBS480,1
CVCBS480E,1
CVCBS580,1
CVCBS600,1
CVCBS660,1
CVCBS720,1
CVCBS800,1
CVCBT100,1
CVCBT155,1
CVCBT160,1
CVCBT165,1
CVCBT170,1
CVCBT180,1
CVCBT19,1
CVCBT30,1
CVCBT310,1
CVCBT320,1
CVCBT449,1
CVCBT450,1
CVCBT520,1
CVCBT620,1
CVCBT680,1
CVCBT70,1
CVCBT780,1
CVCBU115,1
CVCBU155,1
CVCBU165,1
CVCBU205,1
CVCBU290,1
CVCBU820,1
CVCBV210,1
CVCBV249,1
CVCBV260,1
CVCBV50,1
CVCBV840,1
CVCBX499,1
CXSEA150,1
CXSEB155,1
CXSEC1,1
CXSEC154,1
CXSEC186,1
CXSEC2,1
CXSED1,1
CXSED136,1
CXSEE162,1
CXSEG125E,1
CXSEG130E,1
CXSEG134,1
CXSEG135,1
CXSEG139E,1
CXSEG140,1
CXSEG140E,1
CXSEG165,1
CXSEG170,1
CXSEH115,1
CXSEH125,1
CXSEH135,1
CXSEI135,1
CXSEI137,1
CXSEI175,1
CXSEJ13,1
CXSEJ134,1
CXSEJ151,1
CXSEJ157,1
CXSEJ171,1
CXSEK146,1
CXSEK150,1
CXSEL137,1
CXSEL177,1
CXSEM131,1
CXSEM150,1
CXSEN136,1
CXSEN149,1
CXSEO132,1
CXSEO140,1
CXSEO144,1
CXSEO149,1
CXSEP15,1
CXSEP2,1
CXSER147,1
CXSES130,1
CXSES134,1
CXSES137,1
CXSES145E,1
CXSES147E,1
CXSES150E,1
CXSES151E,1
CXSES152E,1
CXSES157E,1
CXSES160E,1
CXSES162E,1
CXSES165,1
CXSES165E,1
CXSES170E,1
CXSES200,1
CXSES200E,1
CXSET115,1
CXSET123,1
CXSET160,1
CXSET162,1
CXSET165,1
CXSET200,1
CXSEU113,1
CXSEU15,1
CXSEV134,1
CXSEV151,1
CXSEW130,1
CXSEW132,1
CXSEW145,1
CXSEW150,1
CXSEW152,1
CXSEX147,1
CYRE3Q,1
CYREB300,1
CYRED24,1
CYREG180,1
CYREG185,1
CYREG195,1
CYREG200E,1
CYREG205E,1
CYREG210E,1
CYREG215E,1
CYREG220E,1
CYREG225E,1
CYREG230E,1
CYREG235E,1
CYREG237E,1
CYREG240E,1
CYREG242E,1
CYREG245E,1
CYREG247E,1
CYREG250E,1
CYREG255E,1
CYREG260E,1
CYREG261E,1
CYREG262E,1
CYREG265E,1
CYREG270E,1
CYREG275E,1
CYREG300,1
CYREG314,1
CYREG315,1
CYREH169,1
CYREH190,1
CYREH254E,1
CYREI199,1
CYREI211,1
CYREI224,1
CYREI510,1
CYREJ229,1
CYREJ249,1
CYREJ304,1
CYREJ314,1
CYREK244,1
CYREK274,1
CYREL249,1
CYREL510,1
CYRES175,1
CYRES190,1
CYRES205,1
CYRES230,1
CYRES237,1
CYRES280E,1
CYRES285E,1
CYRES290,1
CYRES290E,1
CYRES295,1
CYRES295E,1
CYRES300E,1
CYRES310,1
CYRES310E,1
CYRET154,1
CYREU194,1
CYREU204,1
CYREU299,1
CYREV190,1
CYREV239,1
CYREV269,1
CYREW254,1
DASAG200,1
DASAJ140,1
DASAJ160,1
DASAJ170,1
DASAS150E,1
DEFI11T,1
DIRRB27,1
DIRRB270,1
DIRRG237E,1
DIRRG330,1
DIRRG332E,1
DIRRG340,1
DIRRG345E,1
DIRRG350,1
DIRRG365,1
DIRRG375E,1
DIRRG390E,1
DIRRG395E,1
DIRRG407E,1
DIRRG410E,1
DIRRG417E,1
DIRRG420E,1
DIRRG460,1
DIRRH375,1
DIRRH410,1
DIRRI330,1
DIRRI385,1
DIRRI400,1
DIRRI417,1
DIRRJ470,1
DIRRS330,1
DIRRS375,1
DIRRS382,1
DIRRS400,1
DIRRS405,1
DIRRS425E,1
DIRRS430E,1
DIRRS435E,1
DIRRS445E,1
DIRRT380,1
DIRRT435,1
DIRRT445,1
DIRRT465,1
DIRRU345,1
DIRRU375,1
DIRRU385,1
DIRRU415,1
DIRRV350,1
DIRRV400,1
DIVS12,1
DXCOA549,1
DXCOB140,1
DXCOD600,1
DXCOG504,1
DXCOG514,1
DXCOG524,1
DXCOG600,1
DXCOG609,1
DXCOH549,1
DXCOI559,1
DXCOI579,1
DXCOJ619,1
DXCOS105E,1
DXCOS115E,1
DXCOS120,1
DXCOS524,1
DXCOS524E,1
DXCOS534,1
DXCOS534E,1
DXCOS544,1
DXCOS544E,1
DXCOS554E,1
DXCOS574E,1
DXCOS584E,1
DXCOS600E,1
DXCOS609E,1
DXCOS659,1
DXCOS759E,1
DXCOS959E,1
DXCOT549,1
DXCOT609,1
DXCOT639,1
DXCOT779,1
DXCOU459,1
DXCOU549,1
DXCOU749,1
DXCOV529,1
DXCOW140,1
E1DI34,1
E1SE34,1
E1VR34,1
E1XP34,1
E2LS34,1
E2NO34,1
ECORG215,1
ECORG405,1
ECORG550,1
ECORG560,1
ECORG590,1
ECORG620E,1
ECORG640E,1
ECORG660E,1
ECORH255,1
ECORH405,1
ECORH560,1
ECORH620,1
ECORI610,1
ECORI640,1
ECORI670,1
ECORI710,1
ECORJ760,1
ECORK780,1
ECORL700,1
ECORL920,1
ECORS100E,1
ECORS112,1
ECORS140E,1
ECORS600,1
ECORS620,1
ECORS640,1
ECORS680E,1
ECORS700E,1
ECORS720E,1
ECORS730E,1
ECORS740E,1
ECORS760E,1
ECORS780E,1
ECORS800,1
ECORS800E,1
ECORS850E,1
ECORS950,1
ECORT102,1
ECORT750,1
ECORT760,1
ECORT800,1
ECORT880,1
ECORT910,1
ECORU710,1
ECORU740,1
ECORV105,1
ECORV700,1
ECORW680,1
ECORX102,1
ECORX150,1
ECORX700,1
EGIEB400,1
EGIED380E,1
EGIED440,1
EGIED440E,1
EGIEG340E,1
EGIEG347,1
EGIEG347E,1
EGIEG352,1
EGIEG352E,1
EGIEG360E,1
EGIEG370E,1
EGIEG375E,1
EGIEG382E,1
EGIEG383E,1
EGIEG390E,1
EGIEG393E,1
EGIEG395E,1
EGIEG400E,1
EGIEG430E,1
EGIEG440E,1
EGIEG490,1
EGIEH347,1
EGIEH372,1
EGIEH382E,1
EGIEH422E,1
EGIEH427E,1
EGIEI376,1
EGIEI391,1
EGIEK390,1
EGIEL480,1
EGIES380,1
EGIES382,1
EGIES425E,1
EGIES430E,1
EGIES435E,1
EGIES440E,1
EGIES445E,1
EGIES450E,1
EGIES456E,1
EGIES460E,1
EGIES466E,1
EGIES46E,1
EGIES470E,1
EGIES475,1
EGIES475E,1
EGIES481E,1
EGIES485,1
EGIES485E,1
EGIET337,1
EGIET500,1
EGIEX376,1
EGIEX383,1
ELETA35,1
ELETB39,1
ELETE35,1
ELETG341,1
ELETG350,1
ELETG351,1
ELETG356,1
ELETG356E,1
ELETG358E,1
ELETG363E,1
ELETG366,1
ELETG38,1
ELETG381,1
ELETG381E,1
ELETG382E,1
ELETG386,1
ELETG386E,1
ELETG388E,1
ELETG39,1
ELETG391,1
ELETG391E,1
ELETG393E,1
ELETG396E,1
ELETG39E,1
ELETG404E,1
ELETG414E,1
ELETG419E,1
ELETG424E,1
ELETG42E,1
ELETG458,1
ELETG468,1
ELETG478,1
ELETG482,1
ELETG484,1
ELETG494,1
ELETH333,1
ELETH348,1
ELETH35,1
ELETH350,1
ELETH356,1
ELETH361,1
ELETH373,1
ELETH390,1
ELETH466,1
ELETH473,1
ELETH528,1
ELETH538,1
ELETH618,1
ELETI352,1
ELETI451,1
ELETI456,1
ELETI461,1
ELETI466,1
ELETI471,1
ELETI535,1
ELETI585,1
ELETJ401,1
ELETJ403,1
ELETJ428,1
ELETJ430,1
ELETJ443,1
ELETJ453,1
ELETJ458,1
ELETJ483,1
ELETJ498,1
ELETK408,1
ELETK422,1
ELETL389,1
ELETL398,1
ELETL408,1
ELETL442,1
ELETL495,1
ELETM661,1
ELETN1,1
ELETP452,1
ELETQ39,1
ELETR389,1
ELETS376,1
ELETS398E,1
ELETS401E,1
ELETS403E,1
ELETS406E,1
ELETS408E,1
ELETS409,1
ELETS411E,1
ELETS413E,1
ELETS416E,1
ELETS418E,1
ELETS421E,1
ELETS423E,1
ELETS426E,1
ELETS428E,1
ELETS429E,1
ELETS430E,1
ELETS431E,1
ELETS433E,1
ELETS435E,1
ELETS436E,1
ELETS438E,1
ELETS439E,1
ELETS440E,1
ELETS441E,1
ELETS443E,1
ELETS444E,1
ELETS446E,1
ELETS448,1
ELETS448E,1
ELETS449E,1
ELETS450E,1
ELETS451,1
ELETS451E,1
ELETS453E,1
ELETS454E,1
ELETS456,1
ELETS456E,1
ELETS458E,1
ELETS459E,1
ELETS460E,1
ELETS461E,1
ELETS464E,1
ELETS468,1
ELETS468E,1
ELETS469E,1
ELETS46E,1
ELETS474E,1
ELETS476,1
ELETS479E,1
ELETS484E,1
ELETS486E,1
ELETS489E,1
ELETS494,1
ELETS494E,1
ELETS496E,1
ELETS516E,1
ELETS535,1
ELETS535E,1
ELETS551,1
ELETS551E,1
ELETT301,1
ELETT326,1
ELETT331,1
ELETT343,1
ELETT346,1
ELETT36,1
ELETT4,1
ELETT437,1
ELETT443,1
ELETT446,1
ELETT46,1
ELETT473,1
ELETT475,1
ELETT476,1
ELETT480,1
ELETT494,1
ELETT510,1
ELETT521,1
ELETT625,1
ELETT7,1
ELETT750,1
ELETU281,1
ELETU44,1
ELETU45,1
ELETU451,1
ELETU455,1
ELETU47,1
ELETV333,1
ELETV343,1
ELETV348,1
ELETV353,1
ELETV407,1
ELETV438,1
ELETW376,1
ELETX370,1
ELETX383,1
ELETX398,1
ELETX421,1
ELETX495,1
EMAE3,1
EMAE3F,1
EMBR3Q,1
EMBRA610,1
EMBRA734,1
EMBRA850,1
EMBRB610,1
EMBRD730,1
EMBRE65,1
EMBRE680,1
EMBRG266E,1
EMBRG271,1
EMBRG271E,1
EMBRG279E,1
EMBRG494,1
EMBRG499E,1
EMBRG539E,1
EMBRG560E,1
EMBRG570E,1
EMBRG580,1
EMBRG590E,1
EMBRG600,1
EMBRG600E,1
EMBRG605E,1
EMBRG610E,1
EMBRG615,1
EMBRG615E,1
EMBRG620E,1
EMBRG620W4,1
EMBRG620W4E,1
EMBRG630E,1
EMBRG630W4E,1
EMBRG640E,1
EMBRG640W4E,1
EMBRG644E,1
EMBRG650E,1
EMBRG650W1E,1
EMBRG650W4E,1
EMBRG654,1
EMBRG654E,1
EMBRG660E,1
EMBRG660W1,1
EMBRG660W2E,1
EMBRG660W4E,1
EMBRG664,1
EMBRG664E,1
EMBRG670E,1
EMBRG670W2,1
EMBRG674E,1
EMBRG680E,1
EMBRG680W1,1
EMBRG680W1E,1
EMBRG680W2E,1
EMBRG690W1,1
EMBRG690W1E,1
EMBRG690W2,1
EMBRG690W2E,1
EMBRG700W1E,1
EMBRG700W2,1
EMBRG700W2E,1
EMBRG710W1,1
EMBRG710W1E,1
EMBRG710W2,1
EMBRG710W2E,1
EMBRG720W1E,1
EMBRG720W2E,1
EMBRG730W1E,1
EMBRG730W2E,1
EMBRG740W1E,1
EMBRG740W2E,1
EMBRG750W1E,1
EMBRG760W1E,1
EMBRG770W1E,1
EMBRG780W1E,1
EMBRG790W1E,1
EMBRG800W1E,1
EMBRG810W1E,1
EMBRG820W1E,1
EMBRG830W1E,1
EMBRG830W4,1
EMBRH570,1
EMBRH610,1
EMBRH610W1,1
EMBRH620W1,1
EMBRH630W2,1
EMBRH700W5,1
EMBRH760W5,1
EMBRH770W4,1
EMBRH790W4,1
EMBRH810W4,1
EMBRH820W4,1
EMBRH830W2,1
EMBRH830W5,1
EMBRH850W5,1
EMBRH880W4,1
EMBRH910W4,1
EMBRI281,1
EMBRI614,1
EMBRI619,1
EMBRI884,1
EMBRJ115,1
EMBRJ271,1
EMBRJ510,1
EMBRJ560,1
EMBRJ689,1
EMBRJ704,1
EMBRJ744,1
EMBRJ769,1
EMBRJ839,1
EMBRK749,1
EMBRL209,1
EMBRL63,1
EMBRP580,1
EMBRP630,1
EMBRP670,1
EMBRQ790,1
EMBRS100E,1
EMBRS106E,1
EMBRS10E,1
EMBRS117E,1
EMBRS143E,1
EMBRS499,1
EMBRS570W2,1
EMBRS580W1,1
EMBRS580W2,1
EMBRS620W2,1
EMBRS660W1,1
EMBRS670W4E,1
EMBRS680W4E,1
EMBRS690E,1
EMBRS690W1,1
EMBRS690W4E,1
EMBRS694E,1
EMBRS700E,1
EMBRS700W1,1
EMBRS700W4E,1
EMBRS710E,1
EMBRS710W1,1
EMBRS710W4E,1
EMBRS720E,1
EMBRS720W4E,1
EMBRS730E,1
EMBRS730W4E,1
EMBRS734E,1
EMBRS740E,1
EMBRS740W4E,1
EMBRS744E,1
EMBRS750E,1
EMBRS750W2E,1
EMBRS750W4E,1
EMBRS754E,1
EMBRS760E,1
EMBRS760W2E,1
EMBRS760W4E,1
EMBRS770E,1
EMBRS770W2E,1
EMBRS780E,1
EMBRS780W2E,1
EMBRS780W4E,1
EMBRS790E,1
EMBRS790W2E,1
EMBRS790W4E,1
EMBRS799E,1
EMBRS800W2E,1
EMBRS800W4E,1
EMBRS809E,1
EMBRS810W2E,1
EMBRS810W4E,1
EMBRS819E,1
EMBRS820W2E,1
EMBRS820W4E,1
EMBRS829E,1
EMBRS830W2E,1
EMBRS830W4E,1
EMBRS839E,1
EMBRS840W2E,1
EMBRS840W4E,1
EMBRS849E,1
EMBRS850W2E,1
EMBRS860E,1
EMBRS879E,1
EMBRS900E,1
EMBRS950E,1
EMBRT129,1
EMBRT286,1
EMBRT590W2,1
EMBRT660W5,1
EMBRT670W5,1
EMBRT760W5,1
EMBRT810W2,1
EMBRT810W4,1
EMBRT820W5,1
EMBRT850W2,1
EMBRT889,1
EMBRU274,1
EMBRU804,1
EMBRU809,1
EMBRU819,1
EMBRU834,1
EMBRU839,1
EMBRU844,1
EMBRU849,1
EMBRU854,1
EMBRU859,1
EMBRU864,1
EMBRU869,1
EMBRU879,1
EMBRU884,1
EMBRU894,1
EMBRV469,1
EMBRV499,1
EMBRV519,1
EMBRV689,1
EMBRV779,1
EMBRV784,1
EMBRW709,1
EMBRW719,1
EMBRX63,1
EMBRX640,1
EMBRX65,1
EMBRX650,1
ENEV3Q,1
ENEVB109,1
ENEVG105,1
ENEVG105E,1
ENEVG110,1
ENEVG110E,1
ENEVG112,1
ENEVG112E,1
ENEVG115E,1
ENEVG120E,1
ENEVG122E,1
ENEVG125,1
ENEVG125E,1
ENEVG127E,1
ENEVG130E,1
ENEVG132E,1
ENEVG135E,1
ENEVH105,1
ENEVH11,1
ENEVH117,1
ENEVH122,1
ENEVH165,1
ENEVI112,1
ENEVI120,1
ENEVI132,1
ENEVI155,1
ENEVK137,1
ENEVS117,1
ENEVS122,1
ENEVS137E,1
ENEVS140E,1
ENEVS142E,1
ENEVS145,1
ENEVS145E,1
ENEVS150,1
ENEVS150E,1
ENEVS155,1
ENEVS155E,1
ENEVS160E,1
ENEVT155,1
ENEVU117,1
ENEVU132,1
ENEVU145,1
ENEVV200,1
ENGIG371,1
ENGIG371E,1
ENGIG381,1
ENGIG381E,1
ENGIG386,1
ENGIG391E,1
ENGIG401,1
ENGIG401E,1
ENGIG411E,1
ENGIG431E,1
ENGIG451E,1
ENGIG501,1
ENGIH376,1
ENGIH401,1
ENGIH406,1
ENGIH411,1
ENGIH413,1
ENGIH416,1
ENGIH426,1
ENGIH441,1
ENGII391,1
ENGIS416,1
ENGIS436,1
ENGIS453E,1
ENGIS456E,1
ENGIS461E,1
ENGIS465E,1
ENGIS471E,1
ENGIS475E,1
ENGIS481E,1
ENGIS486E,1
ENGIS490,1
ENGIS490E,1
ENGIS501,1
ENGIS501E,1
ENGIS521,1
ENGIS521E,1
ENGIT396,1
ENGIT401,1
ENGIT411,1
ENGIT413,1
ENGIT416,1
ENGIT421,1
ENGIT491,1
ENGIT511,1
ENGIT521,1
ENGIU401,1
ENGIU466,1
ENGIU491,1
ENJUG130,1
ENJUI120,1
ENJUS120E,1
EQPA5,1
EQPA6,1
EQPA7,1
EQTLB279,1
EQTLG285E,1
EQTLG291E,1
EQTLG295,1
EQTLG295E,1
EQTLG297,1
EQTLG300,1
EQTLG300E,1
EQTLG305E,1
EQTLG307E,1
EQTLG310,1
EQTLG310E,1
EQTLG312E,1
EQTLG315E,1
EQTLG317E,1
EQTLG320E,1
EQTLG322,1
EQTLG325E,1
EQTLG327E,1
EQTLG332,1
EQTLG335,1
EQTLG335E,1
EQTLG337,1
EQTLG337E,1
EQTLG347E,1
EQTLG393,1
EQTLG405,1
EQTLG411,1
EQTLH302,1
EQTLH310,1
EQTLH322,1
EQTLH330,1
EQTLH332,1
EQTLH337,1
EQTLH400,1
EQTLH403,1
EQTLH410,1
EQTLH423,1
EQTLH480,1
EQTLI300,1
EQTLI320,1
EQTLI322,1
EQTLI335,1
EQTLI342,1
EQTLJ338,1
EQTLJ370,1
EQTLJ388,1
EQTLL372,1
EQTLL390,1
EQTLL392,1
EQTLR299,1
EQTLR30,1
EQTLR36,1
EQTLS295,1
EQTLS315,1
EQTLS322,1
EQTLS332,1
EQTLS350E,1
EQTLS352E,1
EQTLS355E,1
EQTLS357E,1
EQTLS360E,1
EQTLS362E,1
EQTLS365E,1
EQTLS367E,1
EQTLS370E,1
EQTLS372,1
EQTLS372E,1
EQTLS375E,1
EQTLS377,1
EQTLS377E,1
EQTLS380E,1
EQTLS382,1
EQTLS382E,1
EQTLS385,1
EQTLS385E,1
EQTLS387E,1
EQTLS390E,1
EQTLS392E,1
EQTLS395,1
EQTLS397E,1
EQTLS405,1
EQTLS407,1
EQTLS407E,1
EQTLS460,1
EQTLS460E,1
EQTLT168,1
EQTLT218,1
EQTLT307,1
EQTLT37,1
EQTLT370,1
EQTLT390,1
EQTLT395,1
EQTLT415,1
EQTLU300,1
EQTLU353,1
EQTLU363,1
EQTLU368,1
EQTLU398,1
EQTLV32,1
EQTLV343,1
EQTLV358,1
EQTLV365,1
EQTLW353,1
EQTLX300,1
EQTLX330,1
EQTLX370,1
EQTLX372,1
EQTLX375,1
ESPAG100,1
ESPAG100E,1
ESPAG110,1
ESPAG110E,1
ESPAG130,1
ESPAH110,1
ESPAH120,1
ESPAH140,1
ESPAL100,1
ESPAS110,1
ESUD11F,1
EUCA4T,1
EVENG640,1
EVENG680,1
EVENG680E,1
EVENG700E,1
EVENH650,1
EVENI720,1
EVENI760,1
EVENS660,1
EVENS740E,1
EVENT600,1
EVENT620,1
EVENT640,1
EVENT650,1
EVENT680,1
EVENT700,1
EVENT710,1
EVENU660,1
EZTCB11,1
EZTCG120,1
EZTCG125E,1
EZTCG130E,1
EZTCG13E,1
EZTCI123,1
EZTCJ132,1
EZTCJ147,1
EZTCJ152,1
EZTCL205,1
EZTCL225,1
EZTCR132,1
EZTCS120,1
EZTCS133E,1
EZTCS135E,1
EZTCS140E,1
EZTCS143E,1
EZTCS150E,1
EZTCS153E,1
EZTCS17,1
EZTCS17E,1
EZTCS180,1
EZTCS210E,1
EZTCS257,1
EZTCT103,1
EZTCT118,1
EZTCT158,1
EZTCT168,1
EZTCT170,1
EZTCT173,1
EZTCT178,1
EZTCT986,1
EZTCU112,1
EZTCU163,1
EZTCV205,1
EZTCW127,1
EZTCX225,1
FESAG720,1
FESAG740,1
FESAG780,1
FESAH740,1
FESAS660,1
FESAS680E,1
FESAS720E,1
FESAT620,1
FHER3T,1
FICT3T,1
FIEI3T,1
FIQE3T,1
FLRY3T,1
FLRYA14,1
FLRYA147,1
FLRYB1,1
FLRYB220,1
FLRYB848,1
FLRYG112,1
FLRYG117,1
FLRYG117E,1
FLRYG119E,1
FLRYG125E,1
FLRYG145,1
FLRYG147,1
FLRYG958,1
FLRYH120,1
FLRYH185,1
FLRYH200,1
FLRYH968,1
FLRYI173,1
FLRYI186,1
FLRYJ170,1
FLRYK155,1
FLRYL146,1
FLRYL19,1
FLRYN1,1
FLRYO141,1
FLRYO190,1
FLRYR142,1
FLRYS120,1
FLRYS127E,1
FLRYS130E,1
FLRYS132E,1
FLRYS135,1
FLRYS135E,1
FLRYS137,1
FLRYS137E,1
FLRYS140E,1
FLRYS142E,1
FLRYS145E,1
FLRYS147,1
FLRYS14E,1
FLRYS150E,1
FLRYS165,1
FLRYS165E,1
FLRYT160,1
FLRYT170,1
FLRYV119,1
FLRYV170,1
FLRYW120,1
FLRYW127,1
FLRYX146,1
FRAS3T,1
G1PC34,1
GARE11Q,1
GFSAA300,1
GFSAD30,1
GFSAD45,1
GFSAE300,1
GFSAG150,1
GFSAG20,1
GFSAG20E,1
GFSAG80E,1
GFSAH120,1
GFSAH355,1
GFSAJ500,1
GFSAL30,1
GFSAS100E,1
GFSAS140E,1
GFSAS150E,1
GFSAS230,1
GFSAS230E,1
GFSAS90E,1
GFSAT155,1
GFSAT355,1
GFSAU120,1
GFSAX35,1
GGBRA187,1
GGBRA200,1
GGBRD180,1
GGBRE190,1
GGBRF171,1
GGBRF200,1
GGBRF22,1
GGBRF230,1
GGBRG123,1
GGBRG123E,1
GGBRG126E,1
GGBRG136,1
GGBRG136E,1
GGBRG138E,1
GGBRG141,1
GGBRG141E,1
GGBRG143E,1
GGBRG145W1,1
GGBRG145W1E,1
GGBRG145W2E,1
GGBRG146E,1
GGBRG148E,1
GGBRG150W2E,1
GGBRG150W4E,1
GGBRG151E,1
GGBRG153E,1
GGBRG155W1E,1
GGBRG155W2E,1
GGBRG155W4E,1
GGBRG156E,1
GGBRG158E,1
GGBRG160W1E,1
GGBRG160W2E,1
GGBRG160W4E,1
GGBRG161E,1
GGBRG163W1E,1
GGBRG165W1E,1
GGBRG165W2E,1
GGBRG165W4E,1
GGBRG170W4E,1
GGBRG185W2,1
GGBRG190W4,1
GGBRG198,1
GGBRG211,1
GGBRG213,1
GGBRG218,1
GGBRG310,1
GGBRG380,1
GGBRH137,1
GGBRH140,1
GGBRH145W1,1
GGBRH159W4,1
GGBRH167W4,1
GGBRH169W4,1
GGBRH190W5,1
GGBRH195W5,1
GGBRH199W4,1
GGBRH200W1,1
GGBRH205W1,1
GGBRH205W5,1
GGBRH210W1,1
GGBRH216,1
GGBRH237,1
GGBRI136,1
GGBRI138,1
GGBRI165W4,1
GGBRI180W1,1
GGBRI180W4,1
GGBRI212,1
GGBRI220,1
GGBRI222,1
GGBRI225,1
GGBRI227,1
GGBRI230,1
GGBRJ152,1
GGBRJ225,1
GGBRJ230,1
GGBRK160,1
GGBRK182,1
GGBRK195,1
GGBRL153,1
GGBRL165,1
GGBRL167,1
GGBRL191,1
GGBRL207,1
GGBRL247,1
GGBRL270,1
GGBRN260,1
GGBRS120,1
GGBRS120W2,1
GGBRS135W2,1
GGBRS145W1,1
GGBRS155W4,1
GGBRS163E,1
GGBRS166E,1
GGBRS168E,1
GGBRS170W1E,1
GGBRS170W2E,1
GGBRS171E,1
GGBRS174E,1
GGBRS175W1,1
GGBRS175W1E,1
GGBRS175W2E,1
GGBRS175W4E,1
GGBRS176E,1
GGBRS178E,1
GGBRS180,1
GGBRS180W4E,1
GGBRS181E,1
GGBRS183E,1
GGBRS186E,1
GGBRS188E,1
GGBRS190W2E,1
GGBRS191E,1
GGBRS193E,1
GGBRS195W1E,1
GGBRS196E,1
GGBRS198,1
GGBRS200W2E,1
GGBRS200W4E,1
GGBRS201E,1
GGBRS205W1E,1
GGBRS206E,1
GGBRS208,1
GGBRS210W2E,1
GGBRS211E,1
GGBRS213E,1
GGBRS216E,1
GGBRS221,1
GGBRS223E,1
GGBRS228E,1
GGBRS238,1
GGBRS245,1
GGBRS245E,1
GGBRS247E,1
GGBRS255E,1
GGBRS300E,1
GGBRS320,1
GGBRS320E,1
GGBRS380,1
GGBRS887,1
GGBRT109,1
GGBRT114,1
GGBRT130W2,1
GGBRT132,1
GGBRT134W4,1
GGBRT135W1,1
GGBRT135W2,1
GGBRT135W5,1
GGBRT139W4,1
GGBRT144W4,1
GGBRT145W5,1
GGBRT149W4,1
GGBRT160W5,1
GGBRT180W2,1
GGBRT185W2,1
GGBRT190W2,1
GGBRT195W2,1
GGBRT206,1
GGBRT210W1,1
GGBRT213,1
GGBRT217,1
GGBRT222,1
GGBRT227,1
GGBRT231,1
GGBRT237,1
GGBRT240,1
GGBRT250,1
GGBRT261,1
GGBRT275,1
GGBRT300,1
GGBRU136,1
GGBRU142,1
GGBRU160W1,1
GGBRU160W4,1
GGBRU165W1,1
GGBRU170W1,1
GGBRU170W4,1
GGBRU185W4,1
GGBRU208,1
GGBRU230,1
GGBRU300,1
GGBRU305,1
GGBRV150,1
GGBRV152,1
GGBRV170,1
GGBRV265,1
GGBRW172,1
GGBRW180,1
GGBRX156,1
GGBRX165,1
GGBRX247,1
GGPSG151,1
GGPSI162,1
GGPSS151,1
GGPSU136,1
GGPSU146,1
GGRC11Q,1
GMATB60,1
GMATG795,1
GMATH755,1
GMATH795,1
GMATH839,1
GMATH895,1
GMATJ829,1
GMATS735,1
GMATS785,1
GMATT719,1
GMATT835,1
GMATU695,1
GMATU715,1
GMATU735,1
GMATU795,1
GOAU3T,1
GOAUA100,1
GOAUA967,1
GOAUF100,1
GOAUG10,1
GOAUG750E,1
GOAUG785E,1
GOAUG790E,1
GOAUG810,1
GOAUG810E,1
GOAUG830E,1
GOAUG845E,1
GOAUG850E,1
GOAUG870E,1
GOAUG890E,1
GOAUG910E,1
GOAUH707,1
GOAUH765,1
GOAUI747,1
GOAUI787,1
GOAUI807,1
GOAUJ707,1
GOAUJ867,1
GOAUJ927,1
GOAUJ974,1
GOAUK837,1
GOAUL104,1
GOAUM100,1
GOAUM947,1
GOAUM967,1
GOAUS1,1
GOAUS100E,1
GOAUS102E,1
GOAUS105E,1
GOAUS107E,1
GOAUS109E,1
GOAUS114E,1
GOAUS119,1
GOAUS119E,1
GOAUS134,1
GOAUS134E,1
GOAUS139,1
GOAUS139E,1
GOAUS144,1
GOAUS144E,1
GOAUS199E,1
GOAUS1E,1
GOAUS770,1
GOAUS790,1
GOAUS910E,1
GOAUS930E,1
GOAUS940E,1
GOAUS965E,1
GOAUS975E,1
GOAUS985E,1
GOAUS99E,1
GOAUT115,1
GOAUT130,1
GOAUT135,1
GOAUT175,1
GOAUT185,1
GOAUT550,1
GOAUT707,1
GOAUU135,1
GOAUU587,1
GOAUU607,1
GOAUU727,1
GOAUV120,1
GOAUV707,1
GOAUV747,1
GOAUW103,1
GOAUW210,1
GOGLC908,1
GOGLG799,1
GOGLG799E,1
GOGLH883,1
GOGLI824,1
GOGLJ990,1
GOGLK913,1
GOGLV878,1
GOLLG100,1
GOLLG164,1
GOLLG200,1
GOLLG300,1
GOLLG500E,1
GOLLS124E,1
GOLLS164E,1
GRND3Q,1
GRNDA60,1
GRNDG516,1
GRNDG536,1
GRNDI475,1
GRNDI610,1
GRNDL107,1
GRNDL600,1
GRNDL780,1
GRNDN599,1
GRNDS486,1
GRNDS536E,1
GRNDS556E,1
GRNDS600E,1
GRNDV510,1
GRNDV530,1
GRNDW600,1
GRNDX600,1
GSFI11Q,1
GUARA730,1
GUARG680,1
GUARG700,1
GUARG840,1
GUARH690,1
GUARH860,1
GUARI720,1
GUARI780,1
GUARI800,1
GUARI820,1
GUARI860,1
GUARI880,1
GUARQ85,1
GUARS760,1
GUARS780E,1
GUARS800,1
GUARS820,1
GUARS820E,1
GUARS920,1
GUART880,1
GUART900,1
GUART920,1
GUARU700,1
GUARX730,1
H1DB34,1
H1ES34,1
H1RB34,1
H1SI34,1
H1TH34,1
HAPVA400,1
HAPVB199,1
HAPVF62,1
HAPVG10,1
HAPVG10E,1
HAPVG130,1
HAPVG130E,1
HAPVG135E,1
HAPVG140E,1
HAPVG160,1
HAPVG160E,1
HAPVG170,1
HAPVG170E,1
HAPVG185,1
HAPVG185E,1
HAPVG210W2,1
HAPVG210W2E,1
HAPVG220,1
HAPVG220E,1
HAPVG23,1
HAPVG230,1
HAPVG230E,1
HAPVG232,1
HAPVG232E,1
HAPVG23E,1
HAPVG24,1
HAPVG240W1,1
HAPVG250W1,1
HAPVG260W1,1
HAPVG26E,1
HAPVG280,1
HAPVG290,1
HAPVG305,1
HAPVG30E,1
HAPVG314E,1
HAPVG315W4E,1
HAPVG31E,1
HAPVG320E,1
HAPVG320W4,1
HAPVG320W4E,1
HAPVG325,1
HAPVG325W4E,1
HAPVG335,1
HAPVG345W4,1
HAPVG350E,1
HAPVG355W1E,1
HAPVG35W2,1
HAPVG360W1,1
HAPVG365W1,1
HAPVG369,1
HAPVG375W4,1
HAPVG37W1,1
HAPVG37W2,1
HAPVG380W2,1
HAPVG38W1,1
HAPVG39,1
HAPVG390W4,1
HAPVG900E,1
HAPVH140,1
HAPVH170,1
HAPVH195,1
HAPVH287,1
HAPVH330W2,1
HAPVH340,1
HAPVH355W2,1
HAPVH365,1
HAPVH370W4,1
HAPVH375,1
HAPVH375W1,1
HAPVH375W2,1
HAPVH380W1,1
HAPVH380W5,1
HAPVH385,1
HAPVH385W1,1
HAPVH395W2,1
HAPVH405W4,1
HAPVH410W2,1
HAPVH435W1,1
HAPVH46,1
HAPVI240,1
HAPVI292,1
HAPVI295,1
HAPVI330,1
HAPVI352,1
HAPVI362,1
HAPVI365,1
HAPVI387,1
HAPVI392,1
HAPVI422,1
HAPVI482,1
HAPVI485,1
HAPVI487,1
HAPVI49,1
HAPVJ337,1
HAPVJ420,1
HAPVJ452,1
HAPVK425,1
HAPVL349,1
HAPVL375,1
HAPVN550,1
HAPVN610,1
HAPVR62,1
HAPVS102,1
HAPVS105,1
HAPVS116,1
HAPVS210W1,1
HAPVS215E,1
HAPVS220W2E,1
HAPVS225E,1
HAPVS230W1,1
HAPVS230W2E,1
HAPVS235E,1
HAPVS240W1E,1
HAPVS240W2E,1
HAPVS245E,1
HAPVS250W1E,1
HAPVS250W2E,1
HAPVS255E,1
HAPVS260E,1
HAPVS260W1E,1
HAPVS260W2E,1
HAPVS265E,1
HAPVS270E,1
HAPVS275E,1
HAPVS280E,1
HAPVS285,1
HAPVS285E,1
HAPVS290E,1
HAPVS2E,1
HAPVS300W1E,1
HAPVS305,1
HAPVS305E,1
HAPVS310,1
HAPVS310E,1
HAPVS310W4,1
HAPVS312,1
HAPVS315E,1
HAPVS325E,1
HAPVS327E,1
HAPVS32E,1
HAPVS330E,1
HAPVS330W4E,1
HAPVS332E,1
HAPVS335,1
HAPVS335E,1
HAPVS335W4E,1
HAPVS33E,1
HAPVS340E,1
HAPVS342E,1
HAPVS344E,1
HAPVS345,1
HAPVS345E,1
HAPVS345W4E,1
HAPVS34E,1
HAPVS34W2E,1
HAPVS350W1E,1
HAPVS350W4E,1
HAPVS354E,1
HAPVS355W2E,1
HAPVS355W4,1
HAPVS355W4E,1
HAPVS359E,1
HAPVS35E,1
HAPVS35W1,1
HAPVS35W2,1
HAPVS35W2E,1
HAPVS360E,1
HAPVS365W1E,1
HAPVS365W2E,1
HAPVS369,1
HAPVS369E,1
HAPVS36E,1
HAPVS36W4E,1
HAPVS370E,1
HAPVS374E,1
HAPVS375,1
HAPVS375E,1
HAPVS375W4E,1
HAPVS37E,1
HAPVS37W1E,1
HAPVS380E,1
HAPVS385,1
HAPVS385E,1
HAPVS387,1
HAPVS387E,1
HAPVS389E,1
HAPVS38E,1
HAPVS390E,1
HAPVS399E,1
HAPVS39E,1
HAPVS400E,1
HAPVS402E,1
HAPVS407E,1
HAPVS410,1
HAPVS410E,1
HAPVS41E,1
HAPVS430,1
HAPVS430E,1
HAPVS450E,1
HAPVS470,1
HAPVS470E,1
HAPVS506,1
HAPVS506E,1
HAPVS522,1
HAPVS537,1
HAPVS537E,1
HAPVS552,1
HAPVS552E,1
HAPVS560,1
HAPVS560E,1
HAPVS582,1
HAPVS582E,1
HAPVS620,1
HAPVS627,1
HAPVS665,1
HAPVS680,1
HAPVS715,1
HAPVS720E,1
HAPVS740,1
HAPVS790,1
HAPVS80,1
HAPVS800,1
HAPVS80E,1
HAPVS820,1
HAPVS835,1
HAPVS865,1
HAPVS925,1
HAPVS94,1
HAPVS98,1
HAPVT104,1
HAPVT105,1
HAPVT108,1
HAPVT140,1
HAPVT145,1
HAPVT177,1
HAPVT180,1
HAPVT295,1
HAPVT310W2,1
HAPVT310W4,1
HAPVT315W2,1
HAPVT335W1,1
HAPVT350W1,1
HAPVT365,1
HAPVT387,1
HAPVT399,1
HAPVT402,1
HAPVT41,1
HAPVT420,1
HAPVT43,1
HAPVT435,1
HAPVT437,1
HAPVT444,1
HAPVT537,1
HAPVT655,1
HAPVT835,1
HAPVT880,1
HAPVU157,1
HAPVU175,1
HAPVU187,1
HAPVU195,1
HAPVU222,1
HAPVU237,1
HAPVU257,1
HAPVU260,1
HAPVU272,1
HAPVU275W1,1
HAPVU327,1
HAPVU370,1
HAPVU377,1
HAPVU530,1
HAPVU600,1
HAPVV245,1
HAPVV295,1
HAPVV317,1
HAPVV332,1
HAPVV340,1
HAPVW295,1
HAPVW325,1
HAPVW335,1
HBORB400,1
HBORG170,1
HBORG190,1
HBORG220E,1
HBORG235,1
HBORG280,1
HBORG330,1
HBORH175,1
HBORH260E,1
HBORH335,1
HBORI235,1
HBORI320,1
HBORJ250,1
HBORS210,1
HBORS225,1
HBORS225E,1
HBORS230E,1
HBORS235E,1
HBORS240E,1
HBORS250E,1
HBORS260E,1
HBORS270E,1
HBORS280,1
HBORS280E,1
HBORS290E,1
HBORS300,1
HBORS300E,1
HBORS310,1
HBORS310E,1
HBORU180,1
HBORU199,1
HBORU280,1
HBORV240,1
HBORV250,1
HBORW300,1
HBSA3T,1
HBSAH356,1
HETA4,1
HILG11,1
HOOT4T,1
HUSI11,1
HYPEA264,1
HYPEC360,1
HYPEG185,1
HYPEG190,1
HYPEG20,1
HYPEG200E,1
HYPEG202,1
HYPEG202E,1
HYPEG205E,1
HYPEG20E,1
HYPEG21,1
HYPEG210E,1
HYPEG212E,1
HYPEG215E,1
HYPEG21E,1
HYPEG220E,1
HYPEG222E,1
HYPEG225E,1
HYPEG22E,1
HYPEG230E,1
HYPEG235,1
HYPEG239,1
HYPEG23E,1
HYPEG24,1
HYPEG240E,1
HYPEG245E,1
HYPEG249,1
HYPEG249E,1
HYPEG24E,1
HYPEG250E,1
HYPEG255E,1
HYPEG25E,1
HYPEG260E,1
HYPEG262E,1
HYPEG265E,1
HYPEG26E,1
HYPEG317,1
HYPEH20,1
HYPEI192,1
HYPEI202,1
HYPEI206,1
HYPEI207,1
HYPEI22,1
HYPEI242,1
HYPEI247,1
HYPEI285,1
HYPEJ18,1
HYPEJ257,1
HYPEJ267,1
HYPEJ277,1
HYPEJ300,1
HYPEK260,1
HYPEM240,1
HYPEN1,1
HYPEN18,1
HYPES220,1
HYPES24,1
HYPES264E,1
HYPES270E,1
HYPES272E,1
HYPES275E,1
HYPES27E,1
HYPES280E,1
HYPES282E,1
HYPES285E,1
HYPES289,1
HYPES289E,1
HYPES28E,1
HYPES295E,1
HYPES29E,1
HYPES300,1
HYPES302,1
HYPES302E,1
HYPES342E,1
HYPES345,1
HYPES345E,1
HYPET212,1
HYPET227,1
HYPET28,1
HYPET29,1
HYPET296,1
HYPET297,1
HYPET307,1
HYPET332,1
HYPET335,1
HYPEU182,1
HYPEU202,1
HYPEU207,1
HYPEU287,1
HYPEU292,1
HYPEV287,1
HYPEW250,1
I1AC34,1
I1NC34,1
IBOVA133,1
IBOVA134,1
IBOVA138,1
IBOVA142,1
IBOVA146,1
IBOVA153,1
IBOVD170,1
IBOVF180,1
IBOVG100E,1
IBOVG110E,1
IBOVG113E,1
IBOVG115E,1
IBOVG116E,1
IBOVG119E,1
IBOVG120E,1
IBOVG121E,1
IBOVG122E,1
IBOVG123E,1
IBOVG124E,1
IBOVG125E,1
IBOVG126E,1
IBOVG127E,1
IBOVG128E,1
IBOVG129E,1
IBOVG130E,1
IBOVG131E,1
IBOVG132E,1
IBOVG132W5E,1
IBOVG133E,1
IBOVG133W5E,1
IBOVG134E,1
IBOVG134W4E,1
IBOVG135E,1
IBOVG135W1E,1
IBOVG135W2E,1
IBOVG135W4E,1
IBOVG136W1E,1
IBOVG136W2E,1
IBOVG137W1E,1
IBOVG137W2,1
IBOVG137W2E,1
IBOVG138W1,1
IBOVG138W1E,1
IBOVG139W1E,1
IBOVG140W1,1
IBOVG140W5,1
IBOVG142W5,1
IBOVG143W5,1
IBOVG144W4,1
IBOVG145W2,1
IBOVG145W4,1
IBOVG145W5,1
IBOVG146W2,1
IBOVG147W4,1
IBOVG149W5,1
IBOVH118,1
IBOVH12,1
IBOVH131W1,1
IBOVH132W1,1
IBOVH133W3,1
IBOVH135W3,1
IBOVH136W1,1
IBOVH136W3,1
IBOVH137W3,1
IBOVH138W1,1
IBOVH139W1,1
IBOVH142W4,1
IBOVH145W1,1
IBOVH151W1,1
IBOVH159,1
IBOVI102,1
IBOVI109,1
IBOVI124,1
IBOVI127,1
IBOVI128,1
IBOVI137W1,1
IBOVI153,1
IBOVI155,1
IBOVI157,1
IBOVI158,1
IBOVI160,1
IBOVJ102,1
IBOVJ123,1
IBOVJ153,1
IBOVJ155,1
IBOVJ159,1
IBOVJ160,1
IBOVJ930,1
IBOVK132,1
IBOVK134,1
IBOVK142,1
IBOVK150,1
IBOVK151,1
IBOVL13,1
IBOVL141,1
IBOVL148,1
IBOVL151,1
IBOVL195,1
IBOVL99,1
IBOVM121,1
IBOVM123,1
IBOVM124,1
IBOVM127,1
IBOVM128,1
IBOVM129,1
IBOVM133,1
IBOVM136,1
IBOVM15,1
IBOVM152,1
IBOVO128,1
IBOVO138,1
IBOVP140,1
IBOVP150,1
IBOVS116,1
IBOVS120,1
IBOVS123,1
IBOVS124,1
IBOVS127,1
IBOVS127W5,1
IBOVS128W4,1
IBOVS128W5,1
IBOVS129W5,1
IBOVS131W4,1
IBOVS134W5E,1
IBOVS135W5E,1
IBOVS136E,1
IBOVS136W1,1
IBOVS136W4E,1
IBOVS136W5E,1
IBOVS137E,1
IBOVS137W1,1
IBOVS137W4E,1
IBOVS137W5,1
IBOVS138E,1
IBOVS138W2E,1
IBOVS138W4E,1
IBOVS138W5E,1
IBOVS139E,1
IBOVS139W1,1
IBOVS139W2E,1
IBOVS139W4E,1
IBOVS139W5,1
IBOVS139W5E,1
IBOVS140E,1
IBOVS140W1E,1
IBOVS140W2E,1
IBOVS140W4E,1
IBOVS141E,1
IBOVS141W2E,1
IBOVS141W4E,1
IBOVS142E,1
IBOVS142W2,1
IBOVS142W2E,1
IBOVS142W4E,1
IBOVS143E,1
IBOVS144E,1
IBOVS145E,1
IBOVS146E,1
IBOVS150E,1
IBOVT106,1
IBOVT115,1
IBOVT116,1
IBOVT118,1
IBOVT132W1,1
IBOVT132W3,1
IBOVT133W3,1
IBOVT134W3,1
IBOVT135W1,1
IBOVT137W1,1
IBOVT138W1,1
IBOVT151,1
IBOVU102,1
IBOVU103,1
IBOVU118,1
IBOVU119,1
IBOVU121,1
IBOVU123,1
IBOVU134W1,1
IBOVU146,1
IBOVU160,1
IBOVU42,1
IBOVV102,1
IBOVV117,1
IBOVV118,1
IBOVV123,1
IBOVV142,1
IBOVV160,1
IBOVW107,1
IBOVW126,1
IBOVW130,1
IBOVW137,1
IBOVW138,1
IBOVW142,1
IBOVW16,1
IBOVW26,1
IBOVX123,1
IBOVX125,1
IBOVX129,1
IBOVX13,1
IBOVX131,1
IBOVX133,1
IBOVX137,1
IBOVX138,1
IBOVX139,1
IBOVX140,1
IBOVX141,1
IBOVX142,1
IBOVX41,1
IBOVX8,1
IBOVX99,1
IFCM3T,1
IFCMG300E,1
IFCMG800,1
IFCML10,1
IGTI4,1
IGTIG19,1
IGTIG198E,1
IGTIG200,1
IGTIG200E,1
IGTIG203,1
IGTIG203E,1
IGTIG208,1
IGTIG208E,1
IGTIG210,1
IGTIG210E,1
IGTIG213E,1
IGTIG21E,1
IGTIH195,1
IGTIH203,1
IGTIH240,1
IGTIH263,1
IGTIH273,1
IGTIH283,1
IGTII194,1
IGTII242,1
IGTIK228,1
IGTIL230,1
IGTIL240,1
IGTIS198,1
IGTIS200,1
IGTIS218E,1
IGTIS220E,1
IGTIS223E,1
IGTIS228E,1
IGTIS22E,1
IGTIS230E,1
IGTIS233E,1
IGTIS238,1
IGTIS238E,1
IGTIS23E,1
IGTIS240E,1
IGTIS243E,1
IGTIS248E,1
IGTIS24E,1
IGTIS283,1
IGTIT230,1
IGTIT24,1
IGTIT25,1
IGTIU177,1
IGTIU182,1
IGTIU237,1
IGTIU292,1
INBRG287E,1
INBRG337,1
INBRG337E,1
INBRG365E,1
INBRG380E,1
INBRG415,1
INBRH405,1
INBRH410,1
INBRH430,1
INBRI405,1
INBRI420,1
INBRJ380,1
INBRL352,1
INBRS430E,1
INBRS435E,1
INBRS450,1
INBRS450E,1
INBRT370,1
INBRT390,1
INBRU400,1
INBRV340,1
INBRV452,1
INBRX400,1
INTBA14,1
INTBB139,1
INTBE140,1
INTBG137E,1
INTBG145E,1
INTBG160,1
INTBG172,1
INTBG177,1
INTBG192,1
INTBH172,1
INTBI157,1
INTBI167,1
INTBL14,1
INTBL140,1
INTBL230,1
INTBS152E,1
INTBS155E,1
INTBS157,1
INTBS157E,1
INTBS160E,1
INTBS162,1
INTBS162E,1
INTBS192,1
INTBS192E,1
INTBS20,1
INTBS200,1
INTBS200E,1
INTBS205,1
INTBS205E,1
INTBS207,1
INTBS207E,1
INTBS20E,1
INTBS212,1
INTBS212E,1
INTBS215,1
INTBS215E,1
INTBS217,1
INTBS217E,1
INTBS220,1
INTBS220E,1
INTBS222,1
INTBS222E,1
INTBS225,1
INTBS225E,1
INTBS227,1
INTBS227E,1
INTBT170,1
INTBT177,1
INTBU127,1
INTBU152,1
IRBRB399,1
IRBRB40,1
IRBRE60,1
IRBRG100,1
IRBRG345,1
IRBRG385E,1
IRBRG390,1
IRBRG390E,1
IRBRG395E,1
IRBRG40E,1
IRBRG410E,1
IRBRG415E,1
IRBRG420E,1
IRBRG425E,1
IRBRG430E,1
IRBRG435E,1
IRBRG440E,1
IRBRG495,1
IRBRG570,1
IRBRG605,1
IRBRG620,1
IRBRG800,1
IRBRH380,1
IRBRH407,1
IRBRH590,1
IRBRH620,1
IRBRI345,1
IRBRI350,1
IRBRI412,1
IRBRI417,1
IRBRI435,1
IRBRI595,1
IRBRI615,1
IRBRI635,1
IRBRI705,1
IRBRJ120,1
IRBRJ425,1
IRBRJ435,1
IRBRJ472,1
IRBRJ510,1
IRBRJ540,1
IRBRK445,1
IRBRK49,1
IRBRL160,1
IRBRL470,1
IRBRL490,1
IRBRL599,1
IRBRN499,1
IRBRN600,1
IRBRS100E,1
IRBRS445E,1
IRBRS447E,1
IRBRS450E,1
IRBRS452E,1
IRBRS455E,1
IRBRS457E,1
IRBRS460E,1
IRBRS462E,1
IRBRS465E,1
IRBRS467E,1
IRBRS470E,1
IRBRS472E,1
IRBRS475E,1
IRBRS480E,1
IRBRS482E,1
IRBRS485E,1
IRBRS487E,1
IRBRS490E,1
IRBRS495E,1
IRBRS497E,1
IRBRS500E,1
IRBRS505E,1
IRBRS510E,1
IRBRS515E,1
IRBRS520E,1
IRBRS530E,1
IRBRS540E,1
IRBRS550E,1
IRBRS560E,1
IRBRS570E,1
IRBRS575,1
IRBRS575E,1
IRBRS580E,1
IRBRS585E,1
IRBRS600E,1
IRBRS620,1
IRBRS620E,1
IRBRS700E,1
IRBRS800E,1
IRBRS900E,1
IRBRT585,1
IRBRU515,1
IRBRU520,1
IRBRU550,1
IRBRU575,1
IRBRU685,1
IRBRU695,1
IRBRV158,1
IRBRV460,1
IRBRV530,1
IRBRV550,1
IRBRW435,1
IRBRW445,1
IRBRW450,1
IRBRX399,1
IRBRX599,1
ISAEA240,1
ISAEF600,1
ISAEG214,1
ISAEG214E,1
ISAEG219,1
ISAEG219E,1
ISAEG222,1
ISAEG222E,1
ISAEG224E,1
ISAEG235,1
ISAEG235E,1
ISAEH206,1
ISAEI211,1
ISAEI251,1
ISAEJ231,1
ISAEJ236,1
ISAEJ240,1
ISAEJ251,1
ISAEK216,1
ISAEL240,1
ISAEM240,1
ISAEO190,1
ISAES214,1
ISAES229E,1
ISAES230,1
ISAES234E,1
ISAES239E,1
ISAES240E,1
ISAES244E,1
ISAES245E,1
ISAES250E,1
ISAES255,1
ISAES255E,1
ISAES260E,1
ISAES265E,1
ISAET24,1
ISAET251,1
ISAEU211,1
ISAEU236,1
ISAEV216,1
ISAEV236,1
ISCJ12,1
ITLCU210,1
ITSAA159,1
ITSAB100,1
ITSAB90,1
ITSAB917,1
ITSAG100E,1
ITSAG100W1,1
ITSAG100W1E,1
ITSAG100W4E,1
ITSAG103E,1
ITSAG105W1E,1
ITSAG106E,1
ITSAG110W1E,1
ITSAG115W4,1
ITSAG11E,1
ITSAG125,1
ITSAG133,1
ITSAG329,1
ITSAG329E,1
ITSAG411,1
ITSAG411E,1
ITSAG611E,1
ITSAG661,1
ITSAG661E,1
ITSAG671,1
ITSAG671E,1
ITSAG691E,1
ITSAG711,1
ITSAG711E,1
ITSAG731E,1
ITSAG751E,1
ITSAG771E,1
ITSAG781E,1
ITSAG791E,1
ITSAG801E,1
ITSAG811E,1
ITSAG831E,1
ITSAG841E,1
ITSAG851E,1
ITSAG871E,1
ITSAG887E,1
ITSAG891E,1
ITSAG911E,1
ITSAG931E,1
ITSAG941E,1
ITSAG951E,1
ITSAG961E,1
ITSAG981E,1
ITSAG991E,1
ITSAH100W5,1
ITSAH115W4,1
ITSAH671,1
ITSAH980W1,1
ITSAH980W2,1
ITSAI131,1
ITSAI139,1
ITSAI810,1
ITSAI830,1
ITSAI890,1
ITSAI910,1
ITSAJ114,1
ITSAJ122,1
ITSAJ124,1
ITSAJ885,1
ITSAK747,1
ITSAK937,1
ITSAL900,1
ITSAL904,1
ITSAM900,1
ITSAN917,1
ITSAO900,1
ITSAQ190,1
ITSAQ900,1
ITSAS105E,1
ITSAS105W2E,1
ITSAS105W4E,1
ITSAS108E,1
ITSAS109E,1
ITSAS110W2E,1
ITSAS110W4E,1
ITSAS113E,1
ITSAS115E,1
ITSAS115W2E,1
ITSAS118E,1
ITSAS120E,1
ITSAS123E,1
ITSAS125E,1
ITSAS128E,1
ITSAS130,1
ITSAS133E,1
ITSAS135E,1
ITSAS138E,1
ITSAS13E,1
ITSAS140E,1
ITSAS143E,1
ITSAS145E,1
ITSAS148E,1
ITSAS153E,1
ITSAS158,1
ITSAS158E,1
ITSAS168E,1
ITSAS175E,1
ITSAS178E,1
ITSAS180E,1
ITSAS183,1
ITSAS183E,1
ITSAS185E,1
ITSAS188E,1
ITSAS190E,1
ITSAS193E,1
ITSAS198,1
ITSAS198E,1
ITSAS600,1
ITSAS911,1
ITSAS941,1
ITSAT100W5,1
ITSAT105W4,1
ITSAT110W2,1
ITSAT146,1
ITSAT151,1
ITSAT154,1
ITSAT161,1
ITSAT164,1
ITSAT174,1
ITSAT176,1
ITSAT179,1
ITSAT181,1
ITSAT189,1
ITSAT862,1
ITSAT898,1
ITSAT90,1
ITSAT940W1,1
ITSAT940W2,1
ITSAT960W1,1
ITSAU129,1
ITSAU131,1
ITSAU136,1
ITSAU151,1
ITSAU186,1
ITSAU216,1
ITSAU793,1
ITSAU870,1
ITSAU882,1
ITSAV109,1
ITSAV112,1
ITSAV120,1
ITSAV124,1
ITSAV152,1
ITSAV187,1
ITSAV192,1
ITSAV900,1
ITSAV965,1
ITSAW104,1
ITSAW907,1
ITSAW947,1
ITSAX107,1
ITSAX908,1
ITUB4Q,1
ITUBA318,1
ITUBA328,1
ITUBA348,1
ITUBB375,1
ITUBC233,1
ITUBD350,1
ITUBF36,1
ITUBG136E,1
ITUBG210E,1
ITUBG213E,1
ITUBG232,1
ITUBG241E,1
ITUBG243,1
ITUBG246E,1
ITUBG251E,1
ITUBG253,1
ITUBG258E,1
ITUBG26,1
ITUBG263E,1
ITUBG266E,1
ITUBG270E,1
ITUBG271E,1
ITUBG273E,1
ITUBG276,1
ITUBG276E,1
ITUBG278E,1
ITUBG27E,1
ITUBG280E,1
ITUBG281E,1
ITUBG282,1
ITUBG282E,1
ITUBG283E,1
ITUBG286E,1
ITUBG291,1
ITUBG296E,1
ITUBG29E,1
ITUBG303E,1
ITUBG306E,1
ITUBG308E,1
ITUBG30E,1
ITUBG311E,1
ITUBG313E,1
ITUBG315E,1
ITUBG316E,1
ITUBG320W4E,1
ITUBG322E,1
ITUBG324W4E,1
ITUBG325E,1
ITUBG325W4E,1
ITUBG327E,1
ITUBG329W4E,1
ITUBG330E,1
ITUBG330W1E,1
ITUBG330W4E,1
ITUBG331E,1
ITUBG333E,1
ITUBG334W4E,1
ITUBG335W1,1
ITUBG335W4E,1
ITUBG338E,1
ITUBG339E,1
ITUBG339W4E,1
ITUBG33E,1
ITUBG340E,1
ITUBG340W1E,1
ITUBG340W4E,1
ITUBG343E,1
ITUBG345W1E,1
ITUBG345W4E,1
ITUBG346E,1
ITUBG348E,1
ITUBG349,1
ITUBG349W4E,1
ITUBG350W1E,1
ITUBG350W4E,1
ITUBG351E,1
ITUBG353E,1
ITUBG354W1E,1
ITUBG355W1E,1
ITUBG355W4E,1
ITUBG356E,1
ITUBG358E,1
ITUBG359W1E,1
ITUBG360W1E,1
ITUBG363E,1
ITUBG364W1E,1
ITUBG365W1E,1
ITUBG366E,1
ITUBG369E,1
ITUBG369W1E,1
ITUBG370W1E,1
ITUBG371E,1
ITUBG373E,1
ITUBG374W1E,1
ITUBG375W1E,1
ITUBG376E,1
ITUBG378E,1
ITUBG37E,1
ITUBG380W1E,1
ITUBG381E,1
ITUBG383E,1
ITUBG386E,1
ITUBG38E,1
ITUBG390W1,1
ITUBG403E,1
ITUBG405W4,1
ITUBG825,1
ITUBH1,1
ITUBH251,1
ITUBH258,1
ITUBH296,1
ITUBH298,1
ITUBH302,1
ITUBH324,1
ITUBH335W4,1
ITUBH354,1
ITUBH359W5,1
ITUBH389W5,1
ITUBH404W5,1
ITUBI256,1
ITUBI264,1
ITUBI291,1
ITUBI299,1
ITUBI301,1
ITUBI311,1
ITUBI314,1
ITUBI319,1
ITUBI329,1
ITUBI339,1
ITUBI344,1
ITUBI360W1,1
ITUBI365W1,1
ITUBI37,1
ITUBI370W1,1
ITUBI375W1,1
ITUBI380W1,1
ITUBJ248,1
ITUBJ301,1
ITUBJ314,1
ITUBJ315,1
ITUBJ32,1
ITUBJ334,1
ITUBJ353,1
ITUBJ371,1
ITUBJ376,1
ITUBJ399,1
ITUBK256,1
ITUBK273,1
ITUBK284,1
ITUBK296,1
ITUBK297,1
ITUBK300,1
ITUBK306,1
ITUBK309,1
ITUBK312,1
ITUBK326,1
ITUBK329,1
ITUBK352,1
ITUBK356,1
ITUBK359,1
ITUBK386,1
ITUBL231,1
ITUBL242,1
ITUBL246,1
ITUBL312,1
ITUBL319,1
ITUBL327,1
ITUBL330,1
ITUBL338,1
ITUBL352,1
ITUBL359,1
ITUBL378,1
ITUBL382,1
ITUBL393,1
ITUBL40,1
ITUBL405,1
ITUBL408,1
ITUBP350,1
ITUBP37,1
ITUBQ36,1
ITUBQ362,1
ITUBQ385,1
ITUBS136,1
ITUBS302,1
ITUBS303,1
ITUBS306,1
ITUBS324W4,1
ITUBS325W4,1
ITUBS331,1
ITUBS333,1
ITUBS351,1
ITUBS354W2E,1
ITUBS359W2E,1
ITUBS360W2E,1
ITUBS360W4E,1
ITUBS364W2E,1
ITUBS365W2E,1
ITUBS365W4E,1
ITUBS369W2E,1
ITUBS370W2E,1
ITUBS370W4E,1
ITUBS374W2E,1
ITUBS375W2E,1
ITUBS375W4E,1
ITUBS379W2E,1
ITUBS380E,1
ITUBS380W2E,1
ITUBS380W4E,1
ITUBS384E,1
ITUBS385E,1
ITUBS385W1,1
ITUBS385W1E,1
ITUBS385W2E,1
ITUBS385W4E,1
ITUBS390E,1
ITUBS390W2,1
ITUBS390W2E,1
ITUBS390W4E,1
ITUBS391E,1
ITUBS393E,1
ITUBS395E,1
ITUBS395W1E,1
ITUBS395W2E,1
ITUBS395W4,1
ITUBS395W4E,1
ITUBS396E,1
ITUBS398E,1
ITUBS400E,1
ITUBS400W4E,1
ITUBS401E,1
ITUBS402E,1
ITUBS405E,1
ITUBS405W1E,1
ITUBS405W2E,1
ITUBS405W4E,1
ITUBS406E,1
ITUBS408E,1
ITUBS40E,1
ITUBS410E,1
ITUBS410W4,1
ITUBS410W4E,1
ITUBS411E,1
ITUBS413E,1
ITUBS415W4E,1
ITUBS416E,1
ITUBS422E,1
ITUBS986,1
ITUBT238,1
ITUBT296,1
ITUBT314W5,1
ITUBT329,1
ITUBT339,1
ITUBT344W5,1
ITUBT345,1
ITUBT362,1
ITUBT367W2,1
ITUBT370W4,1
ITUBT377W2,1
ITUBT380W4,1
ITUBT400W2,1
ITUBT405W2,1
ITUBT415W2,1
ITUBT475,1
ITUBU133,1
ITUBU304,1
ITUBU311,1
ITUBU316,1
ITUBU324,1
ITUBU325W1,1
ITUBU330W1,1
ITUBU335W1,1
ITUBU345W1,1
ITUBU360,1
ITUBU397,1
ITUBU398,1
ITUBU412,1
ITUBU425,1
ITUBU492,1
ITUBV206,1
ITUBV313,1
ITUBV316,1
ITUBV325,1
ITUBV391,1
ITUBW297,1
ITUBW306,1
ITUBW315,1
ITUBW334,1
ITUBW361,1
ITUBX226,1
ITUBX338,1
ITUBX359,1
ITUBX368,1
ITUBX390,1
ITUBX42,1
IVVBG300E,1
IVVBG375,1
IVVBG375E,1
IVVBG385E,1
IVVBH413,1
IVVBI423,1
IVVBR353,1
IVVBS300,1
IVVBT368,1
IVVBU318,1
IVVBX333,1
J1NP34,1
JALLG400,1
JALLK500,1
JALLS380,1
JALLS380E,1
JALLS390E,1
JALLS400E,1
JBSSA795,1
JBSSA900,1
JBSSG345,1
JBSSG700W4,1
JBSSG700W4E,1
JBSSG790E,1
JBSSG795E,1
JBSSG857,1
JBSSG857E,1
JBSSG905E,1
JBSSG910E,1
JBSSG915E,1
JBSSG917E,1
JBSSG925E,1
JBSSG927E,1
JBSSG932E,1
JBSSG935E,1
JBSSG940,1
JBSSG940E,1
JBSSG945E,1
JBSSG950E,1
JBSSG954E,1
JBSSG955,1
JBSSG955E,1
JBSSG957E,1
JBSSG962E,1
JBSSG965E,1
JBSSG967E,1
JBSSG972,1
JBSSG972E,1
JBSSG975E,1
JBSSG977E,1
JBSSG980E,1
JBSSG982E,1
JBSSG985E,1
JBSSG987E,1
JBSSG990E,1
JBSSG992E,1
JBSSG997E,1
JBSSH110,1
JBSSH730W1,1
JBSSH750W1,1
JBSSH760W1,1
JBSSH770W2,1
JBSSH777,1
JBSSI670,1
JBSSI680,1
JBSSI720,1
JBSSI770,1
JBSSI990,1
JBSSJ590,1
JBSSJ650,1
JBSSJ720,1
JBSSJ740,1
JBSSJ800,1
JBSSJ850,1
JBSSJ905,1
JBSSJ920,1
JBSSJ922,1
JBSSJ940,1
JBSSK425,1
JBSSK490,1
JBSSK695,1
JBSSK730,1
JBSSK860,1
JBSSL590,1
JBSSL780,1
JBSSL905,1
JBSSL997,1
JBSSN870,1
JBSSO890,1
JBSSS470,1
JBSSS805E,1
JBSSS810E,1
JBSSS815E,1
JBSSS817E,1
JBSSS820E,1
JBSSS825E,1
JBSSS827E,1
JBSSS832E,1
JBSSS835E,1
JBSSS840E,1
JBSSS845E,1
JBSSS850E,1
JBSSS852E,1
JBSSS855E,1
JBSSS862E,1
JBSSS890E,1
JBSSS892E,1
JBSSS900E,1
JBSSS902E,1
JBSSS904E,1
JBSSS907E,1
JBSSS912E,1
JBSSS917,1
JBSSS920E,1
JBSSS922,1
JBSSS922E,1
JBSSS930E,1
JBSSS935,1
JBSSS937E,1
JBSSS939E,1
JBSSS940,1
JBSSS947E,1
JBSSS952,1
JBSSS970,1
JBSSS970E,1
JBSST610,1
JBSST690W1,1
JBSST700W1,1
JBSST700W5,1
JBSST937,1
JBSST992,1
JBSSU740,1
JBSSU750,1
JBSSU790,1
JBSSU922,1
JBSSU930,1
JBSSU995,1
JBSSV655,1
JBSSV785,1
JBSSV927,1
JBSSV997,1
JBSSX900,1
JCCJ11Q,1
JHSFG370,1
JHSFG400,1
JHSFG455E,1
JHSFG475E,1
JHSFG490E,1
JHSFG495E,1
JHSFG500E,1
JHSFG600,1
JHSFH363,1
JHSFH373,1
JHSFH383,1
JHSFH433,1
JHSFH480,1
JHSFH623,1
JHSFI380,1
JHSFI630,1
JHSFJ570,1
JHSFS480,1
JHSFS520E,1
JHSFS530E,1
JHSFS540E,1
JHSFS550E,1
JHSFS560E,1
JHSFS640,1
JHSFS720E,1
JHSFS800,1
JHSFS800E,1
JHSFT583,1
JHSFT663,1
JHSFU370,1
JHSFU640,1
JHSFU740,1
JOPA3,1
JPMCG134E,1
JPMCG148E,1
K1MX34,1
KEPLB600,1
KEPLG750,1
KEPLG790,1
KEPLH710,1
KEPLI824,1
KEPLI904,1
KEPLJ800,1
KEPLL140,1
KEPLM70,1
KEPLM730,1
KEPLS114E,1
KEPLS118,1
KEPLS118E,1
KEPLS730,1
KEPLS730E,1
KEPLS750E,1
KEPLS770,1
KEPLS770E,1
KEPLS790E,1
KEPLS810,1
KEPLS810E,1
KEPLS850E,1
KEPLT120,1
KEPLU804,1
KEPLW100,1
KLBN3Q,1
KLBNA22,1
KLBND154,1
KLBNE170,1
KLBNG170,1
KLBNG170E,1
KLBNG172E,1
KLBNG175E,1
KLBNG177E,1
KLBNG180E,1
KLBNG185E,1
KLBNG187E,1
KLBNG205E,1
KLBNG215,1
KLBNG219,1
KLBNG230,1
KLBNG280,1
KLBNH220,1
KLBNH223,1
KLBNH254,1
KLBNH297,1
KLBNI22,1
KLBNI227,1
KLBNJ187,1
KLBNJ197,1
KLBNJ202,1
KLBNJ209,1
KLBNK212,1
KLBNN219,1
KLBNN22,1
KLBNO22,1
KLBNQ265,1
KLBNR220,1
KLBNS190E,1
KLBNS195E,1
KLBNS197E,1
KLBNS200E,1
KLBNS204E,1
KLBNS207E,1
KLBNS210E,1
KLBNS212E,1
KLBNS215E,1
KLBNS219E,1
KLBNS222E,1
KLBNS225E,1
KLBNS243,1
KLBNS243E,1
KLBNS280E,1
KLBNS300,1
KLBNS300E,1
KLBNS320,1
KLBNS320E,1
KLBNS330,1
KLBNS330E,1
KLBNT228,1
KLBNT242,1
KLBNT259,1
KLBNT272,1
KLBNT285,1
KLBNU147,1
KLBNU164,1
KLBNU222,1
KLBNU227,1
KLBNV157,1
KLBNV167,1
KLBNV197,1
KLBNW182,1
KLBNW202,1
KLBNX22,1
KNCR11T,1
LAVVG113E,1
LEVEG300,1
LEVEG305,1
LEVEG31,1
LEVEG32,1
LEVEI285,1
LEVEI320,1
LEVEJ315,1
LEVEL333,1
LEVEL404,1
LEVES310E,1
LEVES315E,1
LEVES32,1
LEVES320,1
LEVES320E,1
LEVES325E,1
LEVET300,1
LEVET305,1
LEVEU270,1
LEVEU290,1
LEVEU300,1
LEVEV270,1
LEVEV280,1
LEVEV287,1
LEVEW270,1
LEVEX346,1
LJQQA900,1
LJQQG205,1
LJQQG230E,1
LJQQG240,1
LJQQG250,1
LJQQG270,1
LJQQG310,1
LJQQG345,1
LJQQH350,1
LJQQH360,1
LJQQJ249,1
LJQQM900,1
LJQQS210,1
LJQQS240E,1
LJQQS250E,1
LJQQS260E,1
LJQQS265E,1
LJQQS270E,1
LJQQS280E,1
LJQQS290E,1
LJQQS300E,1
LJQQS320E,1
LJQQS345,1
LJQQS435E,1
LJQQT200,1
LJQQT210,1
LJQQT340,1
LJQQT440,1
LJQQU300,1
LJQQU310,1
LOGN3T,1
LRDI11,1
LREN3Q,1
LRENA130,1
LRENA170,1
LRENA260,1
LRENB130,1
LRENB260,1
LRENC137,1
LRENE270,1
LRENG108,1
LRENG117E,1
LRENG125E,1
LRENG127,1
LRENG127E,1
LRENG130E,1
LRENG132E,1
LRENG135E,1
LRENG137E,1
LRENG140E,1
LRENG142E,1
LRENG143E,1
LRENG145E,1
LRENG148E,1
LRENG150E,1
LRENG153E,1
LRENG155E,1
LRENG158E,1
LRENG160E,1
LRENG160W1,1
LRENG160W1E,1
LRENG160W2,1
LRENG160W2E,1
LRENG163E,1
LRENG165E,1
LRENG165W1E,1
LRENG165W2E,1
LRENG165W4E,1
LRENG168E,1
LRENG16E,1
LRENG170W1E,1
LRENG173E,1
LRENG175W1,1
LRENG175W2E,1
LRENG178E,1
LRENG17E,1
LRENG180W1E,1
LRENG180W2E,1
LRENG185W1E,1
LRENG185W2E,1
LRENG190W1E,1
LRENG195W1E,1
LRENG20,1
LRENG205W1,1
LRENG210W1,1
LRENG215W1,1
LRENG220W4,1
LRENG225W4,1
LRENH160W2,1
LRENH165W5,1
LRENH185W5,1
LRENH190W4,1
LRENH195W2,1
LRENH200,1
LRENH200W4,1
LRENH200W5,1
LRENH205W5,1
LRENH210W1,1
LRENH210W4,1
LRENH235W1,1
LRENH245W2,1
LRENI133,1
LRENI136,1
LRENI233,1
LRENJ181,1
LRENK143,1
LRENK170,1
LRENK175,1
LRENK185,1
LRENK205,1
LRENL146,1
LRENL179,1
LRENM130,1
LRENN130,1
LRENN180,1
LRENN200,1
LRENO137,1
LRENS132,1
LRENS140,1
LRENS142,1
LRENS143,1
LRENS165W2,1
LRENS170W4E,1
LRENS175W1,1
LRENS175W4E,1
LRENS180E,1
LRENS180W4E,1
LRENS183E,1
LRENS185E,1
LRENS185W4E,1
LRENS188E,1
LRENS18E,1
LRENS190E,1
LRENS190W2E,1
LRENS190W4E,1
LRENS193E,1
LRENS195W2E,1
LRENS195W4E,1
LRENS198E,1
LRENS200E,1
LRENS200W1E,1
LRENS200W2E,1
LRENS200W4,1
LRENS200W4E,1
LRENS203E,1
LRENS204E,1
LRENS205E,1
LRENS205W1E,1
LRENS205W2E,1
LRENS205W4,1
LRENS205W4E,1
LRENS210E,1
LRENS210W1E,1
LRENS210W2,1
LRENS210W2E,1
LRENS213E,1
LRENS215E,1
LRENS220E,1
LRENS233E,1
LRENS248E,1
LRENS260,1
LRENS864,1
LRENT107,1
LRENT117,1
LRENT136,1
LRENT165W4,1
LRENT170W4,1
LRENT180W5,1
LRENT208,1
LRENT976,1
LRENU103,1
LRENU106,1
LRENU108,1
LRENU113,1
LRENU123,1
LRENU212,1
LRENU223,1
LRENU280,1
LRENU977,1
LRENU987,1
LRENV22,1
LRENV228,1
LRENV230,1
LRENW145,1
LRENW168,1
LRENW170,1
LRENW188,1
LRENX146,1
LUPA11F,1
LUPA3T,1
LVTC3T,1
LWSAA375,1
LWSAB299,1
LWSAG260E,1
LWSAG285,1
LWSAG305,1
LWSAG305E,1
LWSAG325,1
LWSAG325E,1
LWSAG335E,1
LWSAG345E,1
LWSAG355E,1
LWSAG360E,1
LWSAG365E,1
LWSAG375E,1
LWSAG385E,1
LWSAH720,1
LWSAI760,1
LWSAS325,1
LWSAS395E,1
LWSAS405E,1
LWSAS415E,1
LWSAS425E,1
LWSAS435E,1
LWSAS440E,1
LWSAS460E,1
LWSAS560,1
LWSAS560E,1
LWSAS700E,1
LWSAS780,1
LWSAS780E,1
LWSAS960,1
LWSAT265,1
LWSAT305,1
LWSAT315,1
LWSAT410,1
LWSAT460,1
LWSAT465,1
LWSAU415,1
LWSAU440,1
LWSAU460,1
LWSAU490,1
LWSAU840,1
LWSAX710,1
LWSAX850,1
M1TA34T,1
MAPT3,1
MATD3T,1
MDIAG226,1
MDIAG236E,1
MDIAG238E,1
MDIAG243E,1
MDIAG246E,1
MDIAG278,1
MDIAH227,1
MDIAH235,1
MDIAH247,1
MDIAI256,1
MDIAI269,1
MDIAI270,1
MDIAJ268,1
MDIAK269,1
MDIAK283,1
MDIAR230,1
MDIAS269E,1
MDIAS271E,1
MDIAS273E,1
MDIAS278,1
MDIAS278E,1
MDIAS283E,1
MDIAS288E,1
MDIAS293,1
MDIAS293E,1
MDIAS326E,1
MDIAS345E,1
MDIAS347E,1
MDIAS350,1
MDIAS350E,1
MDIAS352E,1
MDIAS355E,1
MDIAT209,1
MDIAT225,1
MDIAT255,1
MDIAT265,1
MDIAU199,1
MDIAU248,1
MDIAW263,1
MEALG130E,1
MEALG140,1
MEALS180E,1
MELIG110E,1
MELIG112E,1
MELIH119,1
MELIH995,1
MELII112,1
MELII118,1
MELIJ111,1
MELIJ115,1
MELIJ125,1
MELIK107,1
MELIT103,1
MELIT107,1
MELIU118,1
MGEL4T,1
MGLUC120,1
MGLUC350,1
MGLUD10,1
MGLUD100,1
MGLUE150,1
MGLUF154,1
MGLUF315,1
MGLUF600,1
MGLUG110W1,1
MGLUG115W4,1
MGLUG120W2,1
MGLUG120W4,1
MGLUG146,1
MGLUG154,1
MGLUG156,1
MGLUG166,1
MGLUG22,1
MGLUG280E,1
MGLUG380E,1
MGLUG45,1
MGLUG474,1
MGLUG474E,1
MGLUG480E,1
MGLUG484E,1
MGLUG494E,1
MGLUG580E,1
MGLUG590E,1
MGLUG610E,1
MGLUG630E,1
MGLUG650E,1
MGLUG669E,1
MGLUG670E,1
MGLUG680E,1
MGLUG689E,1
MGLUG690E,1
MGLUG709E,1
MGLUG710E,1
MGLUG729E,1
MGLUG730E,1
MGLUG740W4E,1
MGLUG750E,1
MGLUG769E,1
MGLUG770E,1
MGLUG780E,1
MGLUG780W1E,1
MGLUG780W2E,1
MGLUG790E,1
MGLUG800W1E,1
MGLUG800W2,1
MGLUG800W2E,1
MGLUG810E,1
MGLUG820W1,1
MGLUG820W1E,1
MGLUG840W1,1
MGLUG840W1E,1
MGLUG860W1E,1
MGLUG880W1E,1
MGLUG900W1E,1
MGLUG910E,1
MGLUG920W1E,1
MGLUH105W1,1
MGLUH105W2,1
MGLUH110W5,1
MGLUH115W1,1
MGLUH115W2,1
MGLUH120,1
MGLUH120W1,1
MGLUH120W2,1
MGLUH125W1,1
MGLUH135W2,1
MGLUH148,1
MGLUH158,1
MGLUH163,1
MGLUH178,1
MGLUH489,1
MGLUH68W2,1
MGLUH700W5,1
MGLUH720W5,1
MGLUH820W5,1
MGLUH880W4,1
MGLUH920W2,1
MGLUH960W2,1
MGLUH960W5,1
MGLUH980W1,1
MGLUH980W4,1
MGLUH980W5,1
MGLUI125,1
MGLUI30,1
MGLUI539,1
MGLUI610,1
MGLUI840W1,1
MGLUJ136,1
MGLUJ143,1
MGLUJ15,1
MGLUJ159,1
MGLUJ314,1
MGLUJ382,1
MGLUJ600,1
MGLUJ679,1
MGLUJ859,1
MGLUJ939,1
MGLUJ959,1
MGLUJ999,1
MGLUN140,1
MGLUO11,1
MGLUO120,1
MGLUP10,1
MGLUP250,1
MGLUQ10,1
MGLUQ104,1
MGLUS100W1,1
MGLUS100W1E,1
MGLUS100W2E,1
MGLUS100W4E,1
MGLUS101E,1
MGLUS104E,1
MGLUS105W1E,1
MGLUS105W2E,1
MGLUS105W4,1
MGLUS105W4E,1
MGLUS106E,1
MGLUS109E,1
MGLUS110W1,1
MGLUS110W1E,1
MGLUS110W2E,1
MGLUS110W4E,1
MGLUS111E,1
MGLUS114E,1
MGLUS115W1,1
MGLUS115W1E,1
MGLUS115W4E,1
MGLUS116E,1
MGLUS119E,1
MGLUS120W4E,1
MGLUS121E,1
MGLUS124E,1
MGLUS125W2,1
MGLUS125W2E,1
MGLUS125W4E,1
MGLUS126E,1
MGLUS128E,1
MGLUS129E,1
MGLUS134E,1
MGLUS139E,1
MGLUS143E,1
MGLUS144E,1
MGLUS149E,1
MGLUS154E,1
MGLUS159E,1
MGLUS164E,1
MGLUS168E,1
MGLUS169E,1
MGLUS174E,1
MGLUS179E,1
MGLUS184E,1
MGLUS189E,1
MGLUS194E,1
MGLUS199E,1
MGLUS204E,1
MGLUS209E,1
MGLUS214E,1
MGLUS219E,1
MGLUS220E,1
MGLUS28E,1
MGLUS295E,1
MGLUS305,1
MGLUS305E,1
MGLUS353E,1
MGLUS380,1
MGLUS394,1
MGLUS394E,1
MGLUS404E,1
MGLUS40E,1
MGLUS45E,1
MGLUS50E,1
MGLUS55E,1
MGLUS580,1
MGLUS630,1
MGLUS650,1
MGLUS67E,1
MGLUS689,1
MGLUS760W4E,1
MGLUS780W4E,1
MGLUS789E,1
MGLUS795E,1
MGLUS800W4E,1
MGLUS809E,1
MGLUS820W2E,1
MGLUS820W4E,1
MGLUS829E,1
MGLUS830E,1
MGLUS840W2E,1
MGLUS840W4E,1
MGLUS849E,1
MGLUS850E,1
MGLUS860W2E,1
MGLUS860W4E,1
MGLUS870E,1
MGLUS880W2E,1
MGLUS880W4E,1
MGLUS890E,1
MGLUS900E,1
MGLUS900W2E,1
MGLUS900W4E,1
MGLUS910E,1
MGLUS920E,1
MGLUS920W2E,1
MGLUS920W4E,1
MGLUS930E,1
MGLUS940E,1
MGLUS940W1E,1
MGLUS940W2E,1
MGLUS940W4E,1
MGLUS950E,1
MGLUS960E,1
MGLUS960W1E,1
MGLUS960W2E,1
MGLUS960W4E,1
MGLUS969E,1
MGLUS970E,1
MGLUS980E,1
MGLUS980W1E,1
MGLUS980W2E,1
MGLUS980W4E,1
MGLUS98E,1
MGLUS990E,1
MGLUT148,1
MGLUT153,1
MGLUT16,1
MGLUT179,1
MGLUT203,1
MGLUT285,1
MGLUT424,1
MGLUT489,1
MGLUT660W5,1
MGLUT680W2,1
MGLUT760W4,1
MGLUT780W4,1
MGLUT840,1
MGLUT860W4,1
MGLUT900W2,1
MGLUT940W4,1
MGLUU113,1
MGLUU138,1
MGLUU155,1
MGLUU160,1
MGLUU168,1
MGLUU173,1
MGLUU185,1
MGLUU188,1
MGLUU199,1
MGLUU205,1
MGLUU218,1
MGLUU251,1
MGLUU253,1
MGLUU309,1
MGLUU349,1
MGLUU434,1
MGLUU464,1
MGLUU469,1
MGLUU494,1
MGLUV114,1
MGLUV116,1
MGLUV121,1
MGLUV124,1
MGLUV136,1
MGLUV382,1
MGLUV509,1
MGLUV779,1
MGLUV859,1
MGLUW399,1
MGLUW864,1
MGLUX635,1
MILS3T,1
MILSG107E,1
MILSG108E,1
MILSG12,1
MILSG828E,1
MILSG994,1
MILSG994E,1
MILSH100,1
MILSH105,1
MILSH108,1
MILSI110,1
MILSI125,1
MILSI128,1
MILSL123,1
MILSL183,1
MILSM900,1
MILSS994,1
MILST103,1
MILST105,1
MILST975,1
MILSU108,1
MILSW110,1
MILSX108,1
MLASS180E,1
MOTV3T,1
MOTVG100,1
MOTVG100E,1
MOTVG125E,1
MOTVG12E,1
MOTVG157,1
MOTVH113,1
MOTVH153,1
MOTVH984,1
MOTVI118,1
MOTVI148,1
MOTVJ148,1
MOTVS12,1
MOTVS125,1
MOTVS127E,1
MOTVS130E,1
MOTVS135E,1
MOTVS137E,1
MOTVS13E,1
MOTVS140E,1
MOTVS145,1
MOTVS145E,1
MOTVS155,1
MOTVS155E,1
MOTVT140,1
MOTVU110,1
MOTVU115,1
MOTVU125,1
MOTVV123,1
MOVIE150,1
MOVIG105,1
MOVIG438E,1
MOVIG58,1
MOVIG60E,1
MOVIG62E,1
MOVIG818,1
MOVIG838,1
MOVIG858,1
MOVIG898,1
MOVIG918,1
MOVIH560,1
MOVII600,1
MOVIJ100,1
MOVIJ400,1
MOVIL800,1
MOVIP400,1
MOVIS100,1
MOVIS118,1
MOVIS130,1
MOVIS130E,1
MOVIS560,1
MOVIS640E,1
MOVIS660E,1
MOVIS680E,1
MOVIS700E,1
MOVIS720E,1
MOVIS740E,1
MOVIS758E,1
MOVIS778E,1
MOVIS798E,1
MOVIS818,1
MOVIS858E,1
MOVIS938E,1
MOVIS958E,1
MOVIT440,1
MOVIT490,1
MOVIT53,1
MOVIT880,1
MOVIU485,1
MOVIU550,1
MOVIU560,1
MOVIU580,1
MOVIU740,1
MOVIU860,1
MOVIV490,1
MOVIV530,1
MOVIV550,1
MOVIX100,1
MOVIX70,1
MOVIX800,1
MRFG3Q,1
MRFGD16,1
MRFGD16E,1
MRFGG117,1
MRFGG117E,1
MRFGG125E,1
MRFGG127E,1
MRFGG135E,1
MRFGG145E,1
MRFGG147,1
MRFGG147E,1
MRFGG150,1
MRFGG150E,1
MRFGG152,1
MRFGG152E,1
MRFGG155,1
MRFGG155E,1
MRFGG157,1
MRFGG157E,1
MRFGG160,1
MRFGG160E,1
MRFGG162,1
MRFGG162E,1
MRFGG165,1
MRFGG165E,1
MRFGG170E,1
MRFGG175E,1
MRFGG177E,1
MRFGG180E,1
MRFGG182E,1
MRFGG185E,1
MRFGG187E,1
MRFGG190,1
MRFGG195E,1
MRFGG200E,1
MRFGG205E,1
MRFGG207E,1
MRFGG210E,1
MRFGG215E,1
MRFGG217E,1
MRFGG220E,1
MRFGG222E,1
MRFGG225E,1
MRFGG297,1
MRFGG330,1
MRFGH110,1
MRFGH157,1
MRFGH167,1
MRFGH172,1
MRFGI180,1
MRFGI185,1
MRFGI212,1
MRFGI217,1
MRFGI222,1
MRFGI227,1
MRFGI242,1
MRFGI295,1
MRFGJ100,1
MRFGJ138,1
MRFGJ243,1
MRFGJ263,1
MRFGJ288,1
MRFGK225,1
MRFGL160,1
MRFGO160,1
MRFGR160,1
MRFGS167,1
MRFGS182,1
MRFGS185,1
MRFGS227E,1
MRFGS230E,1
MRFGS235E,1
MRFGS237E,1
MRFGS240E,1
MRFGS245E,1
MRFGS247E,1
MRFGS250E,1
MRFGS255E,1
MRFGS257E,1
MRFGS260E,1
MRFGS265E,1
MRFGS267E,1
MRFGS270E,1
MRFGS287E,1
MRFGS297E,1
MRFGS307E,1
MRFGT110,1
MRFGT600,1
MRFGT632,1
MRFGU207,1
MRFGU212,1
MRFGU217,1
MRFGU255,1
MRFGU290,1
MRFGV193,1
MRFGV223,1
MRFGW160,1
MRVEB50,1
MRVEB99,1
MRVEC50,1
MRVED12,1
MRVEE500,1
MRVEE540,1
MRVEE570,1
MRVEG10,1
MRVEG11,1
MRVEG110,1
MRVEG117,1
MRVEG350E,1
MRVEG45E,1
MRVEG460E,1
MRVEG470E,1
MRVEG480E,1
MRVEG490,1
MRVEG490E,1
MRVEG495,1
MRVEG495E,1
MRVEG50E,1
MRVEG510,1
MRVEG510E,1
MRVEG520E,1
MRVEG540E,1
MRVEG550E,1
MRVEG560E,1
MRVEG570E,1
MRVEG580E,1
MRVEG590E,1
MRVEG810,1
MRVEH430,1
MRVEH450,1
MRVEH530,1
MRVEH770,1
MRVEI430,1
MRVEI50,1
MRVEI500,1
MRVEJ640,1
MRVEJ700,1
MRVEJ760,1
MRVEJ780,1
MRVEK100,1
MRVEK620,1
MRVEL120,1
MRVEL70,1
MRVEL77,1
MRVEL80,1
MRVES10E,1
MRVES117E,1
MRVES11E,1
MRVES140E,1
MRVES440,1
MRVES470,1
MRVES480,1
MRVES600E,1
MRVES610E,1
MRVES620E,1
MRVES630E,1
MRVES640E,1
MRVES650E,1
MRVES660E,1
MRVES670E,1
MRVES680E,1
MRVES690E,1
MRVES700E,1
MRVES710E,1
MRVES720E,1
MRVES730E,1
MRVES740E,1
MRVES750E,1
MRVES770E,1
MRVES810E,1
MRVES910,1
MRVES910E,1
MRVET125,1
MRVET500,1
MRVET710,1
MRVEU230,1
MRVEU750,1
MRVEU760,1
MRVEU770,1
MRVEU860,1
MRVEV140,1
MRVEV560,1
MRVEV700,1
MRVEX130,1
MRVEX77,1
MSFTC109,1
MSFTG109,1
MSFTG109E,1
MSFTI101,1
MSFTI124,1
MSPA3,1
MTREG417,1
MTREH413,1
MTREI403,1
MTRES427,1
MTRES427E,1
MTRET363,1
MTSA3F,1
MULTB209,1
MULTG225,1
MULTG225E,1
MULTG228E,1
MULTG22E,1
MULTG23,1
MULTG230E,1
MULTG235E,1
MULTG238E,1
MULTG23E,1
MULTG240,1
MULTG240E,1
MULTG245E,1
MULTG248E,1
MULTG253E,1
MULTG288,1
MULTG293,1
MULTG298,1
MULTH227,1
MULTH23,1
MULTH238,1
MULTH30,1
MULTH318,1
MULTI233,1
MULTI293,1
MULTI303,1
MULTJ256,1
MULTJ261,1
MULTS230,1
MULTS235,1
MULTS255E,1
MULTS258E,1
MULTS260E,1
MULTS263E,1
MULTS265E,1
MULTS268E,1
MULTS270E,1
MULTS273E,1
MULTS275E,1
MULTS278,1
MULTS278E,1
MULTS280,1
MULTS280E,1
MULTS283,1
MULTS283E,1
MULTS285E,1
MULTT183,1
MULTT218,1
MULTT227,1
MULTT27,1
MULTT288,1
MULTU260,1
MULTU283,1
MULTV251,1
MULTV256,1
MULTW246,1
MULTX210,1
MYPKG123E,1
MYPKG13,1
MYPKG130E,1
MYPKG133E,1
MYPKH130,1
MYPKJ153,1
MYPKJ158,1
MYPKJ163,1
MYPKS118,1
MYPKS123,1
MYPKT117,1
MYPKU113,1
MYPKU118,1
MYPKU138,1
N1SC34,1
N1WS35,1
NATUB14,1
NATUB850,1
NATUG105W1E,1
NATUG110W1,1
NATUG110W2,1
NATUG120W2,1
NATUG122,1
NATUG130,1
NATUG132,1
NATUG345E,1
NATUG445,1
NATUG445E,1
NATUG680E,1
NATUG740E,1
NATUG760,1
NATUG760E,1
NATUG780E,1
NATUG800,1
NATUG800E,1
NATUG840,1
NATUG840E,1
NATUG860E,1
NATUG880E,1
NATUG890E,1
NATUG900E,1
NATUG920E,1
NATUG930E,1
NATUG940E,1
NATUG950E,1
NATUH105W4,1
NATUH105W5,1
NATUH110W4,1
NATUH115W4,1
NATUH135,1
NATUH145,1
NATUH420,1
NATUH780,1
NATUH840W1,1
NATUI820,1
NATUJ117,1
NATUJ15,1
NATUJ19,1
NATUJ192,1
NATUJ916,1
NATUK120,1
NATUK124,1
NATUK130,1
NATUN119,1
NATUN12,1
NATUO12,1
NATUS100E,1
NATUS100W2,1
NATUS100W2E,1
NATUS102E,1
NATUS105E,1
NATUS105W2E,1
NATUS107E,1
NATUS110E,1
NATUS110W1,1
NATUS110W1E,1
NATUS110W2E,1
NATUS112E,1
NATUS115E,1
NATUS117E,1
NATUS120E,1
NATUS120W2,1
NATUS120W2E,1
NATUS122E,1
NATUS125E,1
NATUS127E,1
NATUS130E,1
NATUS132E,1
NATUS135E,1
NATUS135W1,1
NATUS140E,1
NATUS142E,1
NATUS145E,1
NATUS150E,1
NATUS152E,1
NATUS155E,1
NATUS160E,1
NATUS162E,1
NATUS180E,1
NATUS320,1
NATUS320E,1
NATUS800,1
NATUS840,1
NATUS880,1
NATUS890,1
NATUS960E,1
NATUS970E,1
NATUS980E,1
NATUS980W2E,1
NATUS990E,1
NATUT105W1,1
NATUT120W4,1
NATUT145W1,1
NATUT297,1
NATUT420,1
NATUT840W5,1
NATUT860W5,1
NATUT880W4,1
NATUT880W5,1
NATUT900W5,1
NATUU135,1
NATUU140,1
NATUU760W1,1
NATUU780W1,1
NATUU800W1,1
NATUV127,1
NATUV756,1
NATUV816,1
NATUV936,1
NATUV956,1
NATUV976,1
NEOE3Q,1
NEOEG206,1
NEOEG214,1
NEOEG214E,1
NEOEG224,1
NEOEG231,1
NEOEG231E,1
NEOEG234E,1
NEOEG249,1
NEOEG259,1
NEOEG261,1
NEOEH217,1
NEOEH227,1
NEOEH231,1
NEOEH261,1
NEOEI222,1
NEOEI232,1
NEOEI241,1
NEOEI246,1
NEOEJ254,1
NEOES229,1
NEOES231,1
NEOES244E,1
NEOES246E,1
NEOES251,1
NEOES251E,1
NEOES256,1
NEOES256E,1
NEOET256,1
NEOET261,1
NEOEU236,1
NFLXH138,1
NTCO3,1
NTCO3F,1
NTCO3T,1
NTCOF15,1
NTCOG100,1
NTCOG100W1,1
NTCOG102,1
NTCOG105,1
NTCOG107,1
NTCOG110,1
NTCOG110W1,1
NTCOG112,1
NTCOG115,1
NTCOG117,1
NTCOG120,1
NTCOG122,1
NTCOG125,1
NTCOG127,1
NTCOG130,1
NTCOG132,1
NTCOG135,1
NTCOG920,1
NTCOG960,1
NTCOG970,1
NTCOG980,1
NTCOG990,1
NTCOH100,1
NTCOH105,1
NTCOH107,1
NTCOH110,1
NTCOH115,1
NTCOH117,1
NTCOH120,1
NTCOH125,1
NTCOH130,1
NTCOH135,1
NTCOH880,1
NTCOH980,1
NTCOI120,1
NTCOI135,1
NTCOS100,1
NTCOS105,1
NTCOS105W1,1
NTCOS107,1
NTCOS110,1
NTCOS110W2,1
NTCOS115,1
NTCOS117,1
NTCOS120,1
NTCOS122,1
NTCOS125,1
NTCOS127,1
NTCOS130,1
NTCOS140,1
NTCOS152,1
NTCOS160,1
NTCOS950,1
NTCOS990,1
NTCOT100,1
NTCOT105,1
NTCOT107,1
NTCOT112,1
NTCOT115,1
NTCOT120,1
NTCOT122,1
NTCOT125,1
NTCOT130,1
NTCOT135,1
NTCOT140,1
NTCOT152,1
NTCOT160,1
NTCOT880,1
NTCOT940,1
NTCOT960,1
NTCOT980,1
NTCOU980,1
NVDCG132E,1
NVDCG145E,1
NVDCG155E,1
NVDCG170,1
NVDCH125,1
NVDCH155,1
NVDCH170E,1
NVDCH18,1
NVDCH18E,1
NVDCI145,1
NVDCI150,1
NVDCI170,1
NVDCJ175,1
NVDCJ205,1
NVDCJ227,1
NVDCK192,1
NVDCL202,1
NVDCS155,1
NVDCT155,1
NVDCT175,1
OBAL11,1
ODPVD190,1
ODPVF110,1
ODPVG110E,1
ODPVG113E,1
ODPVH110,1
ODPVJ125,1
ODPVS118E,1
ODPVU115,1
ODPVX110,1
OIBR3T,1
ONCOA20,1
ONCOG465E,1
ONCOG520E,1
ONCOH480,1
ONCOH600,1
ORVRG497,1
ORVRH390,1
ORVRJ530,1
ORVRS407,1
ORVRS435,1
ORVRV440,1
ORVRV470,1
P1DT34,1
P1NR34,1
P2CY34,1
P2TC34,1
PCAR3Q,1
PCARD700,1
PCARG135E,1
PCARG145E,1
PCARG185E,1
PCARG210E,1
PCARG220,1
PCARG220E,1
PCARG230E,1
PCARG235E,1
PCARG240,1
PCARG240E,1
PCARG245,1
PCARG245E,1
PCARG25E,1
PCARG260E,1
PCARG265,1
PCARG265E,1
PCARG270,1
PCARG270E,1
PCARG275E,1
PCARG280E,1
PCARG290E,1
PCARG295E,1
PCARG300E,1
PCARG305E,1
PCARG310E,1
PCARG320E,1
PCARG330E,1
PCARG340E,1
PCARG350E,1
PCARG360E,1
PCARG399,1
PCARG440,1
PCARG60,1
PCARH135,1
PCARH145,1
PCARH195,1
PCARH700,1
PCARI300,1
PCARJ313,1
PCARJ323,1
PCARJ408,1
PCARJ413,1
PCARJ499,1
PCARL400,1
PCARR300,1
PCARS10,1
PCARS10E,1
PCARS110,1
PCARS110E,1
PCARS11E,1
PCARS230,1
PCARS365E,1
PCARS370E,1
PCARS380E,1
PCARS390E,1
PCARS400E,1
PCARS410E,1
PCARS420E,1
PCARS430E,1
PCARS440E,1
PCARS445E,1
PCARS45E,1
PCARS500,1
PCARS500E,1
PCARS540E,1
PCARS740E,1
PCARS780E,1
PCARS800E,1
PCARS840,1
PCARS840E,1
PCARS860,1
PCARS860E,1
PCARS920,1
PCARS920E,1
PCARS940,1
PCARS940E,1
PCART100,1
PCART110,1
PCART117,1
PCART120,1
PCART415,1
PCART465,1
PCART490,1
PCART790,1
PCART920,1
PCART930,1
PCARU100,1
PCARU11,1
PCARU205,1
PCARU215,1
PCARU235,1
PDTC3T,1
PETRA20,1
PETRA233,1
PETRA305,1
PETRA321,1
PETRA338,1
PETRA346,1
PETRA361,1
PETRA368,1
PETRA401,1
PETRA413,1
PETRA416,1
PETRA457,1
PETRA46,1
PETRA479,1
PETRB129,1
PETRB146,1
PETRB360,1
PETRC126,1
PETRF400,1
PETRG100E,1
PETRG103,1
PETRG105,1
PETRG108E,1
PETRG110E,1
PETRG115E,1
PETRG120,1
PETRG120E,1
PETRG125E,1
PETRG127E,1
PETRG130E,1
PETRG135E,1
PETRG137E,1
PETRG142E,1
PETRG145,1
PETRG145E,1
PETRG147E,1
PETRG150E,1
PETRG152E,1
PETRG155E,1
PETRG157E,1
PETRG158E,1
PETRG160E,1
PETRG162E,1
PETRG165E,1
PETRG167E,1
PETRG170E,1
PETRG175,1
PETRG175E,1
PETRG177E,1
PETRG180,1
PETRG180E,1
PETRG182E,1
PETRG185E,1
PETRG187E,1
PETRG195E,1
PETRG197E,1
PETRG1E,1
PETRG200E,1
PETRG202E,1
PETRG205E,1
PETRG207E,1
PETRG20E,1
PETRG210E,1
PETRG217E,1
PETRG220E,1
PETRG222E,1
PETRG225,1
PETRG225E,1
PETRG227E,1
PETRG22E,1
PETRG230E,1
PETRG230W4,1
PETRG230W4E,1
PETRG235E,1
PETRG235W1,1
PETRG237E,1
PETRG240E,1
PETRG240W1E,1
PETRG242E,1
PETRG245E,1
PETRG247E,1
PETRG250E,1
PETRG252E,1
PETRG255E,1
PETRG255W2,1
PETRG255W2E,1
PETRG255W4,1
PETRG255W4E,1
PETRG25E,1
PETRG260E,1
PETRG260W4,1
PETRG260W4E,1
PETRG262E,1
PETRG265W1E,1
PETRG265W4E,1
PETRG268E,1
PETRG26E,1
PETRG27,1
PETRG270E,1
PETRG270W1,1
PETRG270W1E,1
PETRG270W4E,1
PETRG271E,1
PETRG274E,1
PETRG275W1E,1
PETRG275W4E,1
PETRG276E,1
PETRG280E,1
PETRG280W1E,1
PETRG280W2E,1
PETRG280W4E,1
PETRG281E,1
PETRG284E,1
PETRG285W1,1
PETRG285W1E,1
PETRG285W2E,1
PETRG285W4E,1
PETRG286E,1
PETRG290E,1
PETRG290W1E,1
PETRG290W2E,1
PETRG290W4E,1
PETRG292E,1
PETRG295E,1
PETRG295W1E,1
PETRG295W2E,1
PETRG295W4E,1
PETRG297E,1
PETRG299E,1
PETRG300E,1
PETRG300W1E,1
PETRG300W2E,1
PETRG300W4E,1
PETRG305E,1
PETRG305W1E,1
PETRG305W2E,1
PETRG305W4E,1
PETRG307E,1
PETRG30E,1
PETRG310E,1
PETRG310W1E,1
PETRG310W2E,1
PETRG310W4E,1
PETRG312E,1
PETRG315E,1
PETRG315W1E,1
PETRG315W2E,1
PETRG315W4E,1
PETRG317E,1
PETRG318E,1
PETRG320,1
PETRG320W1E,1
PETRG320W2E,1
PETRG321E,1
PETRG322E,1
PETRG325E,1
PETRG325W1E,1
PETRG325W2E,1
PETRG32E,1
PETRG330E,1
PETRG330W2E,1
PETRG333E,1
PETRG335E,1
PETRG336E,1
PETRG338E,1
PETRG33E,1
PETRG340E,1
PETRG341E,1
PETRG343E,1
PETRG345E,1
PETRG346E,1
PETRG348E,1
PETRG34E,1
PETRG353E,1
PETRG358E,1
PETRG360W1,1
PETRG370W1,1
PETRG370W4,1
PETRG380W2,1
PETRG390W2,1
PETRG407E,1
PETRG40E,1
PETRG426,1
PETRG437,1
PETRG439,1
PETRG446,1
PETRG477,1
PETRG488E,1
PETRG49,1
PETRG51,1
PETRG61,1
PETRG61E,1
PETRG65,1
PETRG65E,1
PETRG68E,1
PETRG695,1
PETRG695E,1
PETRG765E,1
PETRG778E,1
PETRG785,1
PETRG785E,1
PETRG79E,1
PETRG818E,1
PETRG825E,1
PETRG845E,1
PETRG925,1
PETRG925E,1
PETRG935E,1
PETRG955,1
PETRG965,1
PETRG965E,1
PETRG985E,1
PETRH128,1
PETRH130,1
PETRH14,1
PETRH153,1
PETRH163,1
PETRH188,1
PETRH245W2,1
PETRH247W4,1
PETRH260W1,1
PETRH260W2,1
PETRH270W2,1
PETRH275W2,1
PETRH307W4,1
PETRH315W5,1
PETRH317,1
PETRH360W5,1
PETRH365W1,1
PETRH380W2,1
PETRH385W1,1
PETRH399W4,1
PETRH428,1
PETRH43,1
PETRH430,1
PETRH435,1
PETRH445,1
PETRH448,1
PETRH453,1
PETRH455,1
PETRH460,1
PETRH463,1
PETRH553,1
PETRH688,1
PETRH82,1
PETRH978,1
PETRH980,1
PETRH988,1
PETRI118,1
PETRI125,1
PETRI150,1
PETRI153,1
PETRI180,1
PETRI193,1
PETRI222,1
PETRI282,1
PETRI305W4,1
PETRI324,1
PETRI330W1,1
PETRI335,1
PETRI335W1,1
PETRI342W4,1
PETRI350W1,1
PETRI400,1
PETRI410,1
PETRI415,1
PETRI42,1
PETRI428,1
PETRI566,1
PETRI632,1
PETRI892,1
PETRI922,1
PETRJ1,1
PETRJ208,1
PETRJ238,1
PETRJ258,1
PETRJ283,1
PETRJ296,1
PETRJ315,1
PETRJ34,1
PETRJ354,1
PETRJ377,1
PETRJ387,1
PETRJ401,1
PETRJ402,1
PETRJ410,1
PETRJ440,1
PETRK196,1
PETRK231,1
PETRK322,1
PETRK332,1
PETRK338,1
PETRK351,1
PETRK357,1
PETRK370,1
PETRL155,1
PETRL53,1
PETRL668,1
PETRL901,1
PETRL962,1
PETRM20,1
PETRM233,1
PETRM266,1
PETRM281,1
PETRM321,1
PETRM336,1
PETRM351,1
PETRM358,1
PETRM386,1
PETRM493,1
PETRM507,1
PETRM600,1
PETRN168,1
PETRN480,1
PETRN500,1
PETRO146,1
PETRP50,1
PETRS188E,1
PETRS22,1
PETRS247,1
PETRS250,1
PETRS255,1
PETRS255W4,1
PETRS260W4,1
PETRS265W4,1
PETRS268,1
PETRS300,1
PETRS300W1,1
PETRS303,1
PETRS305,1
PETRS320W4E,1
PETRS325,1
PETRS325W4E,1
PETRS327E,1
PETRS330W1E,1
PETRS330W4E,1
PETRS332E,1
PETRS335W1E,1
PETRS335W2E,1
PETRS335W4E,1
PETRS337E,1
PETRS340W1E,1
PETRS340W2E,1
PETRS340W4E,1
PETRS342E,1
PETRS344E,1
PETRS345W1E,1
PETRS345W2E,1
PETRS345W4E,1
PETRS347E,1
PETRS350E,1
PETRS350W1E,1
PETRS350W2E,1
PETRS350W4E,1
PETRS352E,1
PETRS355E,1
PETRS355W1E,1
PETRS355W2E,1
PETRS355W4E,1
PETRS357E,1
PETRS358E,1
PETRS35E,1
PETRS360E,1
PETRS360W1E,1
PETRS360W2E,1
PETRS360W4E,1
PETRS362E,1
PETRS363E,1
PETRS365E,1
PETRS365W1E,1
PETRS365W2E,1
PETRS365W4E,1
PETRS367E,1
PETRS368E,1
PETRS36E,1
PETRS370E,1
PETRS370W1E,1
PETRS370W2E,1
PETRS370W4E,1
PETRS372E,1
PETRS373E,1
PETRS375E,1
PETRS375W1E,1
PETRS375W2E,1
PETRS375W4E,1
PETRS377E,1
PETRS378E,1
PETRS37E,1
PETRS380W1E,1
PETRS380W2E,1
PETRS381E,1
PETRS383E,1
PETRS385E,1
PETRS385W1E,1
PETRS385W2E,1
PETRS387E,1
PETRS388E,1
PETRS390W1E,1
PETRS390W2E,1
PETRS392E,1
PETRS393E,1
PETRS395,1
PETRS395E,1
PETRS395W1E,1
PETRS398E,1
PETRS401E,1
PETRS403E,1
PETRS405E,1
PETRS408E,1
PETRS412E,1
PETRS413E,1
PETRS415E,1
PETRS416E,1
PETRS418E,1
PETRS419E,1
PETRS41E,1
PETRS421E,1
PETRS426E,1
PETRS429E,1
PETRS42E,1
PETRS431E,1
PETRS432E,1
PETRS433E,1
PETRS434E,1
PETRS435E,1
PETRS436,1
PETRS436E,1
PETRS437E,1
PETRS438E,1
PETRS439E,1
PETRS43E,1
PETRS441E,1
PETRS444,1
PETRS444E,1
PETRS449E,1
PETRS451E,1
PETRS454E,1
PETRS456E,1
PETRS460,1
PETRS460E,1
PETRS464E,1
PETRS469E,1
PETRS480E,1
PETRS498,1
PETRS499,1
PETRS49E,1
PETRS505,1
PETRS505E,1
PETRS51E,1
PETRS520,1
PETRS520E,1
PETRS530E,1
PETRS535E,1
PETRS570,1
PETRS570E,1
PETRS580E,1
PETRS582,1
PETRS595E,1
PETRS600,1
PETRS600E,1
PETRS620,1
PETRS620E,1
PETRS795,1
PETRT17,1
PETRT18,1
PETRT198,1
PETRT210,1
PETRT240W2,1
PETRT244W4,1
PETRT250,1
PETRT265W1,1
PETRT274W4,1
PETRT292W4,1
PETRT305W5,1
PETRT310W5,1
PETRT315W5,1
PETRT320W5,1
PETRT325W5,1
PETRT327W4,1
PETRT349W4,1
PETRT350W5,1
PETRT354W4,1
PETRT375W5,1
PETRT425,1
PETRT447,1
PETRT450,1
PETRT463,1
PETRT465,1
PETRT483,1
PETRT488,1
PETRT490,1
PETRT492,1
PETRT500,1
PETRT509,1
PETRT534,1
PETRT578,1
PETRT579,1
PETRT633,1
PETRU156,1
PETRU222,1
PETRU275,1
PETRU295,1
PETRU299,1
PETRU300W4,1
PETRU305W4,1
PETRU317W2,1
PETRU320W1,1
PETRU325W2,1
PETRU390W1,1
PETRU402,1
PETRU414,1
PETRU422,1
PETRU435,1
PETRU440,1
PETRU455,1
PETRU503,1
PETRU508,1
PETRU523,1
PETRU543,1
PETRU563,1
PETRU566,1
PETRV14,1
PETRV150,1
PETRV155,1
PETRV168,1
PETRV173,1
PETRV175,1
PETRV184,1
PETRV185,1
PETRV188,1
PETRV190,1
PETRV195,1
PETRV271,1
PETRV305,1
PETRV309,1
PETRV353,1
PETRV374,1
PETRV475,1
PETRV495,1
PETRV502,1
PETRV818,1
PETRW187,1
PETRW196,1
PETRW30,1
PETRW322,1
PETRW339,1
PETRW377,1
PETRW408,1
PETRX155,1
PETRX193,1
PETRX197,1
PETRX279,1
PETRX28,1
PETRX48,1
PETRX962,1
PETZA500,1
PETZG141E,1
PETZG151E,1
PETZG161,1
PETZG161E,1
PETZG181,1
PETZG181E,1
PETZG191E,1
PETZG201,1
PETZG201E,1
PETZG211E,1
PETZG221E,1
PETZG231E,1
PETZG241,1
PETZG241E,1
PETZG25,1
PETZG251,1
PETZG251E,1
PETZG25E,1
PETZG261,1
PETZG261E,1
PETZG276,1
PETZG276E,1
PETZG286,1
PETZG286E,1
PETZG291E,1
PETZG296E,1
PETZG300E,1
PETZG306E,1
PETZG316E,1
PETZG326,1
PETZG326E,1
PETZG331E,1
PETZG336E,1
PETZG351E,1
PETZG35E,1
PETZG361E,1
PETZG370E,1
PETZG371E,1
PETZG381E,1
PETZG420E,1
PETZG541,1
PETZG68,1
PETZG791,1
PETZG800,1
PETZH110,1
PETZH126,1
PETZH156,1
PETZH166,1
PETZH176,1
PETZH186,1
PETZH196,1
PETZH206,1
PETZH226,1
PETZH651,1
PETZH681,1
PETZH731,1
PETZI303,1
PETZI358,1
PETZI573,1
PETZI620,1
PETZJ450,1
PETZJ80,1
PETZK500,1
PETZL660,1
PETZL70,1
PETZO50,1
PETZS100E,1
PETZS105E,1
PETZS115E,1
PETZS11E,1
PETZS120,1
PETZS120E,1
PETZS125E,1
PETZS130E,1
PETZS135E,1
PETZS140,1
PETZS140E,1
PETZS145,1
PETZS145E,1
PETZS191,1
PETZS276,1
PETZS291,1
PETZS296,1
PETZS30,1
PETZS306,1
PETZS30E,1
PETZS31,1
PETZS31E,1
PETZS320,1
PETZS320E,1
PETZS326,1
PETZS330,1
PETZS330E,1
PETZS35,1
PETZS401E,1
PETZS411E,1
PETZS421E,1
PETZS431E,1
PETZS441E,1
PETZS451E,1
PETZS461E,1
PETZS481E,1
PETZS491E,1
PETZS500E,1
PETZS501E,1
PETZS521E,1
PETZS541E,1
PETZS561E,1
PETZS571E,1
PETZS581E,1
PETZS601E,1
PETZS621E,1
PETZS631E,1
PETZS641E,1
PETZS661E,1
PETZS671E,1
PETZS681E,1
PETZS68E,1
PETZS691E,1
PETZS701E,1
PETZS711E,1
PETZS721E,1
PETZS731E,1
PETZS741E,1
PETZS751E,1
PETZS761E,1
PETZS771E,1
PETZS781E,1
PETZS791E,1
PETZS800,1
PETZS801E,1
PETZS811E,1
PETZS821,1
PETZS821E,1
PETZS841E,1
PETZS851E,1
PETZS861E,1
PETZS871E,1
PETZS881E,1
PETZS891E,1
PETZS901E,1
PETZS911E,1
PETZS921E,1
PETZS931E,1
PETZS941E,1
PETZS951E,1
PETZS961E,1
PETZS971E,1
PETZS981E,1
PETZS991E,1
PETZT119,1
PETZT127,1
PETZT142,1
PETZT266,1
PETZT276,1
PETZT461,1
PETZT941,1
PETZU258,1
PETZU328,1
PETZU643,1
PETZU663,1
PETZU673,1
PETZU843,1
PETZU903,1
PETZU973,1
PETZV305,1
PETZV350,1
PETZV365,1
PETZV430,1
PETZV480,1
PETZX513,1
PETZX580,1
PETZX70,1
PETZX80,1
PETZX800,1
PLPLH100,1
PLPLT100,1
PMAM3Q,1
PMFO11,1
PNDL11,1
PNPR11,1
PNRC11,1
PNVL3T,1
PNVLG886E,1
PNVLG906E,1
PNVLG926,1
PNVLH906,1
PNVLI101,1
PNVLI876,1
PNVLI918,1
PNVLI978,1
PNVLS130,1
PNVLS132,1
PNVLS806,1
PNVLS906,1
PNVLS926E,1
PNVLT826,1
PNVLT866,1
PNVLT906,1
PNVLT926,1
PNVLT966,1
PNVLU109,1
PNVLU130,1
PNVLU876,1
PNVLU978,1
POMO3T,1
POMO4Q,1
POMOG697E,1
POMOG737E,1
POMOG757E,1
POMOG767E,1
POMOG787E,1
POMOG790E,1
POMOG800E,1
POMOG810E,1
POMOH720,1
POMOH730,1
POMOH990,1
POMOI790,1
POMOI799,1
POMOI970,1
POMOJ850,1
POMOJ950,1
POMOK80,1
POMOK820,1
POMOR800,1
POMOS102E,1
POMOS910E,1
POMOT670,1
POMOU102,1
POMOU710,1
POMOU799,1
POMOU840,1
POMOU860,1
POMOV800,1
POSIA600,1
POSIB599,1
POSIC599,1
POSIG340,1
POSIG340E,1
POSIG429,1
POSIG429E,1
POSIG43,1
POSIG430,1
POSIG430E,1
POSIG43E,1
POSIG488,1
POSIG523,1
POSIG640,1
POSIH390,1
POSIH40,1
POSII443,1
POSII453,1
POSII493,1
POSII593,1
POSIK60,1
POSIL80,1
POSIM600,1
POSIS430,1
POSIS44E,1
POSIS453E,1
POSIS458E,1
POSIS468,1
POSIS468E,1
POSIS478,1
POSIS480E,1
POSIS488E,1
POSIS490E,1
POSIS499,1
POSIS499E,1
POSIS500E,1
POSIS50E,1
POSIS520E,1
POSIS540E,1
POSIS560E,1
POSIS580E,1
POSIS600,1
POSIS600E,1
POSIS603,1
POSIS64,1
POSIT300,1
POSIT600,1
POSIT633,1
POSIU473,1
POSIU513,1
POSIU600,1
POSIV368,1
POSIV378,1
POSIV428,1
POSIV513,1
POSIV553,1
POSIV600,1
POSIW463,1
POSIX60,1
PRIOB400,1
PRIOB410,1
PRIOB450,1
PRIOB500,1
PRIOC397,1
PRIOE23,1
PRIOE410,1
PRIOF407,1
PRIOF640,1
PRIOF650,1
PRIOG260E,1
PRIOG300E,1
PRIOG302E,1
PRIOG315E,1
PRIOG320,1
PRIOG320E,1
PRIOG322E,1
PRIOG325E,1
PRIOG337E,1
PRIOG342,1
PRIOG342E,1
PRIOG345,1
PRIOG345E,1
PRIOG350E,1
PRIOG352E,1
PRIOG355E,1
PRIOG357E,1
PRIOG360E,1
PRIOG362E,1
PRIOG365E,1
PRIOG365W2,1
PRIOG365W2E,1
PRIOG367E,1
PRIOG370E,1
PRIOG370W1E,1
PRIOG370W2,1
PRIOG370W2E,1
PRIOG370W4E,1
PRIOG372E,1
PRIOG375E,1
PRIOG375W2,1
PRIOG375W2E,1
PRIOG377E,1
PRIOG380E,1
PRIOG380W1,1
PRIOG380W1E,1
PRIOG380W2E,1
PRIOG382E,1
PRIOG385E,1
PRIOG385W1,1
PRIOG385W1E,1
PRIOG385W2,1
PRIOG385W2E,1
PRIOG385W4E,1
PRIOG387E,1
PRIOG390E,1
PRIOG390W1,1
PRIOG390W1E,1
PRIOG390W2E,1
PRIOG392E,1
PRIOG395E,1
PRIOG395W1,1
PRIOG395W1E,1
PRIOG395W2E,1
PRIOG395W4E,1
PRIOG397E,1
PRIOG400E,1
PRIOG400W1E,1
PRIOG400W2E,1
PRIOG400W4E,1
PRIOG402E,1
PRIOG405E,1
PRIOG405W1E,1
PRIOG405W2E,1
PRIOG405W4E,1
PRIOG407E,1
PRIOG410W1E,1
PRIOG410W2E,1
PRIOG410W4E,1
PRIOG412E,1
PRIOG415E,1
PRIOG415W1E,1
PRIOG415W2E,1
PRIOG415W4E,1
PRIOG417E,1
PRIOG41E,1
PRIOG420E,1
PRIOG420W1E,1
PRIOG420W2E,1
PRIOG422E,1
PRIOG425E,1
PRIOG425W1E,1
PRIOG425W2E,1
PRIOG427E,1
PRIOG430E,1
PRIOG432E,1
PRIOG495,1
PRIOG510,1
PRIOG525,1
PRIOH255,1
PRIOH350,1
PRIOH367,1
PRIOH395W2,1
PRIOH405W2,1
PRIOH415W2,1
PRIOH435W4,1
PRIOH440W4,1
PRIOH440W5,1
PRIOH445W4,1
PRIOH450W4,1
PRIOH455W4,1
PRIOH475W1,1
PRIOH475W5,1
PRIOH480W1,1
PRIOH480W4,1
PRIOH485W1,1
PRIOH540,1
PRIOI340,1
PRIOI440W4,1
PRIOI507,1
PRIOI517,1
PRIOI617,1
PRIOJ400,1
PRIOJ410,1
PRIOJ415,1
PRIOJ417,1
PRIOJ425,1
PRIOJ430,1
PRIOJ442,1
PRIOJ485,1
PRIOK359,1
PRIOK411,1
PRIOK461,1
PRIOK464,1
PRIOK479,1
PRIOK489,1
PRIOK494,1
PRIOL421,1
PRIOL43,1
PRIOL443,1
PRIOL453,1
PRIOL486,1
PRIOL550,1
PRIOL609,1
PRIOL629,1
PRIOM29,1
PRIOM325,1
PRIOM422,1
PRION360,1
PRION380,1
PRION450,1
PRION480,1
PRIOO395,1
PRIOQ480,1
PRIOS280,1
PRIOS312,1
PRIOS330,1
PRIOS342,1
PRIOS345W2,1
PRIOS350,1
PRIOS350W2,1
PRIOS355W2,1
PRIOS355W4,1
PRIOS360W1,1
PRIOS375W1,1
PRIOS40,1
PRIOS420W4E,1
PRIOS425W4E,1
PRIOS430W1E,1
PRIOS430W2E,1
PRIOS430W4E,1
PRIOS435E,1
PRIOS435W1E,1
PRIOS435W2E,1
PRIOS435W4E,1
PRIOS437E,1
PRIOS440E,1
PRIOS440W1E,1
PRIOS440W2E,1
PRIOS440W4E,1
PRIOS442E,1
PRIOS445E,1
PRIOS445W1E,1
PRIOS445W2E,1
PRIOS445W4E,1
PRIOS447E,1
PRIOS450E,1
PRIOS450W1,1
PRIOS450W1E,1
PRIOS450W4E,1
PRIOS452E,1
PRIOS455E,1
PRIOS455W1E,1
PRIOS455W2E,1
PRIOS457E,1
PRIOS460E,1
PRIOS460W4,1
PRIOS460W4E,1
PRIOS462,1
PRIOS462E,1
PRIOS465E,1
PRIOS465W4E,1
PRIOS467E,1
PRIOS470E,1
PRIOS472E,1
PRIOS475E,1
PRIOS477,1
PRIOS477E,1
PRIOS480E,1
PRIOS482E,1
PRIOS485E,1
PRIOS487E,1
PRIOS490E,1
PRIOS495,1
PRIOS495E,1
PRIOS497E,1
PRIOS500E,1
PRIOS505E,1
PRIOS510,1
PRIOS510E,1
PRIOS515E,1
PRIOS520E,1
PRIOS525E,1
PRIOS545,1
PRIOS545E,1
PRIOS550,1
PRIOS555E,1
PRIOS570,1
PRIOS590E,1
PRIOS600E,1
PRIOS605,1
PRIOS605E,1
PRIOS620E,1
PRIOS630,1
PRIOS640,1
PRIOS640E,1
PRIOS675,1
PRIOS675E,1
PRIOS890E,1
PRIOT295,1
PRIOT315,1
PRIOT375W2,1
PRIOT375W4,1
PRIOT380W4,1
PRIOT380W5,1
PRIOT385W2,1
PRIOT385W4,1
PRIOT410W5,1
PRIOT450W1,1
PRIOT450W2,1
PRIOT480W1,1
PRIOT492,1
PRIOT520,1
PRIOT530,1
PRIOT535,1
PRIOT590,1
PRIOT600,1
PRIOT640,1
PRIOT650,1
PRIOT660,1
PRIOU290,1
PRIOU297,1
PRIOU300,1
PRIOU342,1
PRIOU352,1
PRIOU362,1
PRIOU395W1,1
PRIOU400W1,1
PRIOU405W1,1
PRIOU415W1,1
PRIOU420W1,1
PRIOU440W1,1
PRIOU455W1,1
PRIOU470W1,1
PRIOU485W1,1
PRIOU490,1
PRIOU495,1
PRIOU507,1
PRIOU512,1
PRIOU557,1
PRIOU562,1
PRIOU622,1
PRIOU647,1
PRIOV342,1
PRIOV347,1
PRIOV357,1
PRIOV397,1
PRIOV410,1
PRIOV412,1
PRIOV417,1
PRIOV440,1
PRIOV450,1
PRIOV555,1
PRIOV930,1
PRIOW489,1
PRIOW519,1
PRIOX416,1
PRIOX43,1
PRIOX44,1
PRIOX45,1
PRIOX450,1
PRIOX465,1
PRIOX500,1
PRIOX544,1
PRIOX55,1
PRIOX550,1
PRIOX584,1
PRIOX590,1
PRIOX599,1
PRIOX674,1
PRNR3T,1
PSSA3Q,1
PSSAB380,1
PSSAB40,1
PSSAC380,1
PSSAE400,1
PSSAE450,1
PSSAG377E,1
PSSAG400,1
PSSAG405,1
PSSAG410E,1
PSSAG415,1
PSSAG415E,1
PSSAG430E,1
PSSAG435E,1
PSSAG440E,1
PSSAG462E,1
PSSAG472,1
PSSAG482E,1
PSSAG492E,1
PSSAG497E,1
PSSAG520E,1
PSSAH380,1
PSSAH455,1
PSSAH495,1
PSSAI406,1
PSSAI416,1
PSSAI421,1
PSSAI482,1
PSSAI490,1
PSSAI500,1
PSSAI510,1
PSSAI590,1
PSSAJ411,1
PSSAJ551,1
PSSAQ400,1
PSSAQ450,1
PSSAS377,1
PSSAS530E,1
PSSAS540E,1
PSSAS550E,1
PSSAS560E,1
PSSAS570E,1
PSSAU485,1
PSSAU550,1
PTBLG490,1
PTBLT445,1
QSOL11T,1
QUALA700,1
QUALG105,1
QUALG115,1
QUALG125,1
QUALG130E,1
QUALG150,1
QUALG240,1
QUALG249,1
QUALG250,1
QUALG350E,1
QUALG750,1
QUALH13,1
QUALH149,1
QUALH16,1
QUALH225,1
QUALH230,1
QUALH249,1
QUALH280,1
QUALH300,1
QUALH320,1
QUALI125,1
QUALI149,1
QUALI150,1
QUALI190,1
QUALI220,1
QUALI230,1
QUALI249,1
QUALJ179,1
QUALJ189,1
QUALK179,1
QUALL200,1
QUALM100,1
QUALS170E,1
QUALS175E,1
QUALS180E,1
QUALS185E,1
QUALS190E,1
QUALS195E,1
QUALS200E,1
QUALS205E,1
QUALS210E,1
QUALS215E,1
QUALS220,1
QUALS220E,1
QUALS225,1
QUALS225E,1
QUALS245,1
QUALS260E,1
QUALS265E,1
QUALS270,1
QUALS270E,1
QUALS280,1
QUALS290,1
QUALS295,1
QUALS305,1
QUALS315,1
QUALS330,1
QUALS340,1
QUALS360,1
QUALS385,1
QUALS395,1
QUALS480,1
QUALS500,1
QUALS600,1
QUALS680,1
QUALS820,1
QUALS880,1
QUALS900,1
QUALS940E,1
QUALT15,1
QUALT225,1
QUALT270,1
QUALT29,1
QUALT290,1
QUALT310,1
QUALT330,1
QUALT380,1
QUALT460,1
QUALT580,1
QUALT590,1
QUALT620,1
QUALT75,1
QUALT810,1
QUALT85,1
QUALT880,1
QUALT90,1
QUALT920,1
QUALT930,1
QUALU135,1
QUALU145,1
QUALU182,1
QUALU240,1
QUALU270,1
QUALU280,1
QUALV144,1
QUALV149,1
QUALV189,1
R1FC34,1
R1HI34,1
RADL3Q,1
RADLG128E,1
RADLG135E,1
RADLG179,1
RADLH113,1
RADLH118,1
RADLH233,1
RADLH271,1
RADLJ183,1
RADLJ198,1
RADLJ210,1
RADLK210,1
RADLL21,1
RADLL230,1
RADLN330,1
RADLS108,1
RADLS139E,1
RADLS144E,1
RADLS149E,1
RADLS154E,1
RADLS159E,1
RADLS164E,1
RADLS169E,1
RADLS171,1
RADLS171E,1
RADLS174E,1
RADLS179E,1
RADLS181E,1
RADLS184E,1
RADLS190E,1
RADLS194E,1
RADLS200E,1
RADLS201E,1
RADLS204E,1
RADLS210E,1
RADLS214,1
RADLS214E,1
RADLS216E,1
RADLS219E,1
RADLS224E,1
RADLS229,1
RADLS229E,1
RADLS234E,1
RADLS239,1
RADLS239E,1
RADLS244E,1
RADLS249E,1
RADLS254E,1
RADLS259E,1
RADLS264E,1
RADLS269,1
RADLS269E,1
RADLS274E,1
RADLS279E,1
RADLS284E,1
RADLT183,1
RADLT210,1
RADLT216,1
RADLT218,1
RADLT228,1
RADLT233,1
RADLU180,1
RADLU183,1
RADLU193,1
RADLU198,1
RADLU200,1
RADLU210,1
RADLU213,1
RADLU988,1
RADLV158,1
RADLW133,1
RADLX230,1
RAILB169,1
RAILE185,1
RAILG150,1
RAILG150E,1
RAILG160,1
RAILG160E,1
RAILG172E,1
RAILG17E,1
RAILG222,1
RAILG225,1
RAILG230,1
RAILG235,1
RAILG237,1
RAILG240,1
RAILG245,1
RAILH150,1
RAILH160,1
RAILI165,1
RAILK186,1
RAILK199,1
RAILL170,1
RAILM170,1
RAILN169,1
RAILS160,1
RAILS175E,1
RAILS177E,1
RAILS180E,1
RAILS182E,1
RAILS185E,1
RAILS187E,1
RAILS190E,1
RAILS192E,1
RAILS195E,1
RAILS197E,1
RAILS200,1
RAILS200E,1
RAILS202,1
RAILS202E,1
RAILS205E,1
RAILS210E,1
RAILS215E,1
RAILS220E,1
RAILS222,1
RAILS225,1
RAILS225E,1
RAILS230,1
RAILS230E,1
RAILS235,1
RAILS235E,1
RAILS245,1
RAILT145,1
RAILT215,1
RAILT230,1
RAILT235,1
RAILT250,1
RAILU140,1
RAILU200,1
RAILU215,1
RAILU250,1
RAILV131,1
RAILV156,1
RAILV166,1
RAILV181,1
RAILW181,1
RAILX186,1
RAIZF200,1
RAIZG110E,1
RAIZG120E,1
RAIZG140E,1
RAIZG145E,1
RAIZG149E,1
RAIZG205,1
RAIZG249,1
RAIZG299,1
RAIZG850E,1
RAIZG99E,1
RAIZH110,1
RAIZH280,1
RAIZI120,1
RAIZI299,1
RAIZI320,1
RAIZJ106,1
RAIZJ116,1
RAIZJ166,1
RAIZJ216,1
RAIZK20,1
RAIZK250,1
RAIZK500,1
RAIZR300,1
RAIZS110,1
RAIZS145,1
RAIZS160E,1
RAIZS170E,1
RAIZS180E,1
RAIZS190E,1
RAIZS195E,1
RAIZS200E,1
RAIZS205E,1
RAIZS210E,1
RAIZS220E,1
RAIZS230E,1
RAIZS240E,1
RAIZS249E,1
RAIZS260E,1
RAIZS270E,1
RAIZS280,1
RAIZS280E,1
RAIZS285E,1
RAIZS290E,1
RAIZS299E,1
RAIZS310E,1
RAIZS385E,1
RAIZS485,1
RAIZS485E,1
RAIZS580,1
RAIZS580E,1
RAIZS680E,1
RAIZS780E,1
RAIZT110,1
RAIZT770,1
RAIZU240,1
RAIZU290,1
RAIZV200,1
RAIZV216,1
RAIZV296,1
RAIZV306,1
RAIZW250,1
RANIB120,1
RANIG714E,1
RANIH680,1
RANII700,1
RANII703,1
RANIN699,1
RANIS140,1
RANIS756E,1
RANIS766E,1
RANIS774,1
RANIS774E,1
RANIS780E,1
RANIS786E,1
RANIS794E,1
RANIS796E,1
RANIS814E,1
RANIT823,1
RANIU743,1
RANIV700,1
RANIW700,1
RANIX150,1
RAPTE170,1
RAPTG880,1
RAPTG890,1
RAPTG960,1
RAPTH103,1
RAPTH615,1
RAPTI955,1
RAPTN90,1
RAPTS120E,1
RAPTS800E,1
RAPTS820E,1
RAPTS840E,1
RAPTS860E,1
RAPTS880,1
RAPTS880E,1
RAPTS890E,1
RAPTS900E,1
RAPTS910E,1
RAPTS920E,1
RAPTS960E,1
RAPTT120,1
RAPTT163,1
RAPTT615,1
RAPTT655,1
RAPTT935,1
RAPTT975,1
RAPTT985,1
RAPTU108,1
RAPTU118,1
RAPTU128,1
RAPTU875,1
RAPTU900,1
RAPTU935,1
RAPTU955,1
RAPTV128,1
RAPTV148,1
RAPTV715,1
RAPTV795,1
RAPTV835,1
RCFF11,1
RDORA498,1
RDORG242,1
RDORG242E,1
RDORG262,1
RDORG282E,1
RDORG288,1
RDORG288E,1
RDORG293,1
RDORG297,1
RDORG297E,1
RDORG302E,1
RDORG303,1
RDORG312E,1
RDORG318E,1
RDORG322E,1
RDORG323,1
RDORG323E,1
RDORG326E,1
RDORG328E,1
RDORG386,1
RDORH250,1
RDORH26,1
RDORH298,1
RDORH301,1
RDORH325,1
RDORH381,1
RDORH440,1
RDORI253,1
RDORI288,1
RDORI301,1
RDORI318,1
RDORJ291,1
RDORJ326,1
RDORJ331,1
RDORJ346,1
RDORK327,1
RDORK345,1
RDORK381,1
RDORL228,1
RDORL450,1
RDORQ280,1
RDORS28,1
RDORS312,1
RDORS323,1
RDORS326,1
RDORS332E,1
RDORS333E,1
RDORS336E,1
RDORS338E,1
RDORS342E,1
RDORS343E,1
RDORS346E,1
RDORS350E,1
RDORS351E,1
RDORS355E,1
RDORS356E,1
RDORS360E,1
RDORS361,1
RDORS361E,1
RDORS365E,1
RDORS366,1
RDORS366E,1
RDORS370E,1
RDORS375E,1
RDORS376,1
RDORS376E,1
RDORS380E,1
RDORS381,1
RDORS381E,1
RDORS385E,1
RDORS386,1
RDORS386E,1
RDORS391E,1
RDORS401E,1
RDORS411E,1
RDORT225,1
RDORT258,1
RDORT260,1
RDORT341,1
RDORT346,1
RDORT390,1
RDORT490,1
RDORU240,1
RDORU270,1
RDORU283,1
RDORU288,1
RDORU358,1
RDORU368,1
RDORV321,1
RDORV341,1
RDORV351,1
RDORW237,1
RDORX278,1
RDORX280,1
RDORX293,1
RDORX318,1
RDORX343,1
RDORX358,1
RECVA16,1
RECVF140,1
RECVG130E,1
RECVG145,1
RECVG145E,1
RECVI162,1
RECVJ147,1
RECVJ172,1
RECVP160,1
RECVQ160,1
RECVS125,1
RECVS150E,1
RECVS155E,1
RECVS157E,1
RECVS160E,1
RECVS165E,1
RECVS180,1
RECVS180E,1
RECVU157,1
RECVV137,1
RECVV147,1
RENTB43,1
RENTE700,1
RENTG223,1
RENTG302E,1
RENTG310E,1
RENTG317,1
RENTG317E,1
RENTG318E,1
RENTG320,1
RENTG321,1
RENTG321E,1
RENTG323,1
RENTG328,1
RENTG328E,1
RENTG331E,1
RENTG333E,1
RENTG338E,1
RENTG340E,1
RENTG341,1
RENTG341E,1
RENTG343,1
RENTG348E,1
RENTG350E,1
RENTG351E,1
RENTG353E,1
RENTG355W4E,1
RENTG358E,1
RENTG360,1
RENTG360E,1
RENTG360W4E,1
RENTG361E,1
RENTG390W1E,1
RENTG395W1E,1
RENTG400W4,1
RENTG410W1,1
RENTG415W4,1
RENTG425W2,1
RENTG435W2,1
RENTG445W2,1
RENTG463,1
RENTG465W4,1
RENTG488,1
RENTG526,1
RENTG536,1
RENTG551,1
RENTH228,1
RENTH236,1
RENTH301,1
RENTH311,1
RENTH318,1
RENTH323,1
RENTH326,1
RENTH350W2,1
RENTH365W2,1
RENTH370W2,1
RENTH375W2,1
RENTH385W4,1
RENTH390W4,1
RENTH395W5,1
RENTH400W4,1
RENTH405W1,1
RENTH405W4,1
RENTH410W1,1
RENTH410W2,1
RENTH410W5,1
RENTH415W2,1
RENTH415W4,1
RENTH420W2,1
RENTH425W1,1
RENTH425W2,1
RENTH430W2,1
RENTH430W4,1
RENTH430W5,1
RENTH440W2,1
RENTH440W4,1
RENTH465W1,1
RENTH526,1
RENTH611,1
RENTH636,1
RENTH646,1
RENTI301,1
RENTI329,1
RENTI336,1
RENTI400W1,1
RENTI466,1
RENTI479,1
RENTI496,1
RENTI524,1
RENTI529,1
RENTI574,1
RENTJ231,1
RENTJ311,1
RENTJ358,1
RENTJ363,1
RENTJ366,1
RENTJ381,1
RENTJ396,1
RENTJ421,1
RENTJ453,1
RENTJ501,1
RENTK356,1
RENTK456,1
RENTK499,1
RENTL405,1
RENTM30,1
RENTN43,1
RENTS122E,1
RENTS312,1
RENTS328,1
RENTS330,1
RENTS333,1
RENTS341,1
RENTS343,1
RENTS360W1,1
RENTS363E,1
RENTS365W1,1
RENTS365W2,1
RENTS365W4E,1
RENTS368E,1
RENTS370E,1
RENTS370W4E,1
RENTS373E,1
RENTS375E,1
RENTS375W2E,1
RENTS375W4E,1
RENTS376E,1
RENTS378E,1
RENTS380W2E,1
RENTS380W4E,1
RENTS383E,1
RENTS385E,1
RENTS385W4E,1
RENTS388E,1
RENTS390E,1
RENTS390W2E,1
RENTS391E,1
RENTS393E,1
RENTS395W2E,1
RENTS395W4E,1
RENTS396E,1
RENTS398E,1
RENTS400W1E,1
RENTS400W2E,1
RENTS400W4E,1
RENTS401E,1
RENTS403E,1
RENTS405W1E,1
RENTS405W2E,1
RENTS406E,1
RENTS408E,1
RENTS410W1E,1
RENTS410W2E,1
RENTS410W4E,1
RENTS413E,1
RENTS415E,1
RENTS415W1E,1
RENTS415W2E,1
RENTS418E,1
RENTS420,1
RENTS420W1,1
RENTS420W1E,1
RENTS420W2E,1
RENTS420W4E,1
RENTS421E,1
RENTS423E,1
RENTS425W1E,1
RENTS426E,1
RENTS428E,1
RENTS42E,1
RENTS430W1E,1
RENTS430W2E,1
RENTS430W4E,1
RENTS431E,1
RENTS433E,1
RENTS435W1E,1
RENTS435W4E,1
RENTS436E,1
RENTS438E,1
RENTS440W1,1
RENTS440W1E,1
RENTS440W2E,1
RENTS441E,1
RENTS443E,1
RENTS445W1,1
RENTS445W1E,1
RENTS445W2E,1
RENTS445W4E,1
RENTS446E,1
RENTS448E,1
RENTS450W1E,1
RENTS451E,1
RENTS453E,1
RENTS455W1E,1
RENTS456E,1
RENTS458E,1
RENTS460W1E,1
RENTS461,1
RENTS461E,1
RENTS463,1
RENTS463E,1
RENTS468E,1
RENTS470E,1
RENTS471,1
RENTS471E,1
RENTS473E,1
RENTS476E,1
RENTS478E,1
RENTS483,1
RENTS483E,1
RENTS485,1
RENTS485E,1
RENTS486E,1
RENTS488,1
RENTS488E,1
RENTS491E,1
RENTS493E,1
RENTS498E,1
RENTS520,1
RENTS520E,1
RENTS521,1
RENTS526,1
RENTS526E,1
RENTS531,1
RENTS531E,1
RENTS536,1
RENTS536E,1
RENTS541E,1
RENTS556,1
RENTS556E,1
RENTS576E,1
RENTS591,1
RENTS596E,1
RENTS601,1
RENTS601E,1
RENTS606E,1
RENTS616,1
RENTS616E,1
RENTS641E,1
RENTS651,1
RENTS651E,1
RENTS805,1
RENTT223,1
RENTT226,1
RENTT271,1
RENTT273,1
RENTT283,1
RENTT286,1
RENTT380W2,1
RENTT446,1
RENTT471,1
RENTT476,1
RENTT478,1
RENTT486,1
RENTT493,1
RENTT499,1
RENTT511,1
RENTT536,1
RENTT541,1
RENTT546,1
RENTT576,1
RENTT586,1
RENTT591,1
RENTT596,1
RENTT611,1
RENTT626,1
RENTT651,1
RENTT701,1
RENTT876,1
RENTU247,1
RENTU257,1
RENTU276,1
RENTU280,1
RENTU286,1
RENTU435,1
RENTU449,1
RENTU451,1
RENTV254,1
RENTV269,1
RENTV281,1
RENTV289,1
RENTV300,1
RENTV301,1
RENTV323,1
RENTV336,1
RENTV356,1
RENTV458,1
RENTV481,1
RENTV498,1
RENTV541,1
RENTV621,1
RENTV636,1
RENTV676,1
RENTW356,1
RENTW381,1
RENTW616,1
ROMIG900,1
ROMII825,1
ROMII865,1
ROMII880,1
ROMIJ850,1
ROMIJ890,1
ROMIJ900,1
ROMIK900,1
ROMIS865E,1
ROMIS895E,1
ROMIS900E,1
ROMIS905E,1
ROMIS915E,1
ROMIS925E,1
ROMIS945E,1
ROMIS985,1
ROMIS985E,1
ROMIT965,1
ROMIT985,1
ROMIU945,1
ROMIU965,1
ROXO34T,1
ROXOB100,1
ROXOG110E,1
ROXOG125,1
ROXOG130,1
ROXOH130,1
ROXOI950,1
ROXOT115,1
ROXOU115,1
RPAD5,1
RSSL39,1
RTEL16,1
RZDL11,1
RZEO11,1
S1SL34,1
S2GI34,1
S2LA34,1
S2YN34,1
SANB4T,1
SANBD25,1
SANBG230E,1
SANBG238,1
SANBG238E,1
SANBG248E,1
SANBG249E,1
SANBG258E,1
SANBG259E,1
SANBG268E,1
SANBG339,1
SANBH236,1
SANBH250,1
SANBH336,1
SANBH341,1
SANBH366,1
SANBI221,1
SANBI251,1
SANBI316,1
SANBI326,1
SANBI331,1
SANBJ221,1
SANBJ276,1
SANBJ291,1
SANBJ316,1
SANBL262,1
SANBL293,1
SANBL337,1
SANBP25,1
SANBS269E,1
SANBS278E,1
SANBS279E,1
SANBS288E,1
SANBS289E,1
SANBS298E,1
SANBS299E,1
SANBS308E,1
SANBS309E,1
SANBS318,1
SANBS318E,1
SANBS319E,1
SANBS328,1
SANBS328E,1
SANBS329E,1
SANBS334,1
SANBS334E,1
SANBT341,1
SANBU221,1
SANBU236,1
SANBU306,1
SANBU316,1
SANBV236,1
SANBV256,1
SANBV261,1
SANBW261,1
SANBX337,1
SAPR11Q,1
SAPRG245,1
SAPRG245E,1
SAPRG278,1
SAPRG278E,1
SAPRG293E,1
SAPRG298E,1
SAPRG303,1
SAPRG303E,1
SAPRG308E,1
SAPRG315E,1
SAPRG320E,1
SAPRG325E,1
SAPRG32E,1
SAPRG330E,1
SAPRG335E,1
SAPRG340E,1
SAPRG345E,1
SAPRG350E,1
SAPRG365E,1
SAPRG36E,1
SAPRG37E,1
SAPRH20,1
SAPRI279,1
SAPRI290,1
SAPRI305,1
SAPRI315,1
SAPRI36,1
SAPRI393,1
SAPRJ308,1
SAPRJ371,1
SAPRK405,1
SAPRL240,1
SAPRP340,1
SAPRS273,1
SAPRS303,1
SAPRS310,1
SAPRS315,1
SAPRS330,1
SAPRS370E,1
SAPRS375E,1
SAPRS380E,1
SAPRS385E,1
SAPRS38E,1
SAPRS390E,1
SAPRT313,1
SAPRT323,1
SAPRT325,1
SAPRT328,1
SAPRT375,1
SAPRT393,1
SAPRU250,1
SAPRU260,1
SAPRU280,1
SAPRU325,1
SAPRU345,1
SAPRU350,1
SAPRU36,1
SAPRW320,1
SAPRX201,1
SAPRX303,1
SBFGG115E,1
SBFGG117E,1
SBFGG120E,1
SBFGG139,1
SBFGH107,1
SBFGH117,1
SBFGH147,1
SBFGI114,1
SBFGI119,1
SBFGI122,1
SBFGI129,1
SBFGL110,1
SBFGS125E,1
SBFGS127E,1
SBFGS130,1
SBFGS130E,1
SBFGS135,1
SBFGS410E,1
SBFGT110,1
SBFGT130,1
SBFGT137,1
SBFGT142,1
SBFGT958,1
SBFGU109,1
SBFGU995,1
SBFGV424,1
SBSPC107,1
SBSPC935,1
SBSPF125,1
SBSPF410,1
SBSPG100,1
SBSPG100E,1
SBSPG102,1
SBSPG102E,1
SBSPG104,1
SBSPG104E,1
SBSPG106E,1
SBSPG107E,1
SBSPG108E,1
SBSPG110E,1
SBSPG112E,1
SBSPG114E,1
SBSPG190,1
SBSPG801,1
SBSPG801E,1
SBSPG885,1
SBSPG885E,1
SBSPG910,1
SBSPG910E,1
SBSPG930,1
SBSPG940,1
SBSPG940E,1
SBSPG950E,1
SBSPG975,1
SBSPG975E,1
SBSPG980,1
SBSPG995E,1
SBSPH104,1
SBSPH106,1
SBSPH135,1
SBSPH137,1
SBSPH140,1
SBSPH145,1
SBSPH146,1
SBSPH971,1
SBSPI101,1
SBSPI103,1
SBSPI104,1
SBSPI127,1
SBSPI128,1
SBSPI129,1
SBSPI139,1
SBSPJ101,1
SBSPJ124,1
SBSPJ142,1
SBSPN93,1
SBSPP980,1
SBSPS111E,1
SBSPS113E,1
SBSPS114E,1
SBSPS115E,1
SBSPS116E,1
SBSPS118E,1
SBSPS119E,1
SBSPS120E,1
SBSPS121E,1
SBSPS122E,1
SBSPS123E,1
SBSPS124E,1
SBSPS125E,1
SBSPS126E,1
SBSPS128E,1
SBSPS130,1
SBSPS130E,1
SBSPS134E,1
SBSPS935,1
SBSPS950,1
SBSPT130,1
SBSPT916,1
SBSPU119,1
SBSPU125,1
SBSPU129,1
SBSPV100,1
SBSPV101,1
SBSPV125,1
SBSPV130,1
SBSPV138,1
SBSPV871,1
SBSPV971,1
SBSPV981,1
SBSPV991,1
SEERG120,1
SEERG515,1
SEERG575,1
SEERG600,1
SEERG695,1
SEERG695E,1
SEERG775,1
SEERH520,1
SEERH580,1
SEERH640,1
SEERH650,1
SEERH700,1
SEERH780,1
SEERH870,1
SEERH880,1
SEERH910,1
SEERH950,1
SEERH970,1
SEERH990,1
SEERI650,1
SEERI865,1
SEERS100E,1
SEERS110,1
SEERS875E,1
SEERS905,1
SEERS905E,1
SEERT640,1
SEERT780,1
SEERU600,1
SEERU650,1
SEERU705,1
SEERU795,1
SEERV50,1
SEQLS199E,1
SIMHA30,1
SIMHB550,1
SIMHE520,1
SIMHE710,1
SIMHF520,1
SIMHF530,1
SIMHG330,1
SIMHG373,1
SIMHG408,1
SIMHH398,1
SIMHH403,1
SIMHH423,1
SIMHH428,1
SIMHH49,1
SIMHH553,1
SIMHH653,1
SIMHH663,1
SIMHH703,1
SIMHH733,1
SIMHH753,1
SIMHH783,1
SIMHI393,1
SIMHI463,1
SIMHI473,1
SIMHI498,1
SIMHJ593,1
SIMHK30,1
SIMHL50,1
SIMHL65,1
SIMHQ55,1
SIMHR510,1
SIMHS100,1
SIMHS100E,1
SIMHS105,1
SIMHS105E,1
SIMHS110E,1
SIMHS433E,1
SIMHS448E,1
SIMHS470E,1
SIMHS485E,1
SIMHS495E,1
SIMHS513,1
SIMHS513E,1
SIMHS51E,1
SIMHS53E,1
SIMHS55E,1
SIMHS570E,1
SIMHS573,1
SIMHS573E,1
SIMHS590,1
SIMHS590E,1
SIMHS600E,1
SIMHS610E,1
SIMHS630E,1
SIMHS650E,1
SIMHS843E,1
SIMHS853,1
SIMHS853E,1
SIMHS863,1
SIMHS863E,1
SIMHS883,1
SIMHS883E,1
SIMHS903E,1
SIMHS923,1
SIMHS923E,1
SIMHS943,1
SIMHS943E,1
SIMHS963E,1
SIMHS983E,1
SIMHT112,1
SIMHT125,1
SIMHT127,1
SIMHT149,1
SIMHT303,1
SIMHT353,1
SIMHT388,1
SIMHT408,1
SIMHT52,1
SIMHT533,1
SIMHT573,1
SIMHT603,1
SIMHT643,1
SIMHT653,1
SIMHT673,1
SIMHT713,1
SIMHT723,1
SIMHT733,1
SIMHT743,1
SIMHT753,1
SIMHT783,1
SIMHT803,1
SIMHT823,1
SIMHT853,1
SIMHT863,1
SIMHT973,1
SIMHU348,1
SIMHU393,1
SIMHU443,1
SIMHU453,1
SIMHU473,1
SIMHU483,1
SIMHV643,1
SIMHX31,1
SLCEA18,1
SLCEG180E,1
SLCEG182E,1
SLCEG185E,1
SLCEG210,1
SLCEG215,1
SLCEG222,1
SLCEH209,1
SLCEH219,1
SLCEH220,1
SLCEI180,1
SLCEI204,1
SLCEJ253,1
SLCEK194,1
SLCEL180,1
SLCES180,1
SLCES190E,1
SLCES192E,1
SLCES195E,1
SLCES197,1
SLCES197E,1
SLCES200E,1
SLCES205,1
SLCES205E,1
SLCES370,1
SLCET170,1
SLCET202,1
SLCET370,1
SLCEU189,1
SLCEU191,1
SLCEU194,1
SLCEV168,1
SLCEV172,1
SLCEV180,1
SLCEW180,1
SLXB39,1
SMALA117,1
SMALA123,1
SMALC145,1
SMALF143,1
SMALF88,1
SMALG100E,1
SMALG100W1E,1
SMALG100W2E,1
SMALG100W4E,1
SMALG101E,1
SMALG101W4E,1
SMALG102E,1
SMALG102W1,1
SMALG102W4E,1
SMALG104W1E,1
SMALG104W2E,1
SMALG106W1E,1
SMALG108W1E,1
SMALG118W2,1
SMALG118W4,1
SMALG123,1
SMALG124,1
SMALG126,1
SMALG146,1
SMALG860,1
SMALG870,1
SMALG870E,1
SMALG880,1
SMALG880E,1
SMALG890E,1
SMALG895E,1
SMALG900E,1
SMALG905E,1
SMALG910E,1
SMALG915E,1
SMALG920E,1
SMALG925,1
SMALG930E,1
SMALG935E,1
SMALG940,1
SMALG950E,1
SMALG950W1,1
SMALG950W1E,1
SMALG950W2E,1
SMALG950W4E,1
SMALG960E,1
SMALG960W4,1
SMALG965,1
SMALG970E,1
SMALG975,1
SMALG980E,1
SMALG980W1,1
SMALG980W1E,1
SMALG985,1
SMALG985E,1
SMALG990E,1
SMALG995E,1
SMALH100W4,1
SMALH102W4,1
SMALH106W5,1
SMALH108W4,1
SMALH108W5,1
SMALH110W2,1
SMALH112W5,1
SMALH124W5,1
SMALH132,1
SMALH870,1
SMALH880,1
SMALH950W2,1
SMALI106W1,1
SMALI890,1
SMALI900,1
SMALI960,1
SMALI960W1,1
SMALI970W1,1
SMALI980W1,1
SMALJ112,1
SMALJ114,1
SMALJ116,1
SMALJ118,1
SMALL107,1
SMALL108,1
SMALL109,1
SMALL113,1
SMALL125,1
SMALL900,1
SMALL970,1
SMALN88,1
SMALO108,1
SMALP880,1
SMALR88,1
SMALS100W1,1
SMALS100W2,1
SMALS103E,1
SMALS103W4E,1
SMALS104E,1
SMALS104W4E,1
SMALS105E,1
SMALS105W4E,1
SMALS106E,1
SMALS106W2E,1
SMALS106W4E,1
SMALS107E,1
SMALS108E,1
SMALS108W2E,1
SMALS108W4E,1
SMALS109E,1
SMALS110E,1
SMALS110W1E,1
SMALS110W2E,1
SMALS110W4E,1
SMALS111E,1
SMALS112E,1
SMALS112W2,1
SMALS112W2E,1
SMALS114E,1
SMALS115E,1
SMALS116E,1
SMALS124,1
SMALS124E,1
SMALS840,1
SMALS860,1
SMALS88,1
SMALS900,1
SMALS905,1
SMALS925,1
SMALS975,1
SMALT106W5,1
SMALT110,1
SMALT113,1
SMALT950W2,1
SMALU101W1,1
SMALU103W1,1
SMALU103W4,1
SMALU122,1
SMALV114,1
SMALV920,1
SMALV930,1
SMALV940,1
SMALW860,1
SMALW910,1
SMALW930,1
SMALW990,1
SMALX105,1
SMALX117,1
SMALX880,1
SMALX960,1
SMFT3T,1
SMFTF330,1
SMFTG206,1
SMFTG218,1
SMFTG218E,1
SMFTG229,1
SMFTG241,1
SMFTG264,1
SMFTG269,1
SMFTH202,1
SMFTH268,1
SMFTI214,1
SMFTI229,1
SMFTM190,1
SMFTS209,1
SMFTS216,1
SMFTS224E,1
SMFTS231,1
SMFTS231E,1
SMFTS234E,1
SMFTS239E,1
SMFTS241E,1
SMFTS244E,1
SMFTS249E,1
SMFTT187,1
SMFTT197,1
SMFTT202,1
SMFTT206,1
SMFTT224,1
SMFTU159,1
SMFTU169,1
SMFTU184,1
SMFTU189,1
SMFTU204,1
SMTOA230,1
SMTOC220,1
SMTOG150,1
SMTOG150E,1
SMTOG165E,1
SMTOG170E,1
SMTOG175E,1
SMTOG195,1
SMTOG222,1
SMTOG225,1
SMTOG235,1
SMTOI22,1
SMTOJ200,1
SMTOS180E,1
SMTOS185E,1
SMTOS190E,1
SMTOS195E,1
SMTOS200E,1
SMTOS205E,1
SMTOS210E,1
SMTOS215,1
SMTOS215E,1
SMTOS219E,1
SMTOS225E,1
SMTOS230E,1
SMTOS235,1
SMTOS235E,1
SMTOS237,1
SMTOS237E,1
SMTOS245,1
SMTOS245E,1
SMTOS251,1
SMTOS254E,1
SMTOS264,1
SMTOS264E,1
SMTOS269,1
SMTOS269E,1
SMTOS284,1
SMTOS284E,1
SMTOS290,1
SMTOS290E,1
SMTOS291,1
SMTOS355,1
SMTOS355E,1
SMTOT142,1
SMTOT202,1
SMTOT219,1
SMTOT225,1
SMTOT230,1
SMTOT237,1
SMTOT245,1
SMTOT251,1
SMTOT259,1
SMTOU135,1
SMTOU22,1
SMTOU225,1
SMTOU280,1
SMTOV140,1
SMTOV170,1
SMTOV175,1
SMTOV185,1
SMTOV190,1
SMTOV355,1
SMTOW180,1
SOJAA100,1
SOJAG130,1
SOJAH110,1
SOJAM100,1
SOJAS105E,1
SOJAS110E,1
SOJAT100,1
SOJAT115,1
STBPG137E,1
STOC34T,1
SUZBA515,1
SUZBD630,1
SUZBF520,1
SUZBG352E,1
SUZBG405E,1
SUZBG415,1
SUZBG427E,1
SUZBG452E,1
SUZBG455,1
SUZBG455E,1
SUZBG467E,1
SUZBG470,1
SUZBG470E,1
SUZBG475,1
SUZBG475E,1
SUZBG482E,1
SUZBG487E,1
SUZBG49,1
SUZBG490E,1
SUZBG490W2E,1
SUZBG492E,1
SUZBG495E,1
SUZBG495W2E,1
SUZBG495W4E,1
SUZBG497E,1
SUZBG500W1E,1
SUZBG500W4E,1
SUZBG502E,1
SUZBG510W1E,1
SUZBG510W4E,1
SUZBG520W4E,1
SUZBG550W1,1
SUZBG622,1
SUZBG660,1
SUZBG670,1
SUZBH400,1
SUZBH417,1
SUZBH460,1
SUZBH462,1
SUZBH467,1
SUZBH472,1
SUZBH475,1
SUZBH495W2,1
SUZBH530W4,1
SUZBH550W5,1
SUZBH560W4,1
SUZBH570W1,1
SUZBH570W2,1
SUZBH570W4,1
SUZBH580W5,1
SUZBH620,1
SUZBH625,1
SUZBH665,1
SUZBI452,1
SUZBI465,1
SUZBI480,1
SUZBI487,1
SUZBI495,1
SUZBI540W4,1
SUZBI607,1
SUZBI667,1
SUZBJ510,1
SUZBJ515,1
SUZBJ535,1
SUZBJ540,1
SUZBJ550,1
SUZBJ590,1
SUZBJ630,1
SUZBK535,1
SUZBK545,1
SUZBK558,1
SUZBL542,1
SUZBL622,1
SUZBL630,1
SUZBO55,1
SUZBS39,1
SUZBS462,1
SUZBS475W4,1
SUZBS485W1,1
SUZBS500W2E,1
SUZBS507E,1
SUZBS510,1
SUZBS510W2E,1
SUZBS512E,1
SUZBS517E,1
SUZBS520W1E,1
SUZBS520W2E,1
SUZBS527E,1
SUZBS530W1E,1
SUZBS530W2E,1
SUZBS532E,1
SUZBS537E,1
SUZBS540W1E,1
SUZBS540W2E,1
SUZBS540W4E,1
SUZBS542E,1
SUZBS547E,1
SUZBS54E,1
SUZBS550W1,1
SUZBS550W1E,1
SUZBS550W2E,1
SUZBS552E,1
SUZBS557E,1
SUZBS560W1,1
SUZBS562E,1
SUZBS567E,1
SUZBS570W2,1
SUZBS572E,1
SUZBS577E,1
SUZBS582E,1
SUZBS587E,1
SUZBS592E,1
SUZBS597E,1
SUZBS600W1,1
SUZBS602E,1
SUZBS607,1
SUZBS607E,1
SUZBS612E,1
SUZBS617E,1
SUZBS622E,1
SUZBS627E,1
SUZBS637,1
SUZBS642,1
SUZBS647,1
SUZBS647E,1
SUZBS652E,1
SUZBS657,1
SUZBS657E,1
SUZBS677,1
SUZBS677E,1
SUZBS777,1
SUZBS842E,1
SUZBS997E,1
SUZBT395,1
SUZBT432,1
SUZBT437,1
SUZBT455W5,1
SUZBT465W4,1
SUZBT470W2,1
SUZBT470W4,1
SUZBT470W5,1
SUZBT485W2,1
SUZBT490W2,1
SUZBT530W5,1
SUZBT560W1,1
SUZBT560W5,1
SUZBT610W1,1
SUZBT615,1
SUZBT660,1
SUZBT715,1
SUZBT780,1
SUZBU422,1
SUZBU435,1
SUZBU442,1
SUZBU447,1
SUZBU465W1,1
SUZBU550W1,1
SUZBU587,1
SUZBU590W1,1
SUZBU592,1
SUZBU607,1
SUZBU612,1
SUZBU622,1
SUZBU657,1
SUZBV435,1
SUZBV450,1
SUZBV457,1
SUZBV465,1
SUZBV482,1
SUZBV530,1
SUZBV550,1
SUZBW490,1
SUZBW510,1
SUZBW515,1
SUZBX562,1
T2RM34,1
TAEEA320,1
TAEEE32,1
TAEEG275,1
TAEEG275E,1
TAEEG290E,1
TAEEG319E,1
TAEEG325,1
TAEEG330E,1
TAEEG335E,1
TAEEG340E,1
TAEEG345E,1
TAEEG350E,1
TAEEG405,1
TAEEH277,1
TAEEH320,1
TAEEH352,1
TAEEH360,1
TAEEI281,1
TAEEI321,1
TAEEI330,1
TAEEI401,1
TAEEJ281,1
TAEEJ326,1
TAEEJ361,1
TAEEJ386,1
TAEEJ391,1
TAEEJ396,1
TAEEJ401,1
TAEEL33,1
TAEEL350,1
TAEEL355,1
TAEEM320,1
TAEEN320,1
TAEES355E,1
TAEES359E,1
TAEES360E,1
TAEES365E,1
TAEES370E,1
TAEES375E,1
TAEES380E,1
TAEES385E,1
TAEES390E,1
TAEES395E,1
TAEES400E,1
TAEES410E,1
TAEET296,1
TAEET297,1
TAEET387,1
TAEET396,1
TAEET397,1
TAEET407,1
TAEEU351,1
TAEEV321,1
TAEEX380,1
TAEEX382,1
TASAG800,1
TASAH691,1
TASAH891,1
TASAI679,1
TASAJ549,1
TASAS800E,1
TASAU519,1
TASAU689,1
TASAV800,1
TCSAG140,1
TCSAG160E,1
TCSAG170,1
TCSAH170,1
TCSAH180,1
TELB3T,1
TELM11,1
TENDB12,1
TENDG150,1
TENDG160,1
TENDG170,1
TENDG175,1
TENDG190E,1
TENDG200,1
TENDG205,1
TENDG205E,1
TENDG220E,1
TENDG230,1
TENDH153,1
TENDH188,1
TENDH203,1
TENDH208,1
TENDH233,1
TENDH238,1
TENDH263,1
TENDH283,1
TENDI175,1
TENDI230,1
TENDS200,1
TENDS230E,1
TENDT208,1
TENDT218,1
TENDT248,1
TENDT253,1
TGAR11T,1
TIMSG154E,1
TIMSG169E,1
TIMSG174E,1
TIMSG179,1
TIMSG179E,1
TIMSG189E,1
TIMSG190E,1
TIMSG194E,1
TIMSG199E,1
TIMSG200,1
TIMSG200E,1
TIMSG204E,1
TIMSG209E,1
TIMSH158,1
TIMSH164,1
TIMSH174,1
TIMSH189,1
TIMSI173,1
TIMSI183,1
TIMSI204,1
TIMSI223,1
TIMSI254,1
TIMSJ213,1
TIMSJ220,1
TIMSL218,1
TIMSS184,1
TIMSS190,1
TIMSS194,1
TIMSS199,1
TIMSS210E,1
TIMSS214E,1
TIMSS219E,1
TIMSS224E,1
TIMSS229E,1
TIMSS22E,1
TIMST164,1
TIMST225,1
TIMSU204,1
TIMSU213,1
TIMSV178,1
TIMSX178,1
TIMSX188,1
TIMSX213,1
TKNO3T,1
TKNO4T,1
TOKY3Q,1
TOKYI100,1
TOTSE440,1
TOTSG310,1
TOTSG310E,1
TOTSG320,1
TOTSG320E,1
TOTSG332E,1
TOTSG360E,1
TOTSG363E,1
TOTSG366E,1
TOTSG370,1
TOTSG370E,1
TOTSG373,1
TOTSG373E,1
TOTSG383E,1
TOTSG390,1
TOTSG390E,1
TOTSG393E,1
TOTSG400E,1
TOTSG403,1
TOTSG403E,1
TOTSG410E,1
TOTSG413E,1
TOTSH322,1
TOTSH346,1
TOTSH367,1
TOTSH386,1
TOTSH400,1
TOTSH445,1
TOTSH450,1
TOTSH496,1
TOTSI312,1
TOTSI331,1
TOTSI351,1
TOTSI378,1
TOTSI408,1
TOTSI413,1
TOTSI418,1
TOTSI445,1
TOTSI450,1
TOTSI476,1
TOTSI486,1
TOTSJ422,1
TOTSJ432,1
TOTSS373,1
TOTSS380,1
TOTSS390,1
TOTSS418E,1
TOTSS423E,1
TOTSS426E,1
TOTSS430E,1
TOTSS433E,1
TOTSS440E,1
TOTSS443,1
TOTSS443E,1
TOTST336,1
TOTSU381,1
TOTSU383,1
TOTSU411,1
TOTSU418,1
TOTSU421,1
TOTSU428,1
TOTSU441,1
TOTSV432,1
TOTSX396,1
TRIS3T,1
TRISB800,1
TRISG600,1
TRISG620,1
TRISG660,1
TRISG670,1
TRISG760,1
TRISG870,1
TRISH740,1
TRISH750,1
TRISH780,1
TRISI700,1
TRISI740,1
TRISM500,1
TRISS660E,1
TRISS670,1
TRISS680E,1
TRISS700E,1
TRISS720,1
TRISS720E,1
TRISS740E,1
TRISS760E,1
TRISS780,1
TRISS780E,1
TRIST580,1
TRIST780,1
TRISU540,1
TRISU560,1
TRISU660,1
TRISU720,1
TRXF11T,1
TSLAG565,1
TSLAH590,1
TSLAH710,1
TSLAI650,1
TSLAU500,1
TTENG139,1
TTENG150,1
TTENG153,1
TTENG155,1
TTENG160,1
TTENH150,1
TTENH173,1
TTENI130,1
TTENI139,1
TTENI158,1
TTENJ12E,1
TTENK168,1
TTENL130,1
TTENL170,1
TTENS135E,1
TTENS139E,1
TTENS140,1
TTENS140E,1
TTENS145E,1
TTENS150,1
TTENS150E,1
TTENT120,1
TTENT125,1
TTENT133,1
TTENT145,1
TTENU128,1
TTENU148,1
TTENW140,1
TUPYA220,1
TUPYG210,1
TUPYH205,1
TUPYH212,1
TUPYI180,1
TUPYI185,1
TUPYI200,1
TUPYL240,1
TUPYS160,1
TUPYS170E,1
TUPYS175E,1
TUPYS180E,1
TUPYS185E,1
TUPYS195E,1
TUPYS205,1
TUPYS205E,1
TUPYS207E,1
TUPYS210,1
TUPYS220,1
TUPYT140,1
TUPYT195,1
TUPYU185,1
TUPYU210,1
TUPYV140,1
TUPYV150,1
TUPYV170,1
U1DR34,1
U1NM34,1
U2NF34,1
UGPAG140,1
UGPAG150,1
UGPAG150E,1
UGPAG160,1
UGPAG160E,1
UGPAG195,1
UGPAG200,1
UGPAH139,1
UGPAH149,1
UGPAH219,1
UGPAI215,1
UGPAI220,1
UGPAJ168,1
UGPAJ185,1
UGPAJ215,1
UGPAN16,1
UGPAS159E,1
UGPAS16,1
UGPAS165E,1
UGPAS170E,1
UGPAS175E,1
UGPAS180E,1
UGPAS185E,1
UGPAS195E,1
UGPAS200E,1
UGPAS210E,1
UGPAS215,1
UGPAS215E,1
UGPAS235E,1
UGPAS250,1
UGPAS260E,1
UGPAT199,1
UGPAT264,1
UGPAT305,1
UGPAU190,1
UGPAU220,1
UGPAU230,1
UGPAV145,1
UGPAV160,1
UGPAV165,1
UNIPG542,1
UNIPH532,1
UNIPH662,1
UNIPH672,1
UNIPI525,1
UNIPI565,1
UNIPI605,1
UNIPI645,1
UNIPJ562,1
UNIPJ572,1
UNIPS542,1
UNIPS572,1
UNIPS572E,1
UNIPS582E,1
UNIPS592,1
UNIPS592E,1
UNIPS602,1
UNIPS602E,1
UNIPT522,1
UNIPU480,1
UNIPU500,1
UNIPU555,1
USIMA462,1
USIMD700,1
USIME109,1
USIMG305,1
USIMG305E,1
USIMG350,1
USIMG350E,1
USIMG365,1
USIMG365E,1
USIMG370,1
USIMG370E,1
USIMG375E,1
USIMG380E,1
USIMG385E,1
USIMG390E,1
USIMG390W1,1
USIMG390W1E,1
USIMG390W4E,1
USIMG400W1E,1
USIMG400W2E,1
USIMG400W4E,1
USIMG410W1E,1
USIMG410W2E,1
USIMG410W4E,1
USIMG420W1E,1
USIMG420W2E,1
USIMG430W1E,1
USIMG440W1E,1
USIMG460W1,1
USIMG470W1,1
USIMG500W2,1
USIMG500W4,1
USIMG620,1
USIMG700W1,1
USIMG700W2,1
USIMG760,1
USIMH305,1
USIMH380W5,1
USIMH390W2,1
USIMH430W5,1
USIMH440W4,1
USIMH440W5,1
USIMH450W4,1
USIMH450W5,1
USIMH460W4,1
USIMH480W4,1
USIMH480W5,1
USIMH490W5,1
USIMH500W5,1
USIMH520W4,1
USIMH680W1,1
USIMH700,1
USIMI115,1
USIMI277,1
USIMI312,1
USIMI317,1
USIMI327,1
USIMI337,1
USIMI357,1
USIMI377,1
USIMI387,1
USIMI450W1,1
USIMI552,1
USIMI702,1
USIMI712,1
USIMI732,1
USIMI742,1
USIMI852,1
USIMJ37,1
USIMJ397,1
USIMJ417,1
USIMJ422,1
USIMJ432,1
USIMJ437,1
USIMJ447,1
USIMJ472,1
USIMJ482,1
USIMJ487,1
USIMJ502,1
USIMK1,1
USIML120,1
USIML799,1
USIML90,1
USIMM70,1
USIMN443,1
USIMN701,1
USIMP110,1
USIMS107E,1
USIMS110E,1
USIMS117E,1
USIMS130E,1
USIMS185,1
USIMS205E,1
USIMS395E,1
USIMS400E,1
USIMS405E,1
USIMS410E,1
USIMS415E,1
USIMS420E,1
USIMS425E,1
USIMS430E,1
USIMS430W2E,1
USIMS430W4E,1
USIMS435E,1
USIMS440E,1
USIMS440W2E,1
USIMS440W4E,1
USIMS445E,1
USIMS450E,1
USIMS450W1E,1
USIMS450W2E,1
USIMS450W4E,1
USIMS455E,1
USIMS460E,1
USIMS460W1,1
USIMS460W1E,1
USIMS460W2E,1
USIMS460W4,1
USIMS460W4E,1
USIMS465E,1
USIMS470E,1
USIMS470W1E,1
USIMS470W2E,1
USIMS470W4,1
USIMS470W4E,1
USIMS475E,1
USIMS480E,1
USIMS480W1,1
USIMS480W2,1
USIMS480W2E,1
USIMS480W4,1
USIMS480W4E,1
USIMS485E,1
USIMS490E,1
USIMS490W1E,1
USIMS490W2E,1
USIMS495E,1
USIMS500E,1
USIMS500W1E,1
USIMS510E,1
USIMS520E,1
USIMS530E,1
USIMS540E,1
USIMS540W1,1
USIMS540W1E,1
USIMS550E,1
USIMS560E,1
USIMS570E,1
USIMS580E,1
USIMS590E,1
USIMS60,1
USIMS600E,1
USIMS600W1,1
USIMS600W4E,1
USIMS610E,1
USIMS620E,1
USIMS630E,1
USIMS640E,1
USIMS650E,1
USIMS660E,1
USIMS670,1
USIMS670E,1
USIMS680E,1
USIMS690E,1
USIMS700E,1
USIMS710E,1
USIMS720E,1
USIMS740E,1
USIMS760E,1
USIMS780E,1
USIMS80,1
USIMS800E,1
USIMS820E,1
USIMS840,1
USIMS840E,1
USIMS85,1
USIMS85E,1
USIMS860,1
USIMS860E,1
USIMS880E,1
USIMS900E,1
USIMS920E,1
USIMS940E,1
USIMS950E,1
USIMS960E,1
USIMS970,1
USIMS970E,1
USIMS980,1
USIMS980E,1
USIMT10,1
USIMT340W5,1
USIMT350W4,1
USIMT370W5,1
USIMT380W5,1
USIMT390W5,1
USIMT410W4,1
USIMT410W5,1
USIMT440W4,1
USIMT460W1,1
USIMT460W4,1
USIMT480W1,1
USIMT500W1,1
USIMT690,1
USIMT770,1
USIMT840,1
USIMT90,1
USIMT980,1
USIMT990,1
USIMU125,1
USIMU130,1
USIMU135,1
USIMU277,1
USIMU287,1
USIMU302,1
USIMU322,1
USIMU327,1
USIMU337,1
USIMU340W1,1
USIMU352,1
USIMU360W1,1
USIMU370W1,1
USIMU390W1,1
USIMU702,1
USIMU722,1
USIMU752,1
USIMU812,1
USIMU822,1
USIMU882,1
USIMV10,1
USIMV352,1
USIMV362,1
USIMV372,1
USIMV412,1
USIMV422,1
USIMV447,1
USIMV452,1
USIMV562,1
USIMX120,1
USIMX539,1
V1RT34,1
V1ST34,1
VALEA567,1
VALEA607,1
VALEA612,1
VALEA622,1
VALEA632,1
VALEB470,1
VALEB603,1
VALEC350,1
VALEC450,1
VALEE530,1
VALEF251,1
VALEF497,1
VALEF836,1
VALEG11,1
VALEG12,1
VALEG301E,1
VALEG304,1
VALEG304E,1
VALEG344,1
VALEG344E,1
VALEG384,1
VALEG384E,1
VALEG389,1
VALEG389E,1
VALEG396,1
VALEG396E,1
VALEG401E,1
VALEG404E,1
VALEG409E,1
VALEG414,1
VALEG414E,1
VALEG416,1
VALEG416E,1
VALEG419E,1
VALEG426E,1
VALEG429,1
VALEG429E,1
VALEG434,1
VALEG434E,1
VALEG436E,1
VALEG439E,1
VALEG441E,1
VALEG444,1
VALEG444E,1
VALEG445E,1
VALEG446E,1
VALEG449E,1
VALEG451E,1
VALEG454E,1
VALEG455W4,1
VALEG455W4E,1
VALEG456E,1
VALEG457W2E,1
VALEG459E,1
VALEG460W1,1
VALEG460W1E,1
VALEG460W4E,1
VALEG462W2,1
VALEG462W2E,1
VALEG464E,1
VALEG465W1E,1
VALEG469E,1
VALEG470W1E,1
VALEG472W2,1
VALEG472W2E,1
VALEG474E,1
VALEG475W1E,1
VALEG476E,1
VALEG477W2,1
VALEG477W2E,1
VALEG480W1E,1
VALEG480W4E,1
VALEG481E,1
VALEG482W2E,1
VALEG484E,1
VALEG485W1E,1
VALEG485W4E,1
VALEG486E,1
VALEG487E,1
VALEG487W2E,1
VALEG490W1E,1
VALEG490W4E,1
VALEG491E,1
VALEG492E,1
VALEG492W2E,1
VALEG494E,1
VALEG495W1E,1
VALEG496E,1
VALEG497E,1
VALEG497W2E,1
VALEG500W1E,1
VALEG500W4E,1
VALEG504E,1
VALEG505E,1
VALEG505W2E,1
VALEG510W1E,1
VALEG510W2E,1
VALEG510W4E,1
VALEG514E,1
VALEG515E,1
VALEG515W2E,1
VALEG520W1E,1
VALEG520W4E,1
VALEG524E,1
VALEG525E,1
VALEG525W2E,1
VALEG530W1E,1
VALEG530W4E,1
VALEG534E,1
VALEG535E,1
VALEG535W2E,1
VALEG540W1E,1
VALEG540W4E,1
VALEG544E,1
VALEG545E,1
VALEG545W2E,1
VALEG54W4E,1
VALEG550W1E,1
VALEG555E,1
VALEG555W2E,1
VALEG560W2E,1
VALEG565E,1
VALEG590W1,1
VALEG600W1,1
VALEG630W4,1
VALEG650W4,1
VALEG680,1
VALEG710,1
VALEG714,1
VALEG724,1
VALEG929,1
VALEH109,1
VALEH388,1
VALEH439,1
VALEH455W2,1
VALEH456,1
VALEH459,1
VALEH480W2,1
VALEH490W1,1
VALEH490W2,1
VALEH495W2,1
VALEH520W4,1
VALEH530W5,1
VALEH540W5,1
VALEH541E,1
VALEH630W4,1
VALEH630W5,1
VALEH640W4,1
VALEH640W5,1
VALEH670W5,1
VALEH680W5,1
VALEH730,1
VALEH735,1
VALEH740,1
VALEH785,1
VALEH986,1
VALEI300,1
VALEI373,1
VALEI435,1
VALEI436,1
VALEI451,1
VALEI530,1
VALEI550W2,1
VALEI550W4,1
VALEI560W1,1
VALEI560W2,1
VALEI560W4,1
VALEI570W2,1
VALEI580W1,1
VALEI590W4,1
VALEI600W2,1
VALEI605W2,1
VALEI630W4,1
VALEI640W4,1
VALEI713,1
VALEI738,1
VALEI743,1
VALEI753,1
VALEI978,1
VALEI998,1
VALEJ108,1
VALEJ470,1
VALEJ480,1
VALEJ524,1
VALEJ53,1
VALEJ548,1
VALEJ568,1
VALEJ575W1,1
VALEJ580W1,1
VALEJ674,1
VALEJ684,1
VALEJ740,1
VALEJ807,1
VALEK439,1
VALEK449,1
VALEK496,1
VALEK506,1
VALEK531,1
VALEK536,1
VALEK561,1
VALEK591,1
VALEL459,1
VALEL72,1
VALEL76,1
VALEL799,1
VALEL819,1
VALEL834,1
VALEL859,1
VALEM572,1
VALEM637,1
VALEM641,1
VALEM780,1
VALEO726,1
VALEP699,1
VALER25,1
VALER780,1
VALES100E,1
VALES11,1
VALES113,1
VALES113E,1
VALES11E,1
VALES188,1
VALES188E,1
VALES198,1
VALES198E,1
VALES231,1
VALES290E,1
VALES300E,1
VALES304,1
VALES366,1
VALES379,1
VALES401,1
VALES409,1
VALES460W1,1
VALES470W1,1
VALES554E,1
VALES560W1E,1
VALES560W4E,1
VALES564E,1
VALES565W2E,1
VALES570W1E,1
VALES570W4E,1
VALES575E,1
VALES575W2E,1
VALES580W1E,1
VALES580W4E,1
VALES584E,1
VALES585E,1
VALES585W2E,1
VALES590W1E,1
VALES590W4E,1
VALES595E,1
VALES595W2E,1
VALES59E,1
VALES600W1,1
VALES600W1E,1
VALES600W4E,1
VALES605E,1
VALES605W2E,1
VALES610W1,1
VALES610W1E,1
VALES610W2E,1
VALES610W4E,1
VALES614E,1
VALES615E,1
VALES615W2E,1
VALES61E,1
VALES620W1E,1
VALES620W4E,1
VALES624E,1
VALES625E,1
VALES625W2E,1
VALES62E,1
VALES630W1E,1
VALES630W4E,1
VALES635E,1
VALES635W2E,1
VALES640W1E,1
VALES644E,1
VALES645E,1
VALES645W2E,1
VALES649E,1
VALES650W1E,1
VALES650W4E,1
VALES655E,1
VALES655W2E,1
VALES659E,1
VALES65E,1
VALES660W4E,1
VALES664E,1
VALES665E,1
VALES665W2E,1
VALES669E,1
VALES674E,1
VALES679E,1
VALES680E,1
VALES684E,1
VALES694E,1
VALES699E,1
VALES704E,1
VALES709E,1
VALES710E,1
VALES714E,1
VALES719E,1
VALES724E,1
VALES729E,1
VALES734E,1
VALES739E,1
VALES749E,1
VALES759E,1
VALES764E,1
VALES765E,1
VALES769E,1
VALES774E,1
VALES775E,1
VALES779E,1
VALES784,1
VALES784E,1
VALES789,1
VALES789E,1
VALES794E,1
VALES799E,1
VALES804E,1
VALES814E,1
VALES821E,1
VALES824E,1
VALES829E,1
VALES830E,1
VALES834E,1
VALES839E,1
VALES844E,1
VALES849,1
VALES849E,1
VALES854E,1
VALES859E,1
VALES864E,1
VALES879E,1
VALES894,1
VALES894E,1
VALES904E,1
VALES909E,1
VALES949,1
VALES949E,1
VALES954,1
VALES954E,1
VALES974E,1
VALES984E,1
VALES989,1
VALES989E,1
VALET1,1
VALET104,1
VALET109,1
VALET111,1
VALET127,1
VALET273,1
VALET280,1
VALET290,1
VALET30,1
VALET323,1
VALET333,1
VALET368,1
VALET373,1
VALET375,1
VALET388,1
VALET39,1
VALET395,1
VALET434,1
VALET460W2,1
VALET465W2,1
VALET470,1
VALET470W4,1
VALET470W5,1
VALET475W4,1
VALET475W5,1
VALET480W4,1
VALET485W4,1
VALET490,1
VALET510,1
VALET530W5,1
VALET560W4,1
VALET560W5,1
VALET590W4,1
VALET620W4,1
VALET630W2,1
VALET630W4,1
VALET640W2,1
VALET644,1
VALET650W2,1
VALET699,1
VALET735,1
VALET760,1
VALET795,1
VALET799,1
VALET815,1
VALET855,1
VALET860,1
VALET885,1
VALET910,1
VALET950,1
VALET970,1
VALET986,1
VALET990,1
VALEU348,1
VALEU361,1
VALEU371,1
VALEU376,1
VALEU378,1
VALEU381,1
VALEU416,1
VALEU550W1,1
VALEU550W4,1
VALEU678,1
VALEU683,1
VALEU703,1
VALEU713,1
VALEU753,1
VALEU763,1
VALEU768,1
VALEU773,1
VALEU828,1
VALEU833,1
VALEU838,1
VALEU908,1
VALEU918,1
VALEV284,1
VALEV415,1
VALEV440,1
VALEV450,1
VALEV461,1
VALEV470,1
VALEV53,1
VALEV548,1
VALEV604,1
VALEV660,1
VALEV670,1
VALEV740,1
VALEV760,1
VALEV812,1
VALEV816,1
VALEV886,1
VALEV902,1
VALEW531,1
VALEW536,1
VALEW561,1
VALEW571,1
VALEW616,1
VALEW696,1
VALEW741,1
VALEW826,1
VALEX220,1
VALEX424,1
VALEX604,1
VALEX639,1
VALEX70,1
VALEX72,1
VALEX724,1
VALEX799,1
VALEX849,1
VAMOA500,1
VAMOB150,1
VAMOG120,1
VAMOG330,1
VAMOG330E,1
VAMOG370E,1
VAMOG380E,1
VAMOG50,1
VAMOH320,1
VAMOH340,1
VAMOH350,1
VAMOH560,1
VAMOH580,1
VAMOJ320,1
VAMOJ395,1
VAMOJ420,1
VAMOJ430,1
VAMOJ440,1
VAMOJ500,1
VAMOL50,1
VAMOM120,1
VAMOM500,1
VAMOQ8,1
VAMOS390E,1
VAMOS400E,1
VAMOS410E,1
VAMOS420E,1
VAMOS430E,1
VAMOS440E,1
VAMOS450E,1
VAMOS460E,1
VAMOS470E,1
VAMOS480E,1
VAMOS490E,1
VAMOS495E,1
VAMOS500E,1
VAMOS510,1
VAMOS560E,1
VAMOS580,1
VAMOS600,1
VAMOT340,1
VAMOT580,1
VAMOU470,1
VAMOV320,1
VAMOV340,1
VAMOV355,1
VAMOV395,1
VAMOV420,1
VAMOV500,1
VBBRA250,1
VBBRB199,1
VBBRG150,1
VBBRG150E,1
VBBRG160,1
VBBRG162,1
VBBRG162E,1
VBBRG170E,1
VBBRG177E,1
VBBRG179,1
VBBRG179E,1
VBBRG182E,1
VBBRG187E,1
VBBRG18E,1
VBBRG190E,1
VBBRG192E,1
VBBRG197E,1
VBBRG19E,1
VBBRG200E,1
VBBRG202E,1
VBBRG244,1
VBBRG246,1
VBBRH153,1
VBBRH158,1
VBBRI190,1
VBBRI193,1
VBBRI195,1
VBBRI205,1
VBBRJ187,1
VBBRJ214,1
VBBRJ224,1
VBBRJ257,1
VBBRL215,1
VBBRL216,1
VBBRL220,1
VBBRL236,1
VBBRM200,1
VBBRM215,1
VBBRR180,1
VBBRS18,1
VBBRS180,1
VBBRS192,1
VBBRS212E,1
VBBRS215E,1
VBBRS217E,1
VBBRS220E,1
VBBRS222E,1
VBBRS225E,1
VBBRS227E,1
VBBRS232E,1
VBBRS235E,1
VBBRS237E,1
VBBRS23E,1
VBBRS240E,1
VBBRS244,1
VBBRS244E,1
VBBRS247E,1
VBBRS250E,1
VBBRS255E,1
VBBRS265E,1
VBBRS282E,1
VBBRT153,1
VBBRT25,1
VBBRU223,1
VBBRU225,1
VBBRU248,1
VBBRU25,1
VBBRU278,1
VBBRV167,1
VBBRV182,1
VBBRV192,1
VBBRX216,1
VGII11,1
VIVA3Q,1
VIVAB20,1
VIVAG166,1
VIVAG203,1
VIVAG206,1
VIVAG206E,1
VIVAG214,1
VIVAG214E,1
VIVAG218E,1
VIVAG223,1
VIVAG223E,1
VIVAG228E,1
VIVAG231E,1
VIVAG233,1
VIVAG236E,1
VIVAG238E,1
VIVAG241E,1
VIVAG243E,1
VIVAG246E,1
VIVAG248E,1
VIVAG251,1
VIVAG251E,1
VIVAG253,1
VIVAG253E,1
VIVAG256E,1
VIVAG258E,1
VIVAG261E,1
VIVAH1,1
VIVAH171,1
VIVAH211,1
VIVAH214,1
VIVAH217,1
VIVAH237,1
VIVAH317,1
VIVAI197,1
VIVAI238,1
VIVAI243,1
VIVAI255,1
VIVAI275,1
VIVAJ313,1
VIVAM195,1
VIVAN140,1
VIVAN20,1
VIVAP235,1
VIVAP255,1
VIVAS211,1
VIVAS236,1
VIVAS263E,1
VIVAS265E,1
VIVAS266E,1
VIVAS268E,1
VIVAS271E,1
VIVAS276E,1
VIVAS280,1
VIVAS281E,1
VIVAS286,1
VIVAS289,1
VIVAS289E,1
VIVAT218,1
VIVAT262,1
VIVAT281,1
VIVAU177,1
VIVAU182,1
VIVAU210,1
VIVAU253,1
VIVAV163,1
VIVAV218,1
VIVAV228,1
VIVAV243,1
VIVAV258,1
VIVT3Q,1
VIVTG259,1
VIVTG274E,1
VIVTG279E,1
VIVTG284E,1
VIVTG289E,1
VIVTG294E,1
VIVTG299E,1
VIVTG304E,1
VIVTG309E,1
VIVTG480,1
VIVTG480E,1
VIVTG495,1
VIVTG526,1
VIVTG526E,1
VIVTG535,1
VIVTG535E,1
VIVTG545E,1
VIVTG555E,1
VIVTG565E,1
VIVTG575E,1
VIVTH252,1
VIVTH262,1
VIVTH267,1
VIVTH272,1
VIVTH500,1
VIVTI276,1
VIVTI282,1
VIVTI286,1
VIVTJ269,1
VIVTJ311,1
VIVTJ341,1
VIVTK305,1
VIVTS314E,1
VIVTS320E,1
VIVTS324E,1
VIVTS330,1
VIVTS330E,1
VIVTS334E,1
VIVTS344,1
VIVTS344E,1
VIVTS565,1
VIVTS575,1
VIVTT262,1
VIVTT342,1
VIVTU272,1
VIVTU322,1
VIVTV296,1
VIVTV527,1
VIVTW290,1
VIVTX271,1
VIVTX276,1
VIVTX304,1
VIVTX306,1
VIVTX311,1
VIVTX314,1
VLIDG200,1
VLIDG238,1
VLIDG251,1
VLIDG296,1
VLIDG301,1
VLIDH220,1
VLIDH237,1
VLIDH255,1
VLIDI241,1
VLIDI256,1
VLIDI261,1
VLIDL230,1
VLIDS21,1
VLIDS226,1
VLIDS231E,1
VLIDS241E,1
VLIDS246E,1
VLIDS251E,1
VLIDS256E,1
VLIDT192,1
VLIDT200,1
VLIDT21,1
VLIDT215,1
VLIDU230,1
VLIDU241,1
VLYB34,1
VULCB169,1
VULCG168,1
VULCG168E,1
VULCG17,1
VULCG170,1
VULCG171,1
VULCG178,1
VULCG181E,1
VULCG186E,1
VULCG191,1
VULCG191E,1
VULCG196,1
VULCG221,1
VULCH176,1
VULCH221,1
VULCI169,1
VULCI180,1
VULCK170,1
VULCS196E,1
VULCS206,1
VULCT151,1
VULCT216,1
VULCU170,1
VULCV184,1
VVEOG120,1
VVEOH150,1
VVEOS100,1
VVEOS800,1
VVEOU100,1
W2EX34,1
WABC34,1
WEGEB58,1
WEGEE460,1
WEGEE580,1
WEGEF49,1
WEGEF521,1
WEGEG303,1
WEGEG310,1
WEGEG310E,1
WEGEG323,1
WEGEG323E,1
WEGEG324E,1
WEGEG328,1
WEGEG343,1
WEGEG343E,1
WEGEG350,1
WEGEG353E,1
WEGEG358,1
WEGEG358E,1
WEGEG359,1
WEGEG368E,1
WEGEG373E,1
WEGEG375E,1
WEGEG378,1
WEGEG378E,1
WEGEG37E,1
WEGEG380E,1
WEGEG383E,1
WEGEG385E,1
WEGEG388E,1
WEGEG390E,1
WEGEG390W1E,1
WEGEG393E,1
WEGEG395E,1
WEGEG395W1,1
WEGEG395W1E,1
WEGEG395W2E,1
WEGEG398E,1
WEGEG400E,1
WEGEG400W1E,1
WEGEG403E,1
WEGEG405E,1
WEGEG405W1E,1
WEGEG408E,1
WEGEG410E,1
WEGEG410W1,1
WEGEG410W1E,1
WEGEG413E,1
WEGEG415E,1
WEGEG415W1E,1
WEGEG418E,1
WEGEG420E,1
WEGEG420W1E,1
WEGEG423E,1
WEGEG425W1E,1
WEGEG430W1E,1
WEGEG449,1
WEGEG460W1,1
WEGEG465W2,1
WEGEG493,1
WEGEG515,1
WEGEG546,1
WEGEG855,1
WEGEH303,1
WEGEH305,1
WEGEH330,1
WEGEH333,1
WEGEH340,1
WEGEH345,1
WEGEH355W2,1
WEGEH355W5,1
WEGEH380W5,1
WEGEH395W4,1
WEGEH415W2,1
WEGEH420W2,1
WEGEH430W4,1
WEGEH435W2,1
WEGEH435W4,1
WEGEH465W2,1
WEGEH470W4,1
WEGEH475W2,1
WEGEH480W2,1
WEGEH480W4,1
WEGEH516,1
WEGEH530,1
WEGEH531,1
WEGEH546,1
WEGEH580,1
WEGEH609,1
WEGEI328,1
WEGEI338,1
WEGEI341,1
WEGEI527,1
WEGEI542,1
WEGEI587,1
WEGEJ344,1
WEGEJ367,1
WEGEJ372,1
WEGEJ377,1
WEGEJ382,1
WEGEJ417,1
WEGEJ432,1
WEGEJ462,1
WEGEJ499,1
WEGEJ610,1
WEGEK500,1
WEGEL329,1
WEGEL354,1
WEGER458,1
WEGES350,1
WEGES360,1
WEGES363,1
WEGES365,1
WEGES375W4,1
WEGES375W4E,1
WEGES380W4E,1
WEGES385W4E,1
WEGES390W4E,1
WEGES395W4E,1
WEGES400W1,1
WEGES400W2E,1
WEGES400W4E,1
WEGES404,1
WEGES405W1,1
WEGES405W2E,1
WEGES405W4E,1
WEGES410W2E,1
WEGES410W4E,1
WEGES415W2E,1
WEGES415W4E,1
WEGES420W2E,1
WEGES420W4E,1
WEGES424,1
WEGES425E,1
WEGES425W2E,1
WEGES425W4E,1
WEGES428E,1
WEGES430W2E,1
WEGES430W4E,1
WEGES431E,1
WEGES433E,1
WEGES435W1E,1
WEGES435W2E,1
WEGES435W4E,1
WEGES436E,1
WEGES438E,1
WEGES440W1E,1
WEGES440W2E,1
WEGES440W4E,1
WEGES443E,1
WEGES445W1E,1
WEGES445W2E,1
WEGES446E,1
WEGES448E,1
WEGES44E,1
WEGES450W1,1
WEGES450W1E,1
WEGES450W2,1
WEGES450W2E,1
WEGES450W4E,1
WEGES451E,1
WEGES453E,1
WEGES455W2E,1
WEGES456E,1
WEGES458E,1
WEGES460W1,1
WEGES461E,1
WEGES463E,1
WEGES465W1,1
WEGES465W4,1
WEGES465W4E,1
WEGES466E,1
WEGES468E,1
WEGES470W4E,1
WEGES471E,1
WEGES473E,1
WEGES475W4E,1
WEGES476E,1
WEGES478E,1
WEGES483E,1
WEGES484E,1
WEGES485W1,1
WEGES486E,1
WEGES488E,1
WEGES490W2,1
WEGES491E,1
WEGES493E,1
WEGES496E,1
WEGES498E,1
WEGES501E,1
WEGES506E,1
WEGES510E,1
WEGES515E,1
WEGES51E,1
WEGES520E,1
WEGES525,1
WEGES525E,1
WEGES530E,1
WEGES535E,1
WEGES540,1
WEGES540E,1
WEGES545E,1
WEGES546E,1
WEGES550,1
WEGES555E,1
WEGES570,1
WEGES570E,1
WEGES575E,1
WEGES58,1
WEGES585,1
WEGES58E,1
WEGES595E,1
WEGES605E,1
WEGES715,1
WEGET273,1
WEGET285,1
WEGET325,1
WEGET375W5,1
WEGET390W5,1
WEGET400W4,1
WEGET405W2,1
WEGET405W4,1
WEGET440W2,1
WEGET460W1,1
WEGET465W1,1
WEGET521,1
WEGET561,1
WEGET571,1
WEGET591,1
WEGEU243,1
WEGEU251,1
WEGEU258,1
WEGEU266,1
WEGEU281,1
WEGEU286,1
WEGEU291,1
WEGEU293,1
WEGEU468,1
WEGEU473,1
WEGEU479,1
WEGEU502,1
WEGEU522,1
WEGEU532,1
WEGEU537,1
WEGEU552,1
WEGEU672,1
WEGEV319,1
WEGEV337,1
WEGEV367,1
WEGEV372,1
WEGEV377,1
WEGEV387,1
WEGEV402,1
WEGEV424,1
WEGEV427,1
WEGEV435,1
WEGEW562,1
WEGEX329,1
WHRL4T,1
WIZC3T,1
WIZCA600,1
WIZCD120,1
WIZCG600E,1
WIZCG615E,1
WIZCG635E,1
WIZCG665,1
WIZCG675E,1
WIZCG695E,1
WIZCG750E,1
WIZCH613,1
WIZCH693,1
WIZCH873,1
WIZCI725,1
WIZCS60,1
WIZCS695,1
WIZCS775E,1
WIZCU600,1
WIZCU715,1
WIZCV715,1
WLMM3,1
X1EL34,1
XINA11T,1
XPBRH114,1
XPBRH116,1
XPBRH950,1
XPBRI101,1
XPBRJ105,1
XPBRO109,1
XPBRS101E,1
XPBRS105E,1
XPBRT100,1
XPBRT960,1
XPBRT970,1
XPBRU100,1
XRPH11T,1
YDUQC860,1
YDUQG100,1
YDUQG100E,1
YDUQG110E,1
YDUQG120E,1
YDUQG125E,1
YDUQG130E,1
YDUQG135,1
YDUQG135E,1
YDUQG200,1
YDUQG620E,1
YDUQG820,1
YDUQG820E,1
YDUQH104,1
YDUQH106,1
YDUQH224,1
YDUQH923,1
YDUQJ165,1
YDUQJ170,1
YDUQJ180,1
YDUQK155,1
YDUQK165,1
YDUQL900,1
YDUQM90,1
YDUQN899,1
YDUQR860,1
YDUQS130,1
YDUQS140E,1
YDUQS141E,1
YDUQS145E,1
YDUQS150E,1
YDUQS155E,1
YDUQS156E,1
YDUQS160E,1
YDUQS161E,1
YDUQS165E,1
YDUQS166E,1
YDUQS170E,1
YDUQS171E,1
YDUQS175E,1
YDUQS180E,1
YDUQS185E,1
YDUQS190E,1
YDUQS195,1
YDUQS200,1
YDUQS200E,1
YDUQT184,1
YDUQT204,1
YDUQT234,1
YDUQT90,1
YDUQU170,1
YDUQU195,1
YDUQV120,1
YDUQV135,1
YDUQW105,1
YDUQW125,1
YDUQW135,1
YDUQW90,1
YDUQX996,1
YEES11,1
Z1IO34,1
ZAMPC300,1
ZAMPG300,1
ZAMPG310E,1
ZAMPG330,1
ZAMPG330E,1
ZAMPI360,1
ZAMPS310,1
ZAMPS340,1
ZAMPS350,1
ZAMPT370,1
ZAMPU300,1
ZAMPU320,1
ZAMPU350,1
ZAMPW30,1
